offer_id,exact_name,exact_format_variant,category,current_price_authority,public_price_allowed,availability,care,research_order,assisted_order,unavailable,account_required,clinician_review_required,current_cta,target_cta,fulfillment_authority,documentation_coa_status,source_of_truth,unresolved_issue
canonical:mov_017febfdb0edf96366f4,Epithalon,EPITHALON 20 mg,Research Peptides & Materials / Lyophilized Vial,current_master_retail candidate $159.38 (pending_approval); live Product Control member price not inspected by this lane,PENDING D-05 - candidate retail is pending_approval; until approved show 'Price confirmed in your quote',Assisted order (human-reviewed request; no direct purchase),NO,YES (via assisted request),YES,NO,No (passwordless request + reference); Sign In optional to see history,NO,Early Access / assisted request: 'Request an order' at /research/early-access/order-request (entry is confusing; see CUX-03),Request Order,Supplier NOT verified (vendor RFQ: zero responses); human release after payment verification,Not verified (no vendor COA/lot responses),docs/production-completion/catalog/catalog-reconciliation.json (GEN-GRP-0283),public copy draft; price pending_approval; supplier/COA/landed cost not verified
canonical:mov_02ca369a8834ebeb0b3b,Tirzepatide,TIRZEPATIDE 20 mg,Research Peptides & Materials / Lyophilized Vial,current_master_retail candidate $371.70 (pending_approval); live Product Control member price not inspected by this lane,PENDING D-05 - candidate retail is pending_approval; until approved show 'Price confirmed in your quote',Assisted order (human-reviewed request; no direct purchase),NO,YES (via assisted request),YES,NO,No (passwordless request + reference); Sign In optional to see history,NO,Early Access / assisted request: 'Request an order' at /research/early-access/order-request (entry is confusing; see CUX-03),Request Order,Supplier NOT verified (vendor RFQ: zero responses); human release after payment verification,Not verified (no vendor COA/lot responses),docs/production-completion/catalog/catalog-reconciliation.json (GEN-GRP-0356),public copy draft; price pending_approval; supplier/COA/landed cost not verified
canonical:mov_04f750af7277d98b7ad9,ARA-290,ARA-290 10 mg,Research Peptides & Materials / Lyophilized Vial,current_master_retail candidate $195.00 (pending_approval); live Product Control member price not inspected by this lane,PENDING D-05 - candidate retail is pending_approval; until approved show 'Price confirmed in your quote',Assisted order (human-reviewed request; no direct purchase),NO,YES (via assisted request),YES,NO,No (passwordless request + reference); Sign In optional to see history,NO,Early Access / assisted request: 'Request an order' at /research/early-access/order-request (entry is confusing; see CUX-03),Request Order,Supplier NOT verified (vendor RFQ: zero responses); human release after payment verification,Not verified (no vendor COA/lot responses),docs/production-completion/catalog/catalog-reconciliation.json (GEN-GRP-0257),public copy draft; price pending_approval; supplier/COA/landed cost not verified
canonical:mov_082a1d9c8a0d21e4a5c9,CJC-1295 (No DAC) + Ipamorelin,CJC-1295 (No DAC) 5 mg + IPAMORELIN 5 mg,Research Peptides & Materials / Lyophilized Vial,current_master_retail candidate $79.00 (pending_approval); live Product Control member price not inspected by this lane,PENDING D-05 - candidate retail is pending_approval; until approved show 'Price confirmed in your quote',Assisted order (human-reviewed request; no direct purchase),NO,YES (via assisted request),YES,NO,No (passwordless request + reference); Sign In optional to see history,NO,Early Access / assisted request: 'Request an order' at /research/early-access/order-request (entry is confusing; see CUX-03),Request Order,Supplier NOT verified (vendor RFQ: zero responses); human release after payment verification,Not verified (no vendor COA/lot responses),docs/production-completion/catalog/catalog-reconciliation.json (GEN-GRP-0269),public copy draft; price pending_approval; supplier/COA/landed cost not verified
canonical:mov_0881f51f4947326bf1e0,Retatrutide,40 mg,Research Peptides & Materials / Lyophilized Vial,seth_recommended_retail candidate $329.00 (pending_approval); live Product Control member price not inspected by this lane,PENDING D-05 - candidate retail is pending_approval; until approved show 'Price confirmed in your quote',Assisted order (human-reviewed request; no direct purchase),NO,YES (via assisted request),YES,NO,No (passwordless request + reference); Sign In optional to see history,NO,Early Access / assisted request: 'Request an order' at /research/early-access/order-request (entry is confusing; see CUX-03),Request Order,Supplier NOT verified (vendor RFQ: zero responses); human release after payment verification,Not verified (no vendor COA/lot responses),docs/production-completion/catalog/catalog-reconciliation.json (GEN-GRP-0327),public copy draft; price pending_approval; supplier/COA/landed cost not verified
canonical:mov_09db3e866424b64994d3,BPC-157,BPC-157 5 mg,Research Peptides & Materials / Lyophilized Vial,current_master_retail candidate $33.50 (pending_approval); live Product Control member price not inspected by this lane,PENDING D-05 - candidate retail is pending_approval; until approved show 'Price confirmed in your quote',Assisted order (human-reviewed request; no direct purchase),NO,YES (via assisted request),YES,NO,No (passwordless request + reference); Sign In optional to see history,NO,Early Access / assisted request: 'Request an order' at /research/early-access/order-request (entry is confusing; see CUX-03),Request Order,Supplier NOT verified (vendor RFQ: zero responses); human release after payment verification,Not verified (no vendor COA/lot responses),docs/production-completion/catalog/catalog-reconciliation.json (GEN-GRP-0264),public copy draft; price pending_approval; supplier/COA/landed cost not verified
canonical:mov_0c4a5438cc87ab9d85b6,Retatrutide,10 mg,Research Peptides & Materials / Lyophilized Vial,seth_recommended_retail candidate $150.00 (pending_approval); live Product Control member price not inspected by this lane,PENDING D-05 - candidate retail is pending_approval; until approved show 'Price confirmed in your quote',Assisted order (human-reviewed request; no direct purchase),NO,YES (via assisted request),YES,NO,No (passwordless request + reference); Sign In optional to see history,NO,Early Access / assisted request: 'Request an order' at /research/early-access/order-request (entry is confusing; see CUX-03),Request Order,Supplier NOT verified (vendor RFQ: zero responses); human release after payment verification,Not verified (no vendor COA/lot responses),docs/production-completion/catalog/catalog-reconciliation.json (GEN-GRP-0323),public copy draft; price pending_approval; supplier/COA/landed cost not verified
canonical:mov_0d00b80820b69cc39796,CJC-1295 No DAC,10 mg,Research Peptides & Materials / Lyophilized Vial,seth_recommended_retail candidate $99.00 (pending_approval); live Product Control member price not inspected by this lane,PENDING D-05 - candidate retail is pending_approval; until approved show 'Price confirmed in your quote',Assisted order (human-reviewed request; no direct purchase),NO,YES (via assisted request),YES,NO,No (passwordless request + reference); Sign In optional to see history,NO,Early Access / assisted request: 'Request an order' at /research/early-access/order-request (entry is confusing; see CUX-03),Request Order,Supplier NOT verified (vendor RFQ: zero responses); human release after payment verification,Not verified (no vendor COA/lot responses),docs/production-completion/catalog/catalog-reconciliation.json (GEN-GRP-0270),public copy draft; price pending_approval; supplier/COA/landed cost not verified
canonical:mov_0d82ac64c7e39678212c,Ss-31,SS-31 50 mg,Research Peptides & Materials / Lyophilized Vial,current_master_retail candidate $250.00 (pending_approval); live Product Control member price not inspected by this lane,PENDING D-05 - candidate retail is pending_approval; until approved show 'Price confirmed in your quote',Assisted order (human-reviewed request; no direct purchase),NO,YES (via assisted request),YES,NO,No (passwordless request + reference); Sign In optional to see history,NO,Early Access / assisted request: 'Request an order' at /research/early-access/order-request (entry is confusing; see CUX-03),Request Order,Supplier NOT verified (vendor RFQ: zero responses); human release after payment verification,Not verified (no vendor COA/lot responses),docs/production-completion/catalog/catalog-reconciliation.json (GEN-GRP-0344),public copy draft; price pending_approval; supplier/COA/landed cost not verified
canonical:mov_0db878384f6f3f42fc1a,Retatrutide,RETATRUTIDE 5 mg,Research Peptides & Materials / Lyophilized Vial,current_master_retail candidate $175.00 (pending_approval); live Product Control member price not inspected by this lane,PENDING D-05 - candidate retail is pending_approval; until approved show 'Price confirmed in your quote',Assisted order (human-reviewed request; no direct purchase),NO,YES (via assisted request),YES,NO,No (passwordless request + reference); Sign In optional to see history,NO,Early Access / assisted request: 'Request an order' at /research/early-access/order-request (entry is confusing; see CUX-03),Request Order,Supplier NOT verified (vendor RFQ: zero responses); human release after payment verification,Not verified (no vendor COA/lot responses),docs/production-completion/catalog/catalog-reconciliation.json (GEN-GRP-0329),public copy draft; price pending_approval; supplier/COA/landed cost not verified
canonical:mov_0efd31ea72138e78d999,DSIP,10 mg,Research Peptides & Materials / Lyophilized Vial,seth_recommended_retail candidate $69.00 (pending_approval); live Product Control member price not inspected by this lane,PENDING D-05 - candidate retail is pending_approval; until approved show 'Price confirmed in your quote',Assisted order (human-reviewed request; no direct purchase),NO,YES (via assisted request),YES,NO,No (passwordless request + reference); Sign In optional to see history,NO,Early Access / assisted request: 'Request an order' at /research/early-access/order-request (entry is confusing; see CUX-03),Request Order,Supplier NOT verified (vendor RFQ: zero responses); human release after payment verification,Not verified (no vendor COA/lot responses),docs/production-completion/catalog/catalog-reconciliation.json (GEN-GRP-0278),public copy draft; price pending_approval; supplier/COA/landed cost not verified
canonical:mov_0f9bee8bdfc89ec9c2d3,Semaglutide,10 mg,Research Peptides & Materials / Lyophilized Vial,seth_recommended_retail candidate $99.00 (pending_approval); live Product Control member price not inspected by this lane,PENDING D-05 - candidate retail is pending_approval; until approved show 'Price confirmed in your quote',Assisted order (human-reviewed request; no direct purchase),NO,YES (via assisted request),YES,NO,No (passwordless request + reference); Sign In optional to see history,NO,Early Access / assisted request: 'Request an order' at /research/early-access/order-request (entry is confusing; see CUX-03),Request Order,Supplier NOT verified (vendor RFQ: zero responses); human release after payment verification,Not verified (no vendor COA/lot responses),docs/production-completion/catalog/catalog-reconciliation.json (GEN-GRP-0333),public copy draft; price pending_approval; supplier/COA/landed cost not verified
canonical:mov_12b96a21ca34f80cdb6a,Oxytocin,5 mg,Research Peptides & Materials / Lyophilized Vial,seth_recommended_retail candidate $69.00 (pending_approval); live Product Control member price not inspected by this lane,PENDING D-05 - candidate retail is pending_approval; until approved show 'Price confirmed in your quote',Assisted order (human-reviewed request; no direct purchase),NO,YES (via assisted request),YES,NO,No (passwordless request + reference); Sign In optional to see history,NO,Early Access / assisted request: 'Request an order' at /research/early-access/order-request (entry is confusing; see CUX-03),Request Order,Supplier NOT verified (vendor RFQ: zero responses); human release after payment verification,Not verified (no vendor COA/lot responses),docs/production-completion/catalog/catalog-reconciliation.json (GEN-GRP-0320),public copy draft; price pending_approval; supplier/COA/landed cost not verified
canonical:mov_15eddad2da8035493bd6,KPV,10 mg,Research Peptides & Materials / Lyophilized Vial,seth_recommended_retail candidate $69.00 (pending_approval); live Product Control member price not inspected by this lane,PENDING D-05 - candidate retail is pending_approval; until approved show 'Price confirmed in your quote',Assisted order (human-reviewed request; no direct purchase),NO,YES (via assisted request),YES,NO,No (passwordless request + reference); Sign In optional to see history,NO,Early Access / assisted request: 'Request an order' at /research/early-access/order-request (entry is confusing; see CUX-03),Request Order,Supplier NOT verified (vendor RFQ: zero responses); human release after payment verification,Not verified (no vendor COA/lot responses),docs/production-completion/catalog/catalog-reconciliation.json (GEN-GRP-0306),public copy draft; price pending_approval; supplier/COA/landed cost not verified
canonical:mov_1981dac64e329b0bf2f8,Snap-8,SNAP-8 10 mg,Research Peptides & Materials / Lyophilized Vial,current_master_retail candidate $168.75 (pending_approval); live Product Control member price not inspected by this lane,PENDING D-05 - candidate retail is pending_approval; until approved show 'Price confirmed in your quote',Assisted order (human-reviewed request; no direct purchase),NO,YES (via assisted request),YES,NO,No (passwordless request + reference); Sign In optional to see history,NO,Early Access / assisted request: 'Request an order' at /research/early-access/order-request (entry is confusing; see CUX-03),Request Order,Supplier NOT verified (vendor RFQ: zero responses); human release after payment verification,Not verified (no vendor COA/lot responses),docs/production-completion/catalog/catalog-reconciliation.json (GEN-GRP-0342),public copy draft; price pending_approval; supplier/COA/landed cost not verified
canonical:mov_19de1d73a1a3844c0190,Cagrilintide,5 mg,Research Peptides & Materials / Lyophilized Vial,seth_recommended_retail candidate $89.00 (pending_approval); live Product Control member price not inspected by this lane,PENDING D-05 - candidate retail is pending_approval; until approved show 'Price confirmed in your quote',Assisted order (human-reviewed request; no direct purchase),NO,YES (via assisted request),YES,NO,No (passwordless request + reference); Sign In optional to see history,NO,Early Access / assisted request: 'Request an order' at /research/early-access/order-request (entry is confusing; see CUX-03),Request Order,Supplier NOT verified (vendor RFQ: zero responses); human release after payment verification,Not verified (no vendor COA/lot responses),docs/production-completion/catalog/catalog-reconciliation.json (GEN-GRP-0275),public copy draft; price pending_approval; supplier/COA/landed cost not verified
canonical:mov_20d811a3df0894211cbc,Tirzepatide,TIRZEPATIDE 40 mg,Research Peptides & Materials / Lyophilized Vial,current_master_retail candidate $700.00 (pending_approval); live Product Control member price not inspected by this lane,PENDING D-05 - candidate retail is pending_approval; until approved show 'Price confirmed in your quote',Assisted order (human-reviewed request; no direct purchase),NO,YES (via assisted request),YES,NO,No (passwordless request + reference); Sign In optional to see history,NO,Early Access / assisted request: 'Request an order' at /research/early-access/order-request (entry is confusing; see CUX-03),Request Order,Supplier NOT verified (vendor RFQ: zero responses); human release after payment verification,Not verified (no vendor COA/lot responses),docs/production-completion/catalog/catalog-reconciliation.json (GEN-GRP-0358),public copy draft; price pending_approval; supplier/COA/landed cost not verified
canonical:mov_2183aa9edb06f34ef3af,5-Amino-1MQ,5-AMINO-1MQ 50 mg,Research Capsules / Capsule / Bottle,current_master_retail candidate $472.50 (pending_approval); live Product Control member price not inspected by this lane,PENDING D-05 - candidate retail is pending_approval; until approved show 'Price confirmed in your quote',Assisted order (human-reviewed request; no direct purchase),NO,YES (via assisted request),YES,NO,No (passwordless request + reference); Sign In optional to see history,NO,Early Access / assisted request: 'Request an order' at /research/early-access/order-request (entry is confusing; see CUX-03),Request Order,Supplier NOT verified (vendor RFQ: zero responses); human release after payment verification,Not verified (no vendor COA/lot responses),docs/production-completion/catalog/catalog-reconciliation.json (GEN-GRP-0243),public copy draft; price pending_approval; supplier/COA/landed cost not verified
canonical:mov_257330ea83ecbfc45fae,BPC-157,15 mg,Research Peptides & Materials / Lyophilized Vial,seth_recommended_retail candidate $79.00 (pending_approval); live Product Control member price not inspected by this lane,PENDING D-05 - candidate retail is pending_approval; until approved show 'Price confirmed in your quote',Assisted order (human-reviewed request; no direct purchase),NO,YES (via assisted request),YES,NO,No (passwordless request + reference); Sign In optional to see history,NO,Early Access / assisted request: 'Request an order' at /research/early-access/order-request (entry is confusing; see CUX-03),Request Order,Supplier NOT verified (vendor RFQ: zero responses); human release after payment verification,Not verified (no vendor COA/lot responses),docs/production-completion/catalog/catalog-reconciliation.json (GEN-GRP-0263),public copy draft; price pending_approval; supplier/COA/landed cost not verified
canonical:mov_26ba2e0fb6498f8e96ac,NAD+,1000 mg,Research Peptides & Materials / Lyophilized Vial,seth_recommended_retail candidate $149.00 (pending_approval); live Product Control member price not inspected by this lane,PENDING D-05 - candidate retail is pending_approval; until approved show 'Price confirmed in your quote',Assisted order (human-reviewed request; no direct purchase),NO,YES (via assisted request),YES,NO,No (passwordless request + reference); Sign In optional to see history,NO,Early Access / assisted request: 'Request an order' at /research/early-access/order-request (entry is confusing; see CUX-03),Request Order,Supplier NOT verified (vendor RFQ: zero responses); human release after payment verification,Not verified (no vendor COA/lot responses),docs/production-completion/catalog/catalog-reconciliation.json (GEN-GRP-0317),public copy draft; price pending_approval; supplier/COA/landed cost not verified
canonical:mov_29d962312f3386b5dd3f,Epithalon,EPITHALON 30 mg,Research Peptides & Materials / Lyophilized Vial,current_master_retail candidate $162.50 (pending_approval); live Product Control member price not inspected by this lane,PENDING D-05 - candidate retail is pending_approval; until approved show 'Price confirmed in your quote',Assisted order (human-reviewed request; no direct purchase),NO,YES (via assisted request),YES,NO,No (passwordless request + reference); Sign In optional to see history,NO,Early Access / assisted request: 'Request an order' at /research/early-access/order-request (entry is confusing; see CUX-03),Request Order,Supplier NOT verified (vendor RFQ: zero responses); human release after payment verification,Not verified (no vendor COA/lot responses),docs/production-completion/catalog/catalog-reconciliation.json (GEN-GRP-0284),public copy draft; price pending_approval; supplier/COA/landed cost not verified
canonical:mov_2d03422d39648068a0e4,Pinealon,PINEALON 10 mg,Research Peptides & Materials / Lyophilized Vial,current_master_retail candidate $150.00 (pending_approval); live Product Control member price not inspected by this lane,PENDING D-05 - candidate retail is pending_approval; until approved show 'Price confirmed in your quote',Assisted order (human-reviewed request; no direct purchase),NO,YES (via assisted request),YES,NO,No (passwordless request + reference); Sign In optional to see history,NO,Early Access / assisted request: 'Request an order' at /research/early-access/order-request (entry is confusing; see CUX-03),Request Order,Supplier NOT verified (vendor RFQ: zero responses); human release after payment verification,Not verified (no vendor COA/lot responses),docs/production-completion/catalog/catalog-reconciliation.json (GEN-GRP-0322),public copy draft; price pending_approval; supplier/COA/landed cost not verified
canonical:mov_30965a433abef7359a7b,Cagrilintide + Semaglutide,CAGRILINTIDE 5 mg + SEMAGLUTIDE 5 mg,Research Peptides & Materials / Lyophilized Vial,current_master_retail candidate $187.50 (pending_approval); live Product Control member price not inspected by this lane,PENDING D-05 - candidate retail is pending_approval; until approved show 'Price confirmed in your quote',Assisted order (human-reviewed request; no direct purchase),NO,YES (via assisted request),YES,NO,No (passwordless request + reference); Sign In optional to see history,NO,Early Access / assisted request: 'Request an order' at /research/early-access/order-request (entry is confusing; see CUX-03),Request Order,Supplier NOT verified (vendor RFQ: zero responses); human release after payment verification,Not verified (no vendor COA/lot responses),docs/production-completion/catalog/catalog-reconciliation.json (GEN-GRP-0277),public copy draft; price pending_approval; supplier/COA/landed cost not verified
canonical:mov_30d35dcbc0bc8d59ff5b,Acetic Acid 0.6%,ACETIC ACID 0.6% 5 mL,Research Supplies / Liquid,current_master_retail candidate $37.50 (pending_approval); live Product Control member price not inspected by this lane,PENDING D-05 - candidate retail is pending_approval; until approved show 'Price confirmed in your quote',Assisted order (human-reviewed request; no direct purchase),NO,YES (via assisted request),YES,NO,No (passwordless request + reference); Sign In optional to see history,NO,Early Access / assisted request: 'Request an order' at /research/early-access/order-request (entry is confusing; see CUX-03),Request Order,Supplier NOT verified (vendor RFQ: zero responses); human release after payment verification,Not verified (no vendor COA/lot responses),docs/production-completion/catalog/catalog-reconciliation.json (GEN-GRP-0362),public copy draft; price pending_approval; supplier/COA/landed cost not verified
canonical:mov_35b19a790d7a247210c9,GHK-Cu,100 mg,Research Peptides & Materials / Lyophilized Vial,seth_recommended_retail candidate $89.00 (pending_approval); live Product Control member price not inspected by this lane,PENDING D-05 - candidate retail is pending_approval; until approved show 'Price confirmed in your quote',Assisted order (human-reviewed request; no direct purchase),NO,YES (via assisted request),YES,NO,No (passwordless request + reference); Sign In optional to see history,NO,Early Access / assisted request: 'Request an order' at /research/early-access/order-request (entry is confusing; see CUX-03),Request Order,Supplier NOT verified (vendor RFQ: zero responses); human release after payment verification,Not verified (no vendor COA/lot responses),docs/production-completion/catalog/catalog-reconciliation.json (GEN-GRP-0287),public copy draft; price pending_approval; supplier/COA/landed cost not verified
canonical:mov_3c9394000d1302336110,TB-500,TB-500 5 mg,Research Peptides & Materials / Lyophilized Vial,current_master_retail candidate $105.00 (pending_approval); live Product Control member price not inspected by this lane,PENDING D-05 - candidate retail is pending_approval; until approved show 'Price confirmed in your quote',Assisted order (human-reviewed request; no direct purchase),NO,YES (via assisted request),YES,NO,No (passwordless request + reference); Sign In optional to see history,NO,Early Access / assisted request: 'Request an order' at /research/early-access/order-request (entry is confusing; see CUX-03),Request Order,Supplier NOT verified (vendor RFQ: zero responses); human release after payment verification,Not verified (no vendor COA/lot responses),docs/production-completion/catalog/catalog-reconciliation.json (GEN-GRP-0346),public copy draft; price pending_approval; supplier/COA/landed cost not verified
canonical:mov_3e5e9840aea10ca2137e,Liraglutide,LIRAGLUTIDE 10 mg,Research Peptides & Materials / Lyophilized Vial,current_master_retail candidate $181.25 (pending_approval); live Product Control member price not inspected by this lane,PENDING D-05 - candidate retail is pending_approval; until approved show 'Price confirmed in your quote',Assisted order (human-reviewed request; no direct purchase),NO,YES (via assisted request),YES,NO,No (passwordless request + reference); Sign In optional to see history,NO,Early Access / assisted request: 'Request an order' at /research/early-access/order-request (entry is confusing; see CUX-03),Request Order,Supplier NOT verified (vendor RFQ: zero responses); human release after payment verification,Not verified (no vendor COA/lot responses),docs/production-completion/catalog/catalog-reconciliation.json (GEN-GRP-0310),public copy draft; price pending_approval; supplier/COA/landed cost not verified
canonical:mov_3f59629a005b238f4faa,Dihexa,DIHEXA 10 mg,Research Peptides & Materials / Lyophilized Vial,current_master_retail candidate $175.00 (pending_approval); live Product Control member price not inspected by this lane,PENDING D-05 - candidate retail is pending_approval; until approved show 'Price confirmed in your quote',Assisted order (human-reviewed request; no direct purchase),NO,YES (via assisted request),YES,NO,No (passwordless request + reference); Sign In optional to see history,NO,Early Access / assisted request: 'Request an order' at /research/early-access/order-request (entry is confusing; see CUX-03),Request Order,Supplier NOT verified (vendor RFQ: zero responses); human release after payment verification,Not verified (no vendor COA/lot responses),docs/production-completion/catalog/catalog-reconciliation.json (GEN-GRP-0280),public copy draft; price pending_approval; supplier/COA/landed cost not verified
canonical:mov_3ff3d97173e8a1f7645b,Semaglutide,SEMAGLUTIDE 5 mg,Research Peptides & Materials / Lyophilized Vial,current_master_retail candidate $28.00 (pending_approval); live Product Control member price not inspected by this lane,PENDING D-05 - candidate retail is pending_approval; until approved show 'Price confirmed in your quote',Assisted order (human-reviewed request; no direct purchase),NO,YES (via assisted request),YES,NO,No (passwordless request + reference); Sign In optional to see history,NO,Early Access / assisted request: 'Request an order' at /research/early-access/order-request (entry is confusing; see CUX-03),Request Order,Supplier NOT verified (vendor RFQ: zero responses); human release after payment verification,Not verified (no vendor COA/lot responses),docs/production-completion/catalog/catalog-reconciliation.json (GEN-GRP-0336),public copy draft; price pending_approval; supplier/COA/landed cost not verified
canonical:mov_420ac197458ecbcddb9a,CJC-1295 (No DAC) + Ipamorelin,CJC-1295 (No DAC) 10 mg + IPAMORELIN 10 mg,Research Peptides & Materials / Lyophilized Vial,current_master_retail candidate $187.50 (pending_approval); live Product Control member price not inspected by this lane,PENDING D-05 - candidate retail is pending_approval; until approved show 'Price confirmed in your quote',Assisted order (human-reviewed request; no direct purchase),NO,YES (via assisted request),YES,NO,No (passwordless request + reference); Sign In optional to see history,NO,Early Access / assisted request: 'Request an order' at /research/early-access/order-request (entry is confusing; see CUX-03),Request Order,Supplier NOT verified (vendor RFQ: zero responses); human release after payment verification,Not verified (no vendor COA/lot responses),docs/production-completion/catalog/catalog-reconciliation.json (GEN-GRP-0268),public copy draft; price pending_approval; supplier/COA/landed cost not verified
canonical:mov_4522e672752616ff992d,GHK-Cu,50 mg,Research Peptides & Materials / Lyophilized Vial,seth_recommended_retail candidate $59.00 (pending_approval); live Product Control member price not inspected by this lane,PENDING D-05 - candidate retail is pending_approval; until approved show 'Price confirmed in your quote',Assisted order (human-reviewed request; no direct purchase),NO,YES (via assisted request),YES,NO,No (passwordless request + reference); Sign In optional to see history,NO,Early Access / assisted request: 'Request an order' at /research/early-access/order-request (entry is confusing; see CUX-03),Request Order,Supplier NOT verified (vendor RFQ: zero responses); human release after payment verification,Not verified (no vendor COA/lot responses),docs/production-completion/catalog/catalog-reconciliation.json (GEN-GRP-0288),public copy draft; price pending_approval; supplier/COA/landed cost not verified
canonical:mov_469cd274fcf41edf3d8e,Retatrutide,RETATRUTIDE 50 mg,Research Peptides & Materials / Lyophilized Vial,current_master_retail candidate $1075.00 (pending_approval); live Product Control member price not inspected by this lane,PENDING D-05 - candidate retail is pending_approval; until approved show 'Price confirmed in your quote',Assisted order (human-reviewed request; no direct purchase),NO,YES (via assisted request),YES,NO,No (passwordless request + reference); Sign In optional to see history,NO,Early Access / assisted request: 'Request an order' at /research/early-access/order-request (entry is confusing; see CUX-03),Request Order,Supplier NOT verified (vendor RFQ: zero responses); human release after payment verification,Not verified (no vendor COA/lot responses),docs/production-completion/catalog/catalog-reconciliation.json (GEN-GRP-0328),public copy draft; price pending_approval; supplier/COA/landed cost not verified
canonical:mov_4bcfb9614bef8b2c671e,GLOW (BPC-157 + TB-500 + GHK-Cu),BPC-157 10 mg + TB-500 10 mg + GHK-Cu 50 mg,Research Peptides & Materials / Lyophilized Vial,current_master_retail candidate $139.00 (pending_approval); live Product Control member price not inspected by this lane,PENDING D-05 - candidate retail is pending_approval; until approved show 'Price confirmed in your quote',Assisted order (human-reviewed request; no direct purchase),NO,YES (via assisted request),YES,NO,No (passwordless request + reference); Sign In optional to see history,NO,Early Access / assisted request: 'Request an order' at /research/early-access/order-request (entry is confusing; see CUX-03),Request Order,Supplier NOT verified (vendor RFQ: zero responses); human release after payment verification,Not verified (no vendor COA/lot responses),docs/production-completion/catalog/catalog-reconciliation.json (GEN-GRP-0294),public copy draft; price pending_approval; supplier/COA/landed cost not verified
canonical:mov_4d4f3fc085df5aaf9ae8,Kisspeptin,KISSPEPTIN 5 mg,Research Peptides & Materials / Lyophilized Vial,current_master_retail candidate $112.50 (pending_approval); live Product Control member price not inspected by this lane,PENDING D-05 - candidate retail is pending_approval; until approved show 'Price confirmed in your quote',Assisted order (human-reviewed request; no direct purchase),NO,YES (via assisted request),YES,NO,No (passwordless request + reference); Sign In optional to see history,NO,Early Access / assisted request: 'Request an order' at /research/early-access/order-request (entry is confusing; see CUX-03),Request Order,Supplier NOT verified (vendor RFQ: zero responses); human release after payment verification,Not verified (no vendor COA/lot responses),docs/production-completion/catalog/catalog-reconciliation.json (GEN-GRP-0309),public copy draft; price pending_approval; supplier/COA/landed cost not verified
canonical:mov_50c16caf05daa93ef289,IGF-1 LR3,1 mg,Research Peptides & Materials / Lyophilized Vial,seth_recommended_retail candidate $99.00 (pending_approval); live Product Control member price not inspected by this lane,PENDING D-05 - candidate retail is pending_approval; until approved show 'Price confirmed in your quote',Assisted order (human-reviewed request; no direct purchase),NO,YES (via assisted request),YES,NO,No (passwordless request + reference); Sign In optional to see history,NO,Early Access / assisted request: 'Request an order' at /research/early-access/order-request (entry is confusing; see CUX-03),Request Order,Supplier NOT verified (vendor RFQ: zero responses); human release after payment verification,Not verified (no vendor COA/lot responses),docs/production-completion/catalog/catalog-reconciliation.json (GEN-GRP-0301),public copy draft; price pending_approval; supplier/COA/landed cost not verified
canonical:mov_50fc8d22f6777f3f0d4d,Semaglutide + BPC-157,SEMAGLUTIDE+BPC-157 5 mg/650 mcgmg/mcg,Research Peptides & Materials / Lyophilized Vial,current_master_retail candidate $200.00 (pending_approval); live Product Control member price not inspected by this lane,PENDING D-05 - candidate retail is pending_approval; until approved show 'Price confirmed in your quote',Assisted order (human-reviewed request; no direct purchase),NO,YES (via assisted request),YES,NO,No (passwordless request + reference); Sign In optional to see history,NO,Early Access / assisted request: 'Request an order' at /research/early-access/order-request (entry is confusing; see CUX-03),Request Order,Supplier NOT verified (vendor RFQ: zero responses); human release after payment verification,Not verified (no vendor COA/lot responses),docs/production-completion/catalog/catalog-reconciliation.json (GEN-GRP-0337),public copy draft; price pending_approval; supplier/COA/landed cost not verified
canonical:mov_523c894b29954645c00a,ARA-290,ARA-290 5 mg,Research Peptides & Materials / Lyophilized Vial,current_master_retail candidate $165.00 (pending_approval); live Product Control member price not inspected by this lane,PENDING D-05 - candidate retail is pending_approval; until approved show 'Price confirmed in your quote',Assisted order (human-reviewed request; no direct purchase),NO,YES (via assisted request),YES,NO,No (passwordless request + reference); Sign In optional to see history,NO,Early Access / assisted request: 'Request an order' at /research/early-access/order-request (entry is confusing; see CUX-03),Request Order,Supplier NOT verified (vendor RFQ: zero responses); human release after payment verification,Not verified (no vendor COA/lot responses),docs/production-completion/catalog/catalog-reconciliation.json (GEN-GRP-0259),public copy draft; price pending_approval; supplier/COA/landed cost not verified
canonical:mov_52fd0b8a213ee19e40e8,Tesamorelin,TESAMORELIN 5 mg,Research Peptides & Materials / Lyophilized Vial,current_master_retail candidate $169.27 (pending_approval); live Product Control member price not inspected by this lane,PENDING D-05 - candidate retail is pending_approval; until approved show 'Price confirmed in your quote',Assisted order (human-reviewed request; no direct purchase),NO,YES (via assisted request),YES,NO,No (passwordless request + reference); Sign In optional to see history,NO,Early Access / assisted request: 'Request an order' at /research/early-access/order-request (entry is confusing; see CUX-03),Request Order,Supplier NOT verified (vendor RFQ: zero responses); human release after payment verification,Not verified (no vendor COA/lot responses),docs/production-completion/catalog/catalog-reconciliation.json (GEN-GRP-0348),public copy draft; price pending_approval; supplier/COA/landed cost not verified
canonical:mov_538e701ea3907d766c38,Selank,SELANK 5 mg,Research Peptides & Materials / Lyophilized Vial,current_master_retail candidate $60.00 (pending_approval); live Product Control member price not inspected by this lane,PENDING D-05 - candidate retail is pending_approval; until approved show 'Price confirmed in your quote',Assisted order (human-reviewed request; no direct purchase),NO,YES (via assisted request),YES,NO,No (passwordless request + reference); Sign In optional to see history,NO,Early Access / assisted request: 'Request an order' at /research/early-access/order-request (entry is confusing; see CUX-03),Request Order,Supplier NOT verified (vendor RFQ: zero responses); human release after payment verification,Not verified (no vendor COA/lot responses),docs/production-completion/catalog/catalog-reconciliation.json (GEN-GRP-0332),public copy draft; price pending_approval; supplier/COA/landed cost not verified
canonical:mov_556cf3eb15555573aa54,GHRP-6,GHRP-6 5 mg,Research Peptides & Materials / Lyophilized Vial,current_master_retail candidate $65.00 (pending_approval); live Product Control member price not inspected by this lane,PENDING D-05 - candidate retail is pending_approval; until approved show 'Price confirmed in your quote',Assisted order (human-reviewed request; no direct purchase),NO,YES (via assisted request),YES,NO,No (passwordless request + reference); Sign In optional to see history,NO,Early Access / assisted request: 'Request an order' at /research/early-access/order-request (entry is confusing; see CUX-03),Request Order,Supplier NOT verified (vendor RFQ: zero responses); human release after payment verification,Not verified (no vendor COA/lot responses),docs/production-completion/catalog/catalog-reconciliation.json (GEN-GRP-0293),public copy draft; price pending_approval; supplier/COA/landed cost not verified
canonical:mov_557749e5f12e1d27e367,Mgf,MGF 2 mg,Research Peptides & Materials / Lyophilized Vial,current_master_retail candidate $117.50 (pending_approval); live Product Control member price not inspected by this lane,PENDING D-05 - candidate retail is pending_approval; until approved show 'Price confirmed in your quote',Assisted order (human-reviewed request; no direct purchase),NO,YES (via assisted request),YES,NO,No (passwordless request + reference); Sign In optional to see history,NO,Early Access / assisted request: 'Request an order' at /research/early-access/order-request (entry is confusing; see CUX-03),Request Order,Supplier NOT verified (vendor RFQ: zero responses); human release after payment verification,Not verified (no vendor COA/lot responses),docs/production-completion/catalog/catalog-reconciliation.json (GEN-GRP-0316),public copy draft; price pending_approval; supplier/COA/landed cost not verified
canonical:mov_5d10608450270b22967f,TB-500,TB-500 10 mg,Research Peptides & Materials / Lyophilized Vial,current_master_retail candidate $112.50 (pending_approval); live Product Control member price not inspected by this lane,PENDING D-05 - candidate retail is pending_approval; until approved show 'Price confirmed in your quote',Assisted order (human-reviewed request; no direct purchase),NO,YES (via assisted request),YES,NO,No (passwordless request + reference); Sign In optional to see history,NO,Early Access / assisted request: 'Request an order' at /research/early-access/order-request (entry is confusing; see CUX-03),Request Order,Supplier NOT verified (vendor RFQ: zero responses); human release after payment verification,Not verified (no vendor COA/lot responses),docs/production-completion/catalog/catalog-reconciliation.json (GEN-GRP-0345),public copy draft; price pending_approval; supplier/COA/landed cost not verified
canonical:mov_60e645f13e186042b62b,NAD+,500 mg,Research Peptides & Materials / Lyophilized Vial,seth_recommended_retail candidate $109.00 (pending_approval); live Product Control member price not inspected by this lane,PENDING D-05 - candidate retail is pending_approval; until approved show 'Price confirmed in your quote',Assisted order (human-reviewed request; no direct purchase),NO,YES (via assisted request),YES,NO,No (passwordless request + reference); Sign In optional to see history,NO,Early Access / assisted request: 'Request an order' at /research/early-access/order-request (entry is confusing; see CUX-03),Request Order,Supplier NOT verified (vendor RFQ: zero responses); human release after payment verification,Not verified (no vendor COA/lot responses),docs/production-completion/catalog/catalog-reconciliation.json (GEN-GRP-0318),public copy draft; price pending_approval; supplier/COA/landed cost not verified
canonical:mov_644f912141d81a0199b0,KLOW (BPC-157 + TB-500 + GHK-Cu + KPV),BPC-157 10 mg + TB-500 10 mg + GHK-Cu 50 mg + KPV 10 mg,Research Peptides & Materials / Lyophilized Vial,current_master_retail candidate $139.00 (pending_approval); live Product Control member price not inspected by this lane,PENDING D-05 - candidate retail is pending_approval; until approved show 'Price confirmed in your quote',Assisted order (human-reviewed request; no direct purchase),NO,YES (via assisted request),YES,NO,No (passwordless request + reference); Sign In optional to see history,NO,Early Access / assisted request: 'Request an order' at /research/early-access/order-request (entry is confusing; see CUX-03),Request Order,Supplier NOT verified (vendor RFQ: zero responses); human release after payment verification,Not verified (no vendor COA/lot responses),docs/production-completion/catalog/catalog-reconciliation.json (GEN-GRP-0305),public copy draft; price pending_approval; supplier/COA/landed cost not verified
canonical:mov_645c8c707682a45abcaa,Tirzepatide,60 mg,Research Peptides & Materials / Lyophilized Vial,seth_recommended_retail candidate $199.00 (pending_approval); live Product Control member price not inspected by this lane,PENDING D-05 - candidate retail is pending_approval; until approved show 'Price confirmed in your quote',Assisted order (human-reviewed request; no direct purchase),NO,YES (via assisted request),YES,NO,No (passwordless request + reference); Sign In optional to see history,NO,Early Access / assisted request: 'Request an order' at /research/early-access/order-request (entry is confusing; see CUX-03),Request Order,Supplier NOT verified (vendor RFQ: zero responses); human release after payment verification,Not verified (no vendor COA/lot responses),docs/production-completion/catalog/catalog-reconciliation.json (GEN-GRP-0361),public copy draft; price pending_approval; supplier/COA/landed cost not verified
canonical:mov_6509a8f595cfc3fc36bc,ARA-290,ARA-290 15 mg,Research Peptides & Materials / Lyophilized Vial,current_master_retail candidate $237.50 (pending_approval); live Product Control member price not inspected by this lane,PENDING D-05 - candidate retail is pending_approval; until approved show 'Price confirmed in your quote',Assisted order (human-reviewed request; no direct purchase),NO,YES (via assisted request),YES,NO,No (passwordless request + reference); Sign In optional to see history,NO,Early Access / assisted request: 'Request an order' at /research/early-access/order-request (entry is confusing; see CUX-03),Request Order,Supplier NOT verified (vendor RFQ: zero responses); human release after payment verification,Not verified (no vendor COA/lot responses),docs/production-completion/catalog/catalog-reconciliation.json (GEN-GRP-0258),public copy draft; price pending_approval; supplier/COA/landed cost not verified
canonical:mov_6a43249c424441bf28bb,Sermorelin,10 mg,Research Peptides & Materials / Lyophilized Vial,seth_recommended_retail candidate $89.00 (pending_approval); live Product Control member price not inspected by this lane,PENDING D-05 - candidate retail is pending_approval; until approved show 'Price confirmed in your quote',Assisted order (human-reviewed request; no direct purchase),NO,YES (via assisted request),YES,NO,No (passwordless request + reference); Sign In optional to see history,NO,Early Access / assisted request: 'Request an order' at /research/early-access/order-request (entry is confusing; see CUX-03),Request Order,Supplier NOT verified (vendor RFQ: zero responses); human release after payment verification,Not verified (no vendor COA/lot responses),docs/production-completion/catalog/catalog-reconciliation.json (GEN-GRP-0340),public copy draft; price pending_approval; supplier/COA/landed cost not verified
canonical:mov_6c559c89db938c58e815,CJC-1295 With Dac,CJC-1295 WITH DAC 5 mg,Research Peptides & Materials / Lyophilized Vial,current_master_retail candidate $187.50 (pending_approval); live Product Control member price not inspected by this lane,PENDING D-05 - candidate retail is pending_approval; until approved show 'Price confirmed in your quote',Assisted order (human-reviewed request; no direct purchase),NO,YES (via assisted request),YES,NO,No (passwordless request + reference); Sign In optional to see history,NO,Early Access / assisted request: 'Request an order' at /research/early-access/order-request (entry is confusing; see CUX-03),Request Order,Supplier NOT verified (vendor RFQ: zero responses); human release after payment verification,Not verified (no vendor COA/lot responses),docs/production-completion/catalog/catalog-reconciliation.json (GEN-GRP-0273),public copy draft; price pending_approval; supplier/COA/landed cost not verified
canonical:mov_718e52d07396abd5b2dc,Dsip,DSIP 5 mg,Research Peptides & Materials / Lyophilized Vial,current_master_retail candidate $62.50 (pending_approval); live Product Control member price not inspected by this lane,PENDING D-05 - candidate retail is pending_approval; until approved show 'Price confirmed in your quote',Assisted order (human-reviewed request; no direct purchase),NO,YES (via assisted request),YES,NO,No (passwordless request + reference); Sign In optional to see history,NO,Early Access / assisted request: 'Request an order' at /research/early-access/order-request (entry is confusing; see CUX-03),Request Order,Supplier NOT verified (vendor RFQ: zero responses); human release after payment verification,Not verified (no vendor COA/lot responses),docs/production-completion/catalog/catalog-reconciliation.json (GEN-GRP-0281),public copy draft; price pending_approval; supplier/COA/landed cost not verified
canonical:mov_71e448565b155e87b979,Melanotan II,10 mg,Research Peptides & Materials / Lyophilized Vial,seth_recommended_retail candidate $69.00 (pending_approval); live Product Control member price not inspected by this lane,PENDING D-05 - candidate retail is pending_approval; until approved show 'Price confirmed in your quote',Assisted order (human-reviewed request; no direct purchase),NO,YES (via assisted request),YES,NO,No (passwordless request + reference); Sign In optional to see history,NO,Early Access / assisted request: 'Request an order' at /research/early-access/order-request (entry is confusing; see CUX-03),Request Order,Supplier NOT verified (vendor RFQ: zero responses); human release after payment verification,Not verified (no vendor COA/lot responses),docs/production-completion/catalog/catalog-reconciliation.json (GEN-GRP-0315),public copy draft; price pending_approval; supplier/COA/landed cost not verified
canonical:mov_72b54c1f1e71b4229c2a,MOTS-C,10 mg,Research Peptides & Materials / Lyophilized Vial,seth_recommended_retail candidate $69.00 (pending_approval); live Product Control member price not inspected by this lane,PENDING D-05 - candidate retail is pending_approval; until approved show 'Price confirmed in your quote',Assisted order (human-reviewed request; no direct purchase),NO,YES (via assisted request),YES,NO,No (passwordless request + reference); Sign In optional to see history,NO,Early Access / assisted request: 'Request an order' at /research/early-access/order-request (entry is confusing; see CUX-03),Request Order,Supplier NOT verified (vendor RFQ: zero responses); human release after payment verification,Not verified (no vendor COA/lot responses),docs/production-completion/catalog/catalog-reconciliation.json (GEN-GRP-0313),public copy draft; price pending_approval; supplier/COA/landed cost not verified
canonical:mov_77837ac2575c8df8ac73,Glutathione,GLUTATHIONE 1500 mg,Research Peptides & Materials / Lyophilized Vial,current_master_retail candidate $168.75 (pending_approval); live Product Control member price not inspected by this lane,PENDING D-05 - candidate retail is pending_approval; until approved show 'Price confirmed in your quote',Assisted order (human-reviewed request; no direct purchase),NO,YES (via assisted request),YES,NO,No (passwordless request + reference); Sign In optional to see history,NO,Early Access / assisted request: 'Request an order' at /research/early-access/order-request (entry is confusing; see CUX-03),Request Order,Supplier NOT verified (vendor RFQ: zero responses); human release after payment verification,Not verified (no vendor COA/lot responses),docs/production-completion/catalog/catalog-reconciliation.json (GEN-GRP-0295),public copy draft; price pending_approval; supplier/COA/landed cost not verified
canonical:mov_77a80adce9e9cb1b93a0,Glutathione,GLUTATHIONE 500 mg,Research Peptides & Materials / Lyophilized Vial,current_master_retail candidate $44.75 (pending_approval); live Product Control member price not inspected by this lane,PENDING D-05 - candidate retail is pending_approval; until approved show 'Price confirmed in your quote',Assisted order (human-reviewed request; no direct purchase),NO,YES (via assisted request),YES,NO,No (passwordless request + reference); Sign In optional to see history,NO,Early Access / assisted request: 'Request an order' at /research/early-access/order-request (entry is confusing; see CUX-03),Request Order,Supplier NOT verified (vendor RFQ: zero responses); human release after payment verification,Not verified (no vendor COA/lot responses),docs/production-completion/catalog/catalog-reconciliation.json (GEN-GRP-0296),public copy draft; price pending_approval; supplier/COA/landed cost not verified
canonical:mov_7808f3ed26c4fa0f19f6,Epithalon,EPITHALON 35 mg,Research Peptides & Materials / Lyophilized Vial,current_master_retail candidate $175.00 (pending_approval); live Product Control member price not inspected by this lane,PENDING D-05 - candidate retail is pending_approval; until approved show 'Price confirmed in your quote',Assisted order (human-reviewed request; no direct purchase),NO,YES (via assisted request),YES,NO,No (passwordless request + reference); Sign In optional to see history,NO,Early Access / assisted request: 'Request an order' at /research/early-access/order-request (entry is confusing; see CUX-03),Request Order,Supplier NOT verified (vendor RFQ: zero responses); human release after payment verification,Not verified (no vendor COA/lot responses),docs/production-completion/catalog/catalog-reconciliation.json (GEN-GRP-0285),public copy draft; price pending_approval; supplier/COA/landed cost not verified
canonical:mov_7b331364b57f9fdd335a,Semaglutide,SEMAGLUTIDE 15 mg,Research Peptides & Materials / Lyophilized Vial,current_master_retail candidate $313.20 (pending_approval); live Product Control member price not inspected by this lane,PENDING D-05 - candidate retail is pending_approval; until approved show 'Price confirmed in your quote',Assisted order (human-reviewed request; no direct purchase),NO,YES (via assisted request),YES,NO,No (passwordless request + reference); Sign In optional to see history,NO,Early Access / assisted request: 'Request an order' at /research/early-access/order-request (entry is confusing; see CUX-03),Request Order,Supplier NOT verified (vendor RFQ: zero responses); human release after payment verification,Not verified (no vendor COA/lot responses),docs/production-completion/catalog/catalog-reconciliation.json (GEN-GRP-0334),public copy draft; price pending_approval; supplier/COA/landed cost not verified
canonical:mov_7bd700ce0704d66e614e,Retatrutide,RETATRUTIDE 30 mg,Research Peptides & Materials / Lyophilized Vial,current_master_retail candidate $112.00 (pending_approval); live Product Control member price not inspected by this lane,PENDING D-05 - candidate retail is pending_approval; until approved show 'Price confirmed in your quote',Assisted order (human-reviewed request; no direct purchase),NO,YES (via assisted request),YES,NO,No (passwordless request + reference); Sign In optional to see history,NO,Early Access / assisted request: 'Request an order' at /research/early-access/order-request (entry is confusing; see CUX-03),Request Order,Supplier NOT verified (vendor RFQ: zero responses); human release after payment verification,Not verified (no vendor COA/lot responses),docs/production-completion/catalog/catalog-reconciliation.json (GEN-GRP-0326),public copy draft; price pending_approval; supplier/COA/landed cost not verified
canonical:mov_80aaef9ddc11edab6c89,Ipamorelin,10 mg,Research Peptides & Materials / Lyophilized Vial,seth_recommended_retail candidate $89.00 (pending_approval); live Product Control member price not inspected by this lane,PENDING D-05 - candidate retail is pending_approval; until approved show 'Price confirmed in your quote',Assisted order (human-reviewed request; no direct purchase),NO,YES (via assisted request),YES,NO,No (passwordless request + reference); Sign In optional to see history,NO,Early Access / assisted request: 'Request an order' at /research/early-access/order-request (entry is confusing; see CUX-03),Request Order,Supplier NOT verified (vendor RFQ: zero responses); human release after payment verification,Not verified (no vendor COA/lot responses),docs/production-completion/catalog/catalog-reconciliation.json (GEN-GRP-0302),public copy draft; price pending_approval; supplier/COA/landed cost not verified
canonical:mov_823a1410e1831e6d845f,Kisspeptin,KISSPEPTIN 10 mg,Research Peptides & Materials / Lyophilized Vial,current_master_retail candidate $65.00 (pending_approval); live Product Control member price not inspected by this lane,PENDING D-05 - candidate retail is pending_approval; until approved show 'Price confirmed in your quote',Assisted order (human-reviewed request; no direct purchase),NO,YES (via assisted request),YES,NO,No (passwordless request + reference); Sign In optional to see history,NO,Early Access / assisted request: 'Request an order' at /research/early-access/order-request (entry is confusing; see CUX-03),Request Order,Supplier NOT verified (vendor RFQ: zero responses); human release after payment verification,Not verified (no vendor COA/lot responses),docs/production-completion/catalog/catalog-reconciliation.json (GEN-GRP-0308),public copy draft; price pending_approval; supplier/COA/landed cost not verified
canonical:mov_8615d2aea357b8241ba3,Tirzepatide,TIRZEPATIDE 5 mg,Research Peptides & Materials / Lyophilized Vial,current_master_retail candidate $159.30 (pending_approval); live Product Control member price not inspected by this lane,PENDING D-05 - candidate retail is pending_approval; until approved show 'Price confirmed in your quote',Assisted order (human-reviewed request; no direct purchase),NO,YES (via assisted request),YES,NO,No (passwordless request + reference); Sign In optional to see history,NO,Early Access / assisted request: 'Request an order' at /research/early-access/order-request (entry is confusing; see CUX-03),Request Order,Supplier NOT verified (vendor RFQ: zero responses); human release after payment verification,Not verified (no vendor COA/lot responses),docs/production-completion/catalog/catalog-reconciliation.json (GEN-GRP-0360),public copy draft; price pending_approval; supplier/COA/landed cost not verified
canonical:mov_88fd1531d586cdebb896,Reconstitution Solution,RECONSTITUTION SOLUTION 4 mL,Research Supplies / Solution,current_master_retail candidate $30.00 (pending_approval); live Product Control member price not inspected by this lane,PENDING D-05 - candidate retail is pending_approval; until approved show 'Price confirmed in your quote',Assisted order (human-reviewed request; no direct purchase),NO,YES (via assisted request),YES,NO,No (passwordless request + reference); Sign In optional to see history,NO,Early Access / assisted request: 'Request an order' at /research/early-access/order-request (entry is confusing; see CUX-03),Request Order,Supplier NOT verified (vendor RFQ: zero responses); human release after payment verification,Not verified (no vendor COA/lot responses),docs/production-completion/catalog/catalog-reconciliation.json (GEN-GRP-0363),public copy draft; price pending_approval; supplier/COA/landed cost not verified
canonical:mov_8f14c1dd839544567d53,Retatrutide,RETATRUTIDE 15 mg,Research Peptides & Materials / Lyophilized Vial,current_master_retail candidate $89.50 (pending_approval); live Product Control member price not inspected by this lane,PENDING D-05 - candidate retail is pending_approval; until approved show 'Price confirmed in your quote',Assisted order (human-reviewed request; no direct purchase),NO,YES (via assisted request),YES,NO,No (passwordless request + reference); Sign In optional to see history,NO,Early Access / assisted request: 'Request an order' at /research/early-access/order-request (entry is confusing; see CUX-03),Request Order,Supplier NOT verified (vendor RFQ: zero responses); human release after payment verification,Not verified (no vendor COA/lot responses),docs/production-completion/catalog/catalog-reconciliation.json (GEN-GRP-0324),public copy draft; price pending_approval; supplier/COA/landed cost not verified
canonical:mov_9262033fe69a14a50f1c,5-Amino-1Mq,5-AMINO-1MQ 10 mg,Research Peptides & Materials / Lyophilized Vial,current_master_retail candidate $171.88 (pending_approval); live Product Control member price not inspected by this lane,PENDING D-05 - candidate retail is pending_approval; until approved show 'Price confirmed in your quote',Assisted order (human-reviewed request; no direct purchase),NO,YES (via assisted request),YES,NO,No (passwordless request + reference); Sign In optional to see history,NO,Early Access / assisted request: 'Request an order' at /research/early-access/order-request (entry is confusing; see CUX-03),Request Order,Supplier NOT verified (vendor RFQ: zero responses); human release after payment verification,Not verified (no vendor COA/lot responses),docs/production-completion/catalog/catalog-reconciliation.json (GEN-GRP-0256),public copy draft; price pending_approval; supplier/COA/landed cost not verified
canonical:mov_9331f42ce573fb3f72e5,CJC-1295 With Dac,CJC-1295 WITH DAC 2 mg,Research Peptides & Materials / Lyophilized Vial,current_master_retail candidate $100.00 (pending_approval); live Product Control member price not inspected by this lane,PENDING D-05 - candidate retail is pending_approval; until approved show 'Price confirmed in your quote',Assisted order (human-reviewed request; no direct purchase),NO,YES (via assisted request),YES,NO,No (passwordless request + reference); Sign In optional to see history,NO,Early Access / assisted request: 'Request an order' at /research/early-access/order-request (entry is confusing; see CUX-03),Request Order,Supplier NOT verified (vendor RFQ: zero responses); human release after payment verification,Not verified (no vendor COA/lot responses),docs/production-completion/catalog/catalog-reconciliation.json (GEN-GRP-0272),public copy draft; price pending_approval; supplier/COA/landed cost not verified
canonical:mov_9421188f57af62413a4c,Epithalon,EPITHALON 10 mg,Research Peptides & Materials / Lyophilized Vial,current_master_retail candidate $62.50 (pending_approval); live Product Control member price not inspected by this lane,PENDING D-05 - candidate retail is pending_approval; until approved show 'Price confirmed in your quote',Assisted order (human-reviewed request; no direct purchase),NO,YES (via assisted request),YES,NO,No (passwordless request + reference); Sign In optional to see history,NO,Early Access / assisted request: 'Request an order' at /research/early-access/order-request (entry is confusing; see CUX-03),Request Order,Supplier NOT verified (vendor RFQ: zero responses); human release after payment verification,Not verified (no vendor COA/lot responses),docs/production-completion/catalog/catalog-reconciliation.json (GEN-GRP-0282),public copy draft; price pending_approval; supplier/COA/landed cost not verified
canonical:mov_95104bb0edee8e97a3a6,LL-37 (CAP-18),5 mg,Research Peptides & Materials / Lyophilized Vial,seth_recommended_retail candidate $99.00 (pending_approval); live Product Control member price not inspected by this lane,PENDING D-05 - candidate retail is pending_approval; until approved show 'Price confirmed in your quote',Assisted order (human-reviewed request; no direct purchase),NO,YES (via assisted request),YES,NO,No (passwordless request + reference); Sign In optional to see history,NO,Early Access / assisted request: 'Request an order' at /research/early-access/order-request (entry is confusing; see CUX-03),Request Order,Supplier NOT verified (vendor RFQ: zero responses); human release after payment verification,Not verified (no vendor COA/lot responses),docs/production-completion/catalog/catalog-reconciliation.json (GEN-GRP-0312),public copy draft; price pending_approval; supplier/COA/landed cost not verified
canonical:mov_971080f20e26e8775e2b,Thymosin Alpha-1 + KPV + LL-37,Thymosin Alpha-1 5 mg + KPV 5 mg + LL-37 5 mg,Research Peptides & Materials / Lyophilized Vial,current_master_retail candidate $397.50 (pending_approval); live Product Control member price not inspected by this lane,PENDING D-05 - candidate retail is pending_approval; until approved show 'Price confirmed in your quote',Assisted order (human-reviewed request; no direct purchase),NO,YES (via assisted request),YES,NO,No (passwordless request + reference); Sign In optional to see history,NO,Early Access / assisted request: 'Request an order' at /research/early-access/order-request (entry is confusing; see CUX-03),Request Order,Supplier NOT verified (vendor RFQ: zero responses); human release after payment verification,Not verified (no vendor COA/lot responses),docs/production-completion/catalog/catalog-reconciliation.json (GEN-GRP-0353),public copy draft; price pending_approval; supplier/COA/landed cost not verified
canonical:mov_9774e642bf4c6b799a8c,GHRP-2,GHRP-2 10 mg,Research Peptides & Materials / Lyophilized Vial,current_master_retail candidate $162.50 (pending_approval); live Product Control member price not inspected by this lane,PENDING D-05 - candidate retail is pending_approval; until approved show 'Price confirmed in your quote',Assisted order (human-reviewed request; no direct purchase),NO,YES (via assisted request),YES,NO,No (passwordless request + reference); Sign In optional to see history,NO,Early Access / assisted request: 'Request an order' at /research/early-access/order-request (entry is confusing; see CUX-03),Request Order,Supplier NOT verified (vendor RFQ: zero responses); human release after payment verification,Not verified (no vendor COA/lot responses),docs/production-completion/catalog/catalog-reconciliation.json (GEN-GRP-0290),public copy draft; price pending_approval; supplier/COA/landed cost not verified
canonical:mov_99e4c4e045d188c3026f,Selank,10 mg,Research Peptides & Materials / Lyophilized Vial,seth_recommended_retail candidate $69.00 (pending_approval); live Product Control member price not inspected by this lane,PENDING D-05 - candidate retail is pending_approval; until approved show 'Price confirmed in your quote',Assisted order (human-reviewed request; no direct purchase),NO,YES (via assisted request),YES,NO,No (passwordless request + reference); Sign In optional to see history,NO,Early Access / assisted request: 'Request an order' at /research/early-access/order-request (entry is confusing; see CUX-03),Request Order,Supplier NOT verified (vendor RFQ: zero responses); human release after payment verification,Not verified (no vendor COA/lot responses),docs/production-completion/catalog/catalog-reconciliation.json (GEN-GRP-0331),public copy draft; price pending_approval; supplier/COA/landed cost not verified
canonical:mov_9cc6d7d3967d7507480b,PT-141,10 mg,Research Peptides & Materials / Lyophilized Vial,seth_recommended_retail candidate $79.00 (pending_approval); live Product Control member price not inspected by this lane,PENDING D-05 - candidate retail is pending_approval; until approved show 'Price confirmed in your quote',Assisted order (human-reviewed request; no direct purchase),NO,YES (via assisted request),YES,NO,No (passwordless request + reference); Sign In optional to see history,NO,Early Access / assisted request: 'Request an order' at /research/early-access/order-request (entry is confusing; see CUX-03),Request Order,Supplier NOT verified (vendor RFQ: zero responses); human release after payment verification,Not verified (no vendor COA/lot responses),docs/production-completion/catalog/catalog-reconciliation.json (GEN-GRP-0321),public copy draft; price pending_approval; supplier/COA/landed cost not verified
canonical:mov_a29c1130a8c45aff1f26,GHRP-2,GHRP-2 5 mg,Research Peptides & Materials / Lyophilized Vial,current_master_retail candidate $65.00 (pending_approval); live Product Control member price not inspected by this lane,PENDING D-05 - candidate retail is pending_approval; until approved show 'Price confirmed in your quote',Assisted order (human-reviewed request; no direct purchase),NO,YES (via assisted request),YES,NO,No (passwordless request + reference); Sign In optional to see history,NO,Early Access / assisted request: 'Request an order' at /research/early-access/order-request (entry is confusing; see CUX-03),Request Order,Supplier NOT verified (vendor RFQ: zero responses); human release after payment verification,Not verified (no vendor COA/lot responses),docs/production-completion/catalog/catalog-reconciliation.json (GEN-GRP-0291),public copy draft; price pending_approval; supplier/COA/landed cost not verified
canonical:mov_a4b4118c4d23b1546c8b,KPV,KPV 5 mg,Research Peptides & Materials / Lyophilized Vial,current_master_retail candidate $112.50 (pending_approval); live Product Control member price not inspected by this lane,PENDING D-05 - candidate retail is pending_approval; until approved show 'Price confirmed in your quote',Assisted order (human-reviewed request; no direct purchase),NO,YES (via assisted request),YES,NO,No (passwordless request + reference); Sign In optional to see history,NO,Early Access / assisted request: 'Request an order' at /research/early-access/order-request (entry is confusing; see CUX-03),Request Order,Supplier NOT verified (vendor RFQ: zero responses); human release after payment verification,Not verified (no vendor COA/lot responses),docs/production-completion/catalog/catalog-reconciliation.json (GEN-GRP-0307),public copy draft; price pending_approval; supplier/COA/landed cost not verified
canonical:mov_a75d9a7c5bfa0dec5ece,Liraglutide,LIRAGLUTIDE 20 mg,Research Peptides & Materials / Lyophilized Vial,current_master_retail candidate $218.75 (pending_approval); live Product Control member price not inspected by this lane,PENDING D-05 - candidate retail is pending_approval; until approved show 'Price confirmed in your quote',Assisted order (human-reviewed request; no direct purchase),NO,YES (via assisted request),YES,NO,No (passwordless request + reference); Sign In optional to see history,NO,Early Access / assisted request: 'Request an order' at /research/early-access/order-request (entry is confusing; see CUX-03),Request Order,Supplier NOT verified (vendor RFQ: zero responses); human release after payment verification,Not verified (no vendor COA/lot responses),docs/production-completion/catalog/catalog-reconciliation.json (GEN-GRP-0311),public copy draft; price pending_approval; supplier/COA/landed cost not verified
canonical:mov_aef099fb39b3fa062f45,Dihexa,DIHEXA 10 mg,Research Capsules / Capsule / Bottle,current_master_retail candidate $297.50 (pending_approval); live Product Control member price not inspected by this lane,PENDING D-05 - candidate retail is pending_approval; until approved show 'Price confirmed in your quote',Assisted order (human-reviewed request; no direct purchase),NO,YES (via assisted request),YES,NO,No (passwordless request + reference); Sign In optional to see history,NO,Early Access / assisted request: 'Request an order' at /research/early-access/order-request (entry is confusing; see CUX-03),Request Order,Supplier NOT verified (vendor RFQ: zero responses); human release after payment verification,Not verified (no vendor COA/lot responses),docs/production-completion/catalog/catalog-reconciliation.json (GEN-GRP-0247),public copy draft; price pending_approval; supplier/COA/landed cost not verified
canonical:mov_b1fbc841c7fb09265cad,Tesamorelin,10 mg,Research Peptides & Materials / Lyophilized Vial,seth_recommended_retail candidate $109.00 (pending_approval); live Product Control member price not inspected by this lane,PENDING D-05 - candidate retail is pending_approval; until approved show 'Price confirmed in your quote',Assisted order (human-reviewed request; no direct purchase),NO,YES (via assisted request),YES,NO,No (passwordless request + reference); Sign In optional to see history,NO,Early Access / assisted request: 'Request an order' at /research/early-access/order-request (entry is confusing; see CUX-03),Request Order,Supplier NOT verified (vendor RFQ: zero responses); human release after payment verification,Not verified (no vendor COA/lot responses),docs/production-completion/catalog/catalog-reconciliation.json (GEN-GRP-0347),public copy draft; price pending_approval; supplier/COA/landed cost not verified
canonical:mov_b36b64d987325dca8df4,Gonadorelin,GONADORELIN 5 mg,Research Peptides & Materials / Lyophilized Vial,current_master_retail candidate $100.00 (pending_approval); live Product Control member price not inspected by this lane,PENDING D-05 - candidate retail is pending_approval; until approved show 'Price confirmed in your quote',Assisted order (human-reviewed request; no direct purchase),NO,YES (via assisted request),YES,NO,No (passwordless request + reference); Sign In optional to see history,NO,Early Access / assisted request: 'Request an order' at /research/early-access/order-request (entry is confusing; see CUX-03),Request Order,Supplier NOT verified (vendor RFQ: zero responses); human release after payment verification,Not verified (no vendor COA/lot responses),docs/production-completion/catalog/catalog-reconciliation.json (GEN-GRP-0297),public copy draft; price pending_approval; supplier/COA/landed cost not verified
canonical:mov_b5c50d1bb9d8ad998062,HCG,HCG 5000 IU,Research Peptides & Materials / Lyophilized Vial,current_master_retail candidate $112.50 (pending_approval); live Product Control member price not inspected by this lane,PENDING D-05 - candidate retail is pending_approval; until approved show 'Price confirmed in your quote',Assisted order (human-reviewed request; no direct purchase),NO,YES (via assisted request),YES,NO,No (passwordless request + reference); Sign In optional to see history,NO,Early Access / assisted request: 'Request an order' at /research/early-access/order-request (entry is confusing; see CUX-03),Request Order,Supplier NOT verified (vendor RFQ: zero responses); human release after payment verification,Not verified (no vendor COA/lot responses),docs/production-completion/catalog/catalog-reconciliation.json (GEN-GRP-0299),public copy draft; price pending_approval; supplier/COA/landed cost not verified
canonical:mov_ba80c9a61870131db0cf,Thymosin Alpha-1,10 mg,Research Peptides & Materials / Lyophilized Vial,seth_recommended_retail candidate $119.00 (pending_approval); live Product Control member price not inspected by this lane,PENDING D-05 - candidate retail is pending_approval; until approved show 'Price confirmed in your quote',Assisted order (human-reviewed request; no direct purchase),NO,YES (via assisted request),YES,NO,No (passwordless request + reference); Sign In optional to see history,NO,Early Access / assisted request: 'Request an order' at /research/early-access/order-request (entry is confusing; see CUX-03),Request Order,Supplier NOT verified (vendor RFQ: zero responses); human release after payment verification,Not verified (no vendor COA/lot responses),docs/production-completion/catalog/catalog-reconciliation.json (GEN-GRP-0350),public copy draft; price pending_approval; supplier/COA/landed cost not verified
canonical:mov_bb52e1ff1819c70d9db1,Tirzepatide,TIRZEPATIDE 10 mg,Research Peptides & Materials / Lyophilized Vial,current_master_retail candidate $42.00 (pending_approval); live Product Control member price not inspected by this lane,PENDING D-05 - candidate retail is pending_approval; until approved show 'Price confirmed in your quote',Assisted order (human-reviewed request; no direct purchase),NO,YES (via assisted request),YES,NO,No (passwordless request + reference); Sign In optional to see history,NO,Early Access / assisted request: 'Request an order' at /research/early-access/order-request (entry is confusing; see CUX-03),Request Order,Supplier NOT verified (vendor RFQ: zero responses); human release after payment verification,Not verified (no vendor COA/lot responses),docs/production-completion/catalog/catalog-reconciliation.json (GEN-GRP-0354),public copy draft; price pending_approval; supplier/COA/landed cost not verified
canonical:mov_bc725d0ad2a12e1ee57c,Cagrilintide,10 mg,Research Peptides & Materials / Lyophilized Vial,seth_recommended_retail candidate $139.00 (pending_approval); live Product Control member price not inspected by this lane,PENDING D-05 - candidate retail is pending_approval; until approved show 'Price confirmed in your quote',Assisted order (human-reviewed request; no direct purchase),NO,YES (via assisted request),YES,NO,No (passwordless request + reference); Sign In optional to see history,NO,Early Access / assisted request: 'Request an order' at /research/early-access/order-request (entry is confusing; see CUX-03),Request Order,Supplier NOT verified (vendor RFQ: zero responses); human release after payment verification,Not verified (no vendor COA/lot responses),docs/production-completion/catalog/catalog-reconciliation.json (GEN-GRP-0274),public copy draft; price pending_approval; supplier/COA/landed cost not verified
canonical:mov_bd3ee913aa6fedf2c743,Semax,10 mg,Research Peptides & Materials / Lyophilized Vial,seth_recommended_retail candidate $69.00 (pending_approval); live Product Control member price not inspected by this lane,PENDING D-05 - candidate retail is pending_approval; until approved show 'Price confirmed in your quote',Assisted order (human-reviewed request; no direct purchase),NO,YES (via assisted request),YES,NO,No (passwordless request + reference); Sign In optional to see history,NO,Early Access / assisted request: 'Request an order' at /research/early-access/order-request (entry is confusing; see CUX-03),Request Order,Supplier NOT verified (vendor RFQ: zero responses); human release after payment verification,Not verified (no vendor COA/lot responses),docs/production-completion/catalog/catalog-reconciliation.json (GEN-GRP-0338),public copy draft; price pending_approval; supplier/COA/landed cost not verified
canonical:mov_c46129d04e61dd2a9722,Tirzepatide,TIRZEPATIDE 15 mg,Research Peptides & Materials / Lyophilized Vial,current_master_retail candidate $56.00 (pending_approval); live Product Control member price not inspected by this lane,PENDING D-05 - candidate retail is pending_approval; until approved show 'Price confirmed in your quote',Assisted order (human-reviewed request; no direct purchase),NO,YES (via assisted request),YES,NO,No (passwordless request + reference); Sign In optional to see history,NO,Early Access / assisted request: 'Request an order' at /research/early-access/order-request (entry is confusing; see CUX-03),Request Order,Supplier NOT verified (vendor RFQ: zero responses); human release after payment verification,Not verified (no vendor COA/lot responses),docs/production-completion/catalog/catalog-reconciliation.json (GEN-GRP-0355),public copy draft; price pending_approval; supplier/COA/landed cost not verified
canonical:mov_c4e5006693c890563310,Epithalon,EPITHALON 50 mg,Research Peptides & Materials / Lyophilized Vial,current_master_retail candidate $112.50 (pending_approval); live Product Control member price not inspected by this lane,PENDING D-05 - candidate retail is pending_approval; until approved show 'Price confirmed in your quote',Assisted order (human-reviewed request; no direct purchase),NO,YES (via assisted request),YES,NO,No (passwordless request + reference); Sign In optional to see history,NO,Early Access / assisted request: 'Request an order' at /research/early-access/order-request (entry is confusing; see CUX-03),Request Order,Supplier NOT verified (vendor RFQ: zero responses); human release after payment verification,Not verified (no vendor COA/lot responses),docs/production-completion/catalog/catalog-reconciliation.json (GEN-GRP-0286),public copy draft; price pending_approval; supplier/COA/landed cost not verified
canonical:mov_c6f57f9b117d418065ff,Tirzepatide,30 mg,Research Peptides & Materials / Lyophilized Vial,seth_recommended_retail candidate $129.00 (pending_approval); live Product Control member price not inspected by this lane,PENDING D-05 - candidate retail is pending_approval; until approved show 'Price confirmed in your quote',Assisted order (human-reviewed request; no direct purchase),NO,YES (via assisted request),YES,NO,No (passwordless request + reference); Sign In optional to see history,NO,Early Access / assisted request: 'Request an order' at /research/early-access/order-request (entry is confusing; see CUX-03),Request Order,Supplier NOT verified (vendor RFQ: zero responses); human release after payment verification,Not verified (no vendor COA/lot responses),docs/production-completion/catalog/catalog-reconciliation.json (GEN-GRP-0357),public copy draft; price pending_approval; supplier/COA/landed cost not verified
canonical:mov_c7c5768303175886f6d1,Cagrilintide + Semaglutide,CAGRILINTIDE 10 mg + SEMAGLUTIDE 10 mg,Research Peptides & Materials / Lyophilized Vial,current_master_retail candidate $231.25 (pending_approval); live Product Control member price not inspected by this lane,PENDING D-05 - candidate retail is pending_approval; until approved show 'Price confirmed in your quote',Assisted order (human-reviewed request; no direct purchase),NO,YES (via assisted request),YES,NO,No (passwordless request + reference); Sign In optional to see history,NO,Early Access / assisted request: 'Request an order' at /research/early-access/order-request (entry is confusing; see CUX-03),Request Order,Supplier NOT verified (vendor RFQ: zero responses); human release after payment verification,Not verified (no vendor COA/lot responses),docs/production-completion/catalog/catalog-reconciliation.json (GEN-GRP-0276),public copy draft; price pending_approval; supplier/COA/landed cost not verified
canonical:mov_ca3e45ae9712aee91430,BPC-157,10 mg,Research Peptides & Materials / Lyophilized Vial,seth_recommended_retail candidate $59.00 (pending_approval); live Product Control member price not inspected by this lane,PENDING D-05 - candidate retail is pending_approval; until approved show 'Price confirmed in your quote',Assisted order (human-reviewed request; no direct purchase),NO,YES (via assisted request),YES,NO,No (passwordless request + reference); Sign In optional to see history,NO,Early Access / assisted request: 'Request an order' at /research/early-access/order-request (entry is confusing; see CUX-03),Request Order,Supplier NOT verified (vendor RFQ: zero responses); human release after payment verification,Not verified (no vendor COA/lot responses),docs/production-completion/catalog/catalog-reconciliation.json (GEN-GRP-0262),public copy draft; price pending_approval; supplier/COA/landed cost not verified
canonical:mov_cacbbed2b1431c073e72,Thymosin Alpha-1,5 mg,Research Peptides & Materials / Lyophilized Vial,seth_recommended_retail candidate $79.00 (pending_approval); live Product Control member price not inspected by this lane,PENDING D-05 - candidate retail is pending_approval; until approved show 'Price confirmed in your quote',Assisted order (human-reviewed request; no direct purchase),NO,YES (via assisted request),YES,NO,No (passwordless request + reference); Sign In optional to see history,NO,Early Access / assisted request: 'Request an order' at /research/early-access/order-request (entry is confusing; see CUX-03),Request Order,Supplier NOT verified (vendor RFQ: zero responses); human release after payment verification,Not verified (no vendor COA/lot responses),docs/production-completion/catalog/catalog-reconciliation.json (GEN-GRP-0351),public copy draft; price pending_approval; supplier/COA/landed cost not verified
canonical:mov_cd50ffa15bc031572636,Ipamorelin,IPAMORELIN 5 mg,Research Peptides & Materials / Lyophilized Vial,current_master_retail candidate $153.13 (pending_approval); live Product Control member price not inspected by this lane,PENDING D-05 - candidate retail is pending_approval; until approved show 'Price confirmed in your quote',Assisted order (human-reviewed request; no direct purchase),NO,YES (via assisted request),YES,NO,No (passwordless request + reference); Sign In optional to see history,NO,Early Access / assisted request: 'Request an order' at /research/early-access/order-request (entry is confusing; see CUX-03),Request Order,Supplier NOT verified (vendor RFQ: zero responses); human release after payment verification,Not verified (no vendor COA/lot responses),docs/production-completion/catalog/catalog-reconciliation.json (GEN-GRP-0303),public copy draft; price pending_approval; supplier/COA/landed cost not verified
canonical:mov_cf7635f44beb5898b8fe,Oxytocin,OXYTOCIN 2 mg,Research Peptides & Materials / Lyophilized Vial,current_master_retail candidate $150.00 (pending_approval); live Product Control member price not inspected by this lane,PENDING D-05 - candidate retail is pending_approval; until approved show 'Price confirmed in your quote',Assisted order (human-reviewed request; no direct purchase),NO,YES (via assisted request),YES,NO,No (passwordless request + reference); Sign In optional to see history,NO,Early Access / assisted request: 'Request an order' at /research/early-access/order-request (entry is confusing; see CUX-03),Request Order,Supplier NOT verified (vendor RFQ: zero responses); human release after payment verification,Not verified (no vendor COA/lot responses),docs/production-completion/catalog/catalog-reconciliation.json (GEN-GRP-0319),public copy draft; price pending_approval; supplier/COA/landed cost not verified
canonical:mov_d25066629d9cbdbad552,AOD-9604,10 mg,Research Peptides & Materials / Lyophilized Vial,seth_recommended_retail candidate $99.00 (pending_approval); live Product Control member price not inspected by this lane,PENDING D-05 - candidate retail is pending_approval; until approved show 'Price confirmed in your quote',Assisted order (human-reviewed request; no direct purchase),NO,YES (via assisted request),YES,NO,No (passwordless request + reference); Sign In optional to see history,NO,Early Access / assisted request: 'Request an order' at /research/early-access/order-request (entry is confusing; see CUX-03),Request Order,Supplier NOT verified (vendor RFQ: zero responses); human release after payment verification,Not verified (no vendor COA/lot responses),docs/production-completion/catalog/catalog-reconciliation.json (GEN-GRP-0260),public copy draft; price pending_approval; supplier/COA/landed cost not verified
canonical:mov_dd89c37657eb69bce04f,Ss-31,SS-31 10 mg,Research Peptides & Materials / Lyophilized Vial,current_master_retail candidate $82.50 (pending_approval); live Product Control member price not inspected by this lane,PENDING D-05 - candidate retail is pending_approval; until approved show 'Price confirmed in your quote',Assisted order (human-reviewed request; no direct purchase),NO,YES (via assisted request),YES,NO,No (passwordless request + reference); Sign In optional to see history,NO,Early Access / assisted request: 'Request an order' at /research/early-access/order-request (entry is confusing; see CUX-03),Request Order,Supplier NOT verified (vendor RFQ: zero responses); human release after payment verification,Not verified (no vendor COA/lot responses),docs/production-completion/catalog/catalog-reconciliation.json (GEN-GRP-0343),public copy draft; price pending_approval; supplier/COA/landed cost not verified
canonical:mov_e0ce4fde8a3393202bdc,AOD-9604,5 mg,Research Peptides & Materials / Lyophilized Vial,seth_recommended_retail candidate $59.00 (pending_approval); live Product Control member price not inspected by this lane,PENDING D-05 - candidate retail is pending_approval; until approved show 'Price confirmed in your quote',Assisted order (human-reviewed request; no direct purchase),NO,YES (via assisted request),YES,NO,No (passwordless request + reference); Sign In optional to see history,NO,Early Access / assisted request: 'Request an order' at /research/early-access/order-request (entry is confusing; see CUX-03),Request Order,Supplier NOT verified (vendor RFQ: zero responses); human release after payment verification,Not verified (no vendor COA/lot responses),docs/production-completion/catalog/catalog-reconciliation.json (GEN-GRP-0261),public copy draft; price pending_approval; supplier/COA/landed cost not verified
canonical:mov_e218a4fead30388a55ff,HCG,"HCG 10,000 IU",Research Peptides & Materials / Lyophilized Vial,current_master_retail candidate $212.50 (pending_approval); live Product Control member price not inspected by this lane,PENDING D-05 - candidate retail is pending_approval; until approved show 'Price confirmed in your quote',Assisted order (human-reviewed request; no direct purchase),NO,YES (via assisted request),YES,NO,No (passwordless request + reference); Sign In optional to see history,NO,Early Access / assisted request: 'Request an order' at /research/early-access/order-request (entry is confusing; see CUX-03),Request Order,Supplier NOT verified (vendor RFQ: zero responses); human release after payment verification,Not verified (no vendor COA/lot responses),docs/production-completion/catalog/catalog-reconciliation.json (GEN-GRP-0298),public copy draft; price pending_approval; supplier/COA/landed cost not verified
canonical:mov_e21bffb0a8ad83a8137f,GHRP-6,GHRP-6 10 mg,Research Peptides & Materials / Lyophilized Vial,current_master_retail candidate $162.50 (pending_approval); live Product Control member price not inspected by this lane,PENDING D-05 - candidate retail is pending_approval; until approved show 'Price confirmed in your quote',Assisted order (human-reviewed request; no direct purchase),NO,YES (via assisted request),YES,NO,No (passwordless request + reference); Sign In optional to see history,NO,Early Access / assisted request: 'Request an order' at /research/early-access/order-request (entry is confusing; see CUX-03),Request Order,Supplier NOT verified (vendor RFQ: zero responses); human release after payment verification,Not verified (no vendor COA/lot responses),docs/production-completion/catalog/catalog-reconciliation.json (GEN-GRP-0292),public copy draft; price pending_approval; supplier/COA/landed cost not verified
canonical:mov_e562b76120d36c6ebf2d,Hexarelin,HEXARELIN 10 mg,Research Peptides & Materials / Lyophilized Vial,current_master_retail candidate $84.00 (pending_approval); live Product Control member price not inspected by this lane,PENDING D-05 - candidate retail is pending_approval; until approved show 'Price confirmed in your quote',Assisted order (human-reviewed request; no direct purchase),NO,YES (via assisted request),YES,NO,No (passwordless request + reference); Sign In optional to see history,NO,Early Access / assisted request: 'Request an order' at /research/early-access/order-request (entry is confusing; see CUX-03),Request Order,Supplier NOT verified (vendor RFQ: zero responses); human release after payment verification,Not verified (no vendor COA/lot responses),docs/production-completion/catalog/catalog-reconciliation.json (GEN-GRP-0300),public copy draft; price pending_approval; supplier/COA/landed cost not verified
canonical:mov_e737e2f494af1ea61435,Sermorelin,SERMORELIN 5 mg,Research Peptides & Materials / Lyophilized Vial,current_master_retail candidate $50.50 (pending_approval); live Product Control member price not inspected by this lane,PENDING D-05 - candidate retail is pending_approval; until approved show 'Price confirmed in your quote',Assisted order (human-reviewed request; no direct purchase),NO,YES (via assisted request),YES,NO,No (passwordless request + reference); Sign In optional to see history,NO,Early Access / assisted request: 'Request an order' at /research/early-access/order-request (entry is confusing; see CUX-03),Request Order,Supplier NOT verified (vendor RFQ: zero responses); human release after payment verification,Not verified (no vendor COA/lot responses),docs/production-completion/catalog/catalog-reconciliation.json (GEN-GRP-0341),public copy draft; price pending_approval; supplier/COA/landed cost not verified
canonical:mov_e813930dcd46c36e98e2,Thymalin,THYMALIN 10 mg,Research Peptides & Materials / Lyophilized Vial,current_master_retail candidate $162.50 (pending_approval); live Product Control member price not inspected by this lane,PENDING D-05 - candidate retail is pending_approval; until approved show 'Price confirmed in your quote',Assisted order (human-reviewed request; no direct purchase),NO,YES (via assisted request),YES,NO,No (passwordless request + reference); Sign In optional to see history,NO,Early Access / assisted request: 'Request an order' at /research/early-access/order-request (entry is confusing; see CUX-03),Request Order,Supplier NOT verified (vendor RFQ: zero responses); human release after payment verification,Not verified (no vendor COA/lot responses),docs/production-completion/catalog/catalog-reconciliation.json (GEN-GRP-0349),public copy draft; price pending_approval; supplier/COA/landed cost not verified
canonical:mov_e86aa92d94c61d407578,Retatrutide,20 mg,Research Peptides & Materials / Lyophilized Vial,seth_recommended_retail candidate $199.00 (pending_approval); live Product Control member price not inspected by this lane,PENDING D-05 - candidate retail is pending_approval; until approved show 'Price confirmed in your quote',Assisted order (human-reviewed request; no direct purchase),NO,YES (via assisted request),YES,NO,No (passwordless request + reference); Sign In optional to see history,NO,Early Access / assisted request: 'Request an order' at /research/early-access/order-request (entry is confusing; see CUX-03),Request Order,Supplier NOT verified (vendor RFQ: zero responses); human release after payment verification,Not verified (no vendor COA/lot responses),docs/production-completion/catalog/catalog-reconciliation.json (GEN-GRP-0325),public copy draft; price pending_approval; supplier/COA/landed cost not verified
canonical:mov_eb49bfc0ee44e7b83d52,Tirzepatide,TIRZEPATIDE 50 mg,Research Peptides & Materials / Lyophilized Vial,current_master_retail candidate $537.50 (pending_approval); live Product Control member price not inspected by this lane,PENDING D-05 - candidate retail is pending_approval; until approved show 'Price confirmed in your quote',Assisted order (human-reviewed request; no direct purchase),NO,YES (via assisted request),YES,NO,No (passwordless request + reference); Sign In optional to see history,NO,Early Access / assisted request: 'Request an order' at /research/early-access/order-request (entry is confusing; see CUX-03),Request Order,Supplier NOT verified (vendor RFQ: zero responses); human release after payment verification,Not verified (no vendor COA/lot responses),docs/production-completion/catalog/catalog-reconciliation.json (GEN-GRP-0359),public copy draft; price pending_approval; supplier/COA/landed cost not verified
canonical:mov_ecd380609ace639d27a6,KLOW (BPC-157 + TB-500 + GHK-Cu + KPV),BPC-157 5 mg + TB-500 5 mg + GHK-Cu 10 mg + KPV 5 mg,Research Peptides & Materials / Lyophilized Vial,current_master_retail candidate $335.00 (pending_approval); live Product Control member price not inspected by this lane,PENDING D-05 - candidate retail is pending_approval; until approved show 'Price confirmed in your quote',Assisted order (human-reviewed request; no direct purchase),NO,YES (via assisted request),YES,NO,No (passwordless request + reference); Sign In optional to see history,NO,Early Access / assisted request: 'Request an order' at /research/early-access/order-request (entry is confusing; see CUX-03),Request Order,Supplier NOT verified (vendor RFQ: zero responses); human release after payment verification,Not verified (no vendor COA/lot responses),docs/production-completion/catalog/catalog-reconciliation.json (GEN-GRP-0304),public copy draft; price pending_approval; supplier/COA/landed cost not verified
canonical:mov_ee0d20dec866e2090585,Semaglutide,20 mg,Research Peptides & Materials / Lyophilized Vial,seth_recommended_retail candidate $129.00 (pending_approval); live Product Control member price not inspected by this lane,PENDING D-05 - candidate retail is pending_approval; until approved show 'Price confirmed in your quote',Assisted order (human-reviewed request; no direct purchase),NO,YES (via assisted request),YES,NO,No (passwordless request + reference); Sign In optional to see history,NO,Early Access / assisted request: 'Request an order' at /research/early-access/order-request (entry is confusing; see CUX-03),Request Order,Supplier NOT verified (vendor RFQ: zero responses); human release after payment verification,Not verified (no vendor COA/lot responses),docs/production-completion/catalog/catalog-reconciliation.json (GEN-GRP-0335),public copy draft; price pending_approval; supplier/COA/landed cost not verified
canonical:mov_f7b635c1cc2be94922a0,CJC-1295 No Dac,CJC-1295 NO DAC 2 mg,Research Peptides & Materials / Lyophilized Vial,current_master_retail candidate $162.50 (pending_approval); live Product Control member price not inspected by this lane,PENDING D-05 - candidate retail is pending_approval; until approved show 'Price confirmed in your quote',Assisted order (human-reviewed request; no direct purchase),NO,YES (via assisted request),YES,NO,No (passwordless request + reference); Sign In optional to see history,NO,Early Access / assisted request: 'Request an order' at /research/early-access/order-request (entry is confusing; see CUX-03),Request Order,Supplier NOT verified (vendor RFQ: zero responses); human release after payment verification,Not verified (no vendor COA/lot responses),docs/production-completion/catalog/catalog-reconciliation.json (GEN-GRP-0271),public copy draft; price pending_approval; supplier/COA/landed cost not verified
canonical:mov_fb757d24b8c1ae0e5efe,Melanotan I,10 mg,Research Peptides & Materials / Lyophilized Vial,seth_recommended_retail candidate $69.00 (pending_approval); live Product Control member price not inspected by this lane,PENDING D-05 - candidate retail is pending_approval; until approved show 'Price confirmed in your quote',Assisted order (human-reviewed request; no direct purchase),NO,YES (via assisted request),YES,NO,No (passwordless request + reference); Sign In optional to see history,NO,Early Access / assisted request: 'Request an order' at /research/early-access/order-request (entry is confusing; see CUX-03),Request Order,Supplier NOT verified (vendor RFQ: zero responses); human release after payment verification,Not verified (no vendor COA/lot responses),docs/production-completion/catalog/catalog-reconciliation.json (GEN-GRP-0314),public copy draft; price pending_approval; supplier/COA/landed cost not verified
live_alias:02c84407-cc6f-480f-82dc-a77de334f2a0,AOD-9604 Research Material,"Single vial, 5 mg",Research Peptides & Materials / Lyophilized Vial,none in repo (no candidate),PENDING D-05 - candidate retail is pending_approval; until approved show 'Price confirmed in your quote',Assisted order (human-reviewed request; no direct purchase),NO,YES (via assisted request),YES,NO,No (passwordless request + reference); Sign In optional to see history,NO,Early Access / assisted request: 'Request an order' at /research/early-access/order-request (entry is confusing; see CUX-03),Request Order,Supplier NOT verified (vendor RFQ: zero responses); human release after payment verification,Not verified (no vendor COA/lot responses),docs/production-completion/catalog/catalog-reconciliation.json (R360-AOD9604-5MG-VIAL),public copy draft; legacy R360 identity conflict; supplier/COA/landed cost not verified
live_alias:040560a6-f7e0-42e1-a8db-723212f1c3f0,Hexarelin,"Single vial, 10 mg",Research Peptides & Materials / Lyophilized Vial,none in repo (no candidate),PENDING D-05 - candidate retail is pending_approval; until approved show 'Price confirmed in your quote',Assisted order (human-reviewed request; no direct purchase),NO,YES (via assisted request),YES,NO,No (passwordless request + reference); Sign In optional to see history,NO,Early Access / assisted request: 'Request an order' at /research/early-access/order-request (entry is confusing; see CUX-03),Request Order,Supplier NOT verified (vendor RFQ: zero responses); human release after payment verification,Not verified (no vendor COA/lot responses),docs/production-completion/catalog/catalog-reconciliation.json (R360-HEXARELIN-10MG-VIAL),public copy draft; legacy R360 identity conflict; supplier/COA/landed cost not verified
live_alias:0e456fd4-371b-427d-a529-6482ca6b35b3,GHK-Cu Research Material,"Single vial, 100 mg",Research Peptides & Materials / Lyophilized Vial,none in repo (no candidate),PENDING D-05 - candidate retail is pending_approval; until approved show 'Price confirmed in your quote',Assisted order (human-reviewed request; no direct purchase),NO,YES (via assisted request),YES,NO,No (passwordless request + reference); Sign In optional to see history,NO,Early Access / assisted request: 'Request an order' at /research/early-access/order-request (entry is confusing; see CUX-03),Request Order,Supplier NOT verified (vendor RFQ: zero responses); human release after payment verification,Not verified (no vendor COA/lot responses),docs/production-completion/catalog/catalog-reconciliation.json (R360-GHKCU-100MG-VIAL),public copy draft; legacy R360 identity conflict; supplier/COA/landed cost not verified
live_alias:23738e39-81d3-41e4-978f-b78a64108280,Oxytocin,"Single vial, 5 mg",Research Peptides & Materials / Lyophilized Vial,none in repo (no candidate),PENDING D-05 - candidate retail is pending_approval; until approved show 'Price confirmed in your quote',Assisted order (human-reviewed request; no direct purchase),NO,YES (via assisted request),YES,NO,No (passwordless request + reference); Sign In optional to see history,NO,Early Access / assisted request: 'Request an order' at /research/early-access/order-request (entry is confusing; see CUX-03),Request Order,Supplier NOT verified (vendor RFQ: zero responses); human release after payment verification,Not verified (no vendor COA/lot responses),docs/production-completion/catalog/catalog-reconciliation.json (R360-OXYTOCIN-5MG-VIAL),public copy draft; legacy R360 identity conflict; supplier/COA/landed cost not verified
live_alias:390ef93f-f215-4cdf-9b7b-c537af94d4ff,GHK-Cu Research Material,"Single vial, 50 mg",Research Peptides & Materials / Lyophilized Vial,none in repo (no candidate),PENDING D-05 - candidate retail is pending_approval; until approved show 'Price confirmed in your quote',Assisted order (human-reviewed request; no direct purchase),NO,YES (via assisted request),YES,NO,No (passwordless request + reference); Sign In optional to see history,NO,Early Access / assisted request: 'Request an order' at /research/early-access/order-request (entry is confusing; see CUX-03),Request Order,Supplier NOT verified (vendor RFQ: zero responses); human release after payment verification,Not verified (no vendor COA/lot responses),docs/production-completion/catalog/catalog-reconciliation.json (R360-GHKCU-50MG-VIAL),public copy draft; legacy R360 identity conflict; supplier/COA/landed cost not verified
live_alias:3f5ba79d-f7a6-40dd-88e4-1f77aef9d410,PT-141 Research Material,"Single vial, 10 mg",Research Peptides & Materials / Lyophilized Vial,none in repo (no candidate),PENDING D-05 - candidate retail is pending_approval; until approved show 'Price confirmed in your quote',Assisted order (human-reviewed request; no direct purchase),NO,YES (via assisted request),YES,NO,No (passwordless request + reference); Sign In optional to see history,NO,Early Access / assisted request: 'Request an order' at /research/early-access/order-request (entry is confusing; see CUX-03),Request Order,Supplier NOT verified (vendor RFQ: zero responses); human release after payment verification,Not verified (no vendor COA/lot responses),docs/production-completion/catalog/catalog-reconciliation.json (R360-PT141-10MG-VIAL),public copy draft; legacy R360 identity conflict; supplier/COA/landed cost not verified
live_alias:4302123c-4f29-4259-ace4-15da51f48673,MOTS-C Research Material,"Single vial, 10 mg",Research Peptides & Materials / Lyophilized Vial,none in repo (no candidate),PENDING D-05 - candidate retail is pending_approval; until approved show 'Price confirmed in your quote',Assisted order (human-reviewed request; no direct purchase),NO,YES (via assisted request),YES,NO,No (passwordless request + reference); Sign In optional to see history,NO,Early Access / assisted request: 'Request an order' at /research/early-access/order-request (entry is confusing; see CUX-03),Request Order,Supplier NOT verified (vendor RFQ: zero responses); human release after payment verification,Not verified (no vendor COA/lot responses),docs/production-completion/catalog/catalog-reconciliation.json (R360-MOTSC-10MG-VIAL),public copy draft; legacy R360 identity conflict; supplier/COA/landed cost not verified
live_alias:5282a958-a390-4436-b8b0-bcf862ac744d,Glutathione Research Material,"Single vial, 500 mg",Research Peptides & Materials / Lyophilized Vial,none in repo (no candidate),PENDING D-05 - candidate retail is pending_approval; until approved show 'Price confirmed in your quote',Assisted order (human-reviewed request; no direct purchase),NO,YES (via assisted request),YES,NO,No (passwordless request + reference); Sign In optional to see history,NO,Early Access / assisted request: 'Request an order' at /research/early-access/order-request (entry is confusing; see CUX-03),Request Order,Supplier NOT verified (vendor RFQ: zero responses); human release after payment verification,Not verified (no vendor COA/lot responses),docs/production-completion/catalog/catalog-reconciliation.json (R360-GLUTATHIONE-500MG-VIAL),public copy draft; legacy R360 identity conflict; supplier/COA/landed cost not verified
live_alias:56c72416-dab6-4ec0-a417-267d3af53e9c,DSIP Research Material,"Single vial, 10 mg",Research Peptides & Materials / Lyophilized Vial,none in repo (no candidate),PENDING D-05 - candidate retail is pending_approval; until approved show 'Price confirmed in your quote',Assisted order (human-reviewed request; no direct purchase),NO,YES (via assisted request),YES,NO,No (passwordless request + reference); Sign In optional to see history,NO,Early Access / assisted request: 'Request an order' at /research/early-access/order-request (entry is confusing; see CUX-03),Request Order,Supplier NOT verified (vendor RFQ: zero responses); human release after payment verification,Not verified (no vendor COA/lot responses),docs/production-completion/catalog/catalog-reconciliation.json (R360-DSIP-10MG-VIAL),public copy draft; legacy R360 identity conflict; supplier/COA/landed cost not verified
live_alias:5fc05223-ab56-4a18-9857-936d36b26599,Tesamorelin Research Material,"Single vial, 10 mg",Research Peptides & Materials / Lyophilized Vial,none in repo (no candidate),PENDING D-05 - candidate retail is pending_approval; until approved show 'Price confirmed in your quote',Assisted order (human-reviewed request; no direct purchase),NO,YES (via assisted request),YES,NO,No (passwordless request + reference); Sign In optional to see history,NO,Early Access / assisted request: 'Request an order' at /research/early-access/order-request (entry is confusing; see CUX-03),Request Order,Supplier NOT verified (vendor RFQ: zero responses); human release after payment verification,Not verified (no vendor COA/lot responses),docs/production-completion/catalog/catalog-reconciliation.json (R360-TESAMORELIN-10MG-VIAL),public copy draft; legacy R360 identity conflict; supplier/COA/landed cost not verified
live_alias:6de7b7d4-71b7-4aad-ac9b-f2bfc9023fc7,Kisspeptin-10 Research Material,"Single vial, 10 mg",Research Peptides & Materials / Lyophilized Vial,none in repo (no candidate),PENDING D-05 - candidate retail is pending_approval; until approved show 'Price confirmed in your quote',Assisted order (human-reviewed request; no direct purchase),NO,YES (via assisted request),YES,NO,No (passwordless request + reference); Sign In optional to see history,NO,Early Access / assisted request: 'Request an order' at /research/early-access/order-request (entry is confusing; see CUX-03),Request Order,Supplier NOT verified (vendor RFQ: zero responses); human release after payment verification,Not verified (no vendor COA/lot responses),docs/production-completion/catalog/catalog-reconciliation.json (R360-KISSPEPTIN10-10MG-VIAL),public copy draft; legacy R360 identity conflict; supplier/COA/landed cost not verified
live_alias:7595cda4-c45c-4c6a-9c33-ff4e8da9488e,Cagrilintide,"Single vial, 10 mg",Research Peptides & Materials / Lyophilized Vial,none in repo (no candidate),PENDING D-05 - candidate retail is pending_approval; until approved show 'Price confirmed in your quote',Assisted order (human-reviewed request; no direct purchase),NO,YES (via assisted request),YES,NO,No (passwordless request + reference); Sign In optional to see history,NO,Early Access / assisted request: 'Request an order' at /research/early-access/order-request (entry is confusing; see CUX-03),Request Order,Supplier NOT verified (vendor RFQ: zero responses); human release after payment verification,Not verified (no vendor COA/lot responses),docs/production-completion/catalog/catalog-reconciliation.json (R360-CAGRILINTIDE-10MG-VIAL),public copy draft; legacy R360 identity conflict; supplier/COA/landed cost not verified
live_alias:7e134db7-29f2-4efc-acc3-3025cb0bac99,Ipamorelin Research Material,"Single vial, 10 mg",Research Peptides & Materials / Lyophilized Vial,none in repo (no candidate),PENDING D-05 - candidate retail is pending_approval; until approved show 'Price confirmed in your quote',Assisted order (human-reviewed request; no direct purchase),NO,YES (via assisted request),YES,NO,No (passwordless request + reference); Sign In optional to see history,NO,Early Access / assisted request: 'Request an order' at /research/early-access/order-request (entry is confusing; see CUX-03),Request Order,Supplier NOT verified (vendor RFQ: zero responses); human release after payment verification,Not verified (no vendor COA/lot responses),docs/production-completion/catalog/catalog-reconciliation.json (R360-IPAMORELIN-10MG-VIAL),public copy draft; legacy R360 identity conflict; supplier/COA/landed cost not verified
live_alias:8488aa25-92a4-4fa2-bf53-cd12cafce5a0,Thymosin Alpha-1 Research Material,"Single vial, 10 mg",Research Peptides & Materials / Lyophilized Vial,none in repo (no candidate),PENDING D-05 - candidate retail is pending_approval; until approved show 'Price confirmed in your quote',Assisted order (human-reviewed request; no direct purchase),NO,YES (via assisted request),YES,NO,No (passwordless request + reference); Sign In optional to see history,NO,Early Access / assisted request: 'Request an order' at /research/early-access/order-request (entry is confusing; see CUX-03),Request Order,Supplier NOT verified (vendor RFQ: zero responses); human release after payment verification,Not verified (no vendor COA/lot responses),docs/production-completion/catalog/catalog-reconciliation.json (R360-THYMOSINALPHA1-10MG-VIAL),public copy draft; legacy R360 identity conflict; supplier/COA/landed cost not verified
live_alias:8dbf690a-5f7e-4fa8-8694-ac2722dcad3a,NAD+ Research Material,"Single vial, 500 mg",Research Peptides & Materials / Lyophilized Vial,none in repo (no candidate),PENDING D-05 - candidate retail is pending_approval; until approved show 'Price confirmed in your quote',Assisted order (human-reviewed request; no direct purchase),NO,YES (via assisted request),YES,NO,No (passwordless request + reference); Sign In optional to see history,NO,Early Access / assisted request: 'Request an order' at /research/early-access/order-request (entry is confusing; see CUX-03),Request Order,Supplier NOT verified (vendor RFQ: zero responses); human release after payment verification,Not verified (no vendor COA/lot responses),docs/production-completion/catalog/catalog-reconciliation.json (R360-NAD-500MG-VIAL),public copy draft; legacy R360 identity conflict; supplier/COA/landed cost not verified
live_alias:9ed65dee-1f44-43ae-835c-39762777f2bf,NAD+ Research Material,"Single vial, 1000 mg",Research Peptides & Materials / Lyophilized Vial,none in repo (no candidate),PENDING D-05 - candidate retail is pending_approval; until approved show 'Price confirmed in your quote',Assisted order (human-reviewed request; no direct purchase),NO,YES (via assisted request),YES,NO,No (passwordless request + reference); Sign In optional to see history,NO,Early Access / assisted request: 'Request an order' at /research/early-access/order-request (entry is confusing; see CUX-03),Request Order,Supplier NOT verified (vendor RFQ: zero responses); human release after payment verification,Not verified (no vendor COA/lot responses),docs/production-completion/catalog/catalog-reconciliation.json (R360-NAD-1000MG-VIAL),public copy draft; legacy R360 identity conflict; supplier/COA/landed cost not verified
live_alias:a47e6ed6-21b5-457e-92fe-63088ff008ce,BPC-157 Research Material,"Single vial, 5 mg",Research Peptides & Materials / Lyophilized Vial,none in repo (no candidate),PENDING D-05 - candidate retail is pending_approval; until approved show 'Price confirmed in your quote',Assisted order (human-reviewed request; no direct purchase),NO,YES (via assisted request),YES,NO,No (passwordless request + reference); Sign In optional to see history,NO,Early Access / assisted request: 'Request an order' at /research/early-access/order-request (entry is confusing; see CUX-03),Request Order,Supplier NOT verified (vendor RFQ: zero responses); human release after payment verification,Not verified (no vendor COA/lot responses),docs/production-completion/catalog/catalog-reconciliation.json (R360-BPC157-5MG-VIAL),public copy draft; legacy R360 identity conflict; supplier/COA/landed cost not verified
live_alias:aff993e5-f889-4924-839b-0de24695355a,Selank Research Material,"Single vial, 10 mg",Research Peptides & Materials / Lyophilized Vial,none in repo (no candidate),PENDING D-05 - candidate retail is pending_approval; until approved show 'Price confirmed in your quote',Assisted order (human-reviewed request; no direct purchase),NO,YES (via assisted request),YES,NO,No (passwordless request + reference); Sign In optional to see history,NO,Early Access / assisted request: 'Request an order' at /research/early-access/order-request (entry is confusing; see CUX-03),Request Order,Supplier NOT verified (vendor RFQ: zero responses); human release after payment verification,Not verified (no vendor COA/lot responses),docs/production-completion/catalog/catalog-reconciliation.json (R360-SELANK-10MG-VIAL),public copy draft; legacy R360 identity conflict; supplier/COA/landed cost not verified
live_alias:b9cba238-f1e4-45f2-ae8b-4071f2d0f942,KPV Research Material,"Single vial, 10 mg",Research Peptides & Materials / Lyophilized Vial,none in repo (no candidate),PENDING D-05 - candidate retail is pending_approval; until approved show 'Price confirmed in your quote',Assisted order (human-reviewed request; no direct purchase),NO,YES (via assisted request),YES,NO,No (passwordless request + reference); Sign In optional to see history,NO,Early Access / assisted request: 'Request an order' at /research/early-access/order-request (entry is confusing; see CUX-03),Request Order,Supplier NOT verified (vendor RFQ: zero responses); human release after payment verification,Not verified (no vendor COA/lot responses),docs/production-completion/catalog/catalog-reconciliation.json (R360-KPV-10MG-VIAL),public copy draft; legacy R360 identity conflict; supplier/COA/landed cost not verified
live_alias:bb5b7ac5-3861-4074-90cf-bfba0da28a09,BPC-157 Research Material,"Single vial, 10 mg",Research Peptides & Materials / Lyophilized Vial,none in repo (no candidate),PENDING D-05 - candidate retail is pending_approval; until approved show 'Price confirmed in your quote',Assisted order (human-reviewed request; no direct purchase),NO,YES (via assisted request),YES,NO,No (passwordless request + reference); Sign In optional to see history,NO,Early Access / assisted request: 'Request an order' at /research/early-access/order-request (entry is confusing; see CUX-03),Request Order,Supplier NOT verified (vendor RFQ: zero responses); human release after payment verification,Not verified (no vendor COA/lot responses),docs/production-completion/catalog/catalog-reconciliation.json (R360-BPC157-10MG-VIAL),public copy draft; legacy R360 identity conflict; supplier/COA/landed cost not verified
live_alias:c024aed7-edda-4be8-a590-c2a26023ea18,Sermorelin Research Material,"Single vial, 5 mg",Research Peptides & Materials / Lyophilized Vial,none in repo (no candidate),PENDING D-05 - candidate retail is pending_approval; until approved show 'Price confirmed in your quote',Assisted order (human-reviewed request; no direct purchase),NO,YES (via assisted request),YES,NO,No (passwordless request + reference); Sign In optional to see history,NO,Early Access / assisted request: 'Request an order' at /research/early-access/order-request (entry is confusing; see CUX-03),Request Order,Supplier NOT verified (vendor RFQ: zero responses); human release after payment verification,Not verified (no vendor COA/lot responses),docs/production-completion/catalog/catalog-reconciliation.json (R360-SERMORELIN-5MG-VIAL),public copy draft; legacy R360 identity conflict; supplier/COA/landed cost not verified
live_alias:d049baa8-8b3b-405b-9d82-f84c84b0b95a,Semax Research Material,"Single vial, 10 mg",Research Peptides & Materials / Lyophilized Vial,none in repo (no candidate),PENDING D-05 - candidate retail is pending_approval; until approved show 'Price confirmed in your quote',Assisted order (human-reviewed request; no direct purchase),NO,YES (via assisted request),YES,NO,No (passwordless request + reference); Sign In optional to see history,NO,Early Access / assisted request: 'Request an order' at /research/early-access/order-request (entry is confusing; see CUX-03),Request Order,Supplier NOT verified (vendor RFQ: zero responses); human release after payment verification,Not verified (no vendor COA/lot responses),docs/production-completion/catalog/catalog-reconciliation.json (R360-SEMAX-10MG-VIAL),public copy draft; legacy R360 identity conflict; supplier/COA/landed cost not verified
canonical:mov_0130087ca998e9b5e5ca,Glutathione,GLUTATHIONE 200MG/ML (10ML),503A Clinical Formulations / Compounded Vial / Liquid,none in repo (no candidate),NO - clinician/pharmacy determines; show 'Price confirmed after clinical review' (D-05),Care pathway only (clinician decision after secure handoff),YES,NO,NO,NO,No account to request Care; secure clinical account only after human review,YES,Public: none (catalog not public). Member catalog: 'Explore Care' -> /research/member/metabolic-care (member-only page),Start Care,Licensed pharmacy via secure clinical system - provider readiness NOT verified (PROVIDER_READINESS.md),N/A to site (pharmacy-dispensed); pharmacy identity not verified,docs/production-completion/catalog/catalog-reconciliation.json (GEN-GRP-0069),public copy draft; pharmacy/clinician provider not verified
canonical:mov_0146c6b245d5f09247a8,Progesterone,PROGESTERONE 250MG/ML CREAM,503A Clinical Formulations / Topical Cream,none in repo (no candidate),NO - clinician/pharmacy determines; show 'Price confirmed after clinical review' (D-05),Care pathway only (clinician decision after secure handoff),YES,NO,NO,NO,No account to request Care; secure clinical account only after human review,YES,Public: none (catalog not public). Member catalog: 'Explore Care' -> /research/member/metabolic-care (member-only page),Start Care,Licensed pharmacy via secure clinical system - provider readiness NOT verified (PROVIDER_READINESS.md),N/A to site (pharmacy-dispensed); pharmacy identity not verified,docs/production-completion/catalog/catalog-reconciliation.json (GEN-GRP-0145),public copy draft; pharmacy/clinician provider not verified
canonical:mov_020fdc809db231eb75be,Dhea,DHEA 25MG CAPSULE,503A Clinical Formulations / Capsule,none in repo (no candidate),NO - clinician/pharmacy determines; show 'Price confirmed after clinical review' (D-05),Care pathway only (clinician decision after secure handoff),YES,NO,NO,NO,No account to request Care; secure clinical account only after human review,YES,Public: none (catalog not public). Member catalog: 'Explore Care' -> /research/member/metabolic-care (member-only page),Start Care,Licensed pharmacy via secure clinical system - provider readiness NOT verified (PROVIDER_READINESS.md),N/A to site (pharmacy-dispensed); pharmacy identity not verified,docs/production-completion/catalog/catalog-reconciliation.json (GEN-GRP-0037),public copy draft; pharmacy/clinician provider not verified
canonical:mov_022a35a6bdaceb5366fd,Semaglutide + B12,SEMAGLUTIDE/B12 5.6MG-500MCG/ML (2ML) (11.2mg vial),503A Clinical Formulations / Compounded Vial / Liquid,none in repo (no candidate),NO - clinician/pharmacy determines; show 'Price confirmed after clinical review' (D-05),Care pathway only (clinician decision after secure handoff),YES,NO,NO,NO,No account to request Care; secure clinical account only after human review,YES,Public: none (catalog not public). Member catalog: 'Explore Care' -> /research/member/metabolic-care (member-only page),Start Care,Licensed pharmacy via secure clinical system - provider readiness NOT verified (PROVIDER_READINESS.md),N/A to site (pharmacy-dispensed); pharmacy identity not verified,docs/production-completion/catalog/catalog-reconciliation.json (GEN-GRP-0164),public copy draft; pharmacy/clinician provider not verified
canonical:mov_028599999058c362cc84,Tadalafil,TADALAFIL 12MG CAPSULE,503A Clinical Formulations / Capsule,none in repo (no candidate),NO - clinician/pharmacy determines; show 'Price confirmed after clinical review' (D-05),Care pathway only (clinician decision after secure handoff),YES,NO,NO,NO,No account to request Care; secure clinical account only after human review,YES,Public: none (catalog not public). Member catalog: 'Explore Care' -> /research/member/metabolic-care (member-only page),Start Care,Licensed pharmacy via secure clinical system - provider readiness NOT verified (PROVIDER_READINESS.md),N/A to site (pharmacy-dispensed); pharmacy identity not verified,docs/production-completion/catalog/catalog-reconciliation.json (GEN-GRP-0196),public copy draft; pharmacy/clinician provider not verified
canonical:mov_032788e5244937ceca28,Sildenafil SR,SILDENAFIL SR 36MG CAPSULE,503A Clinical Formulations / Capsule,none in repo (no candidate),NO - clinician/pharmacy determines; show 'Price confirmed after clinical review' (D-05),Care pathway only (clinician decision after secure handoff),YES,NO,NO,NO,No account to request Care; secure clinical account only after human review,YES,Public: none (catalog not public). Member catalog: 'Explore Care' -> /research/member/metabolic-care (member-only page),Start Care,Licensed pharmacy via secure clinical system - provider readiness NOT verified (PROVIDER_READINESS.md),N/A to site (pharmacy-dispensed); pharmacy identity not verified,docs/production-completion/catalog/catalog-reconciliation.json (GEN-GRP-0178),public copy draft; pharmacy/clinician provider not verified
canonical:mov_03d3b84a967580d41b5e,SLU-PP-332 + Bam 15 Capsule,SLU-PP-332/BAM 15 CAPSULE 100MCG/15MG PER CAPSULE,503A Clinical Formulations / Capsule,none in repo (no candidate),NO - clinician/pharmacy determines; show 'Price confirmed after clinical review' (D-05),Care pathway only (clinician decision after secure handoff),YES,NO,NO,NO,No account to request Care; secure clinical account only after human review,YES,Public: none (catalog not public). Member catalog: 'Explore Care' -> /research/member/metabolic-care (member-only page),Start Care,Licensed pharmacy via secure clinical system - provider readiness NOT verified (PROVIDER_READINESS.md),N/A to site (pharmacy-dispensed); pharmacy identity not verified,docs/production-completion/catalog/catalog-reconciliation.json (GEN-GRP-0156),public copy draft; pharmacy/clinician provider not verified
canonical:mov_0513bbc222e4f0c5a177,Larazotide,LARAZOTIDE 500MCG CAPSULE,503A Clinical Formulations / Capsule,none in repo (no candidate),NO - clinician/pharmacy determines; show 'Price confirmed after clinical review' (D-05),Care pathway only (clinician decision after secure handoff),YES,NO,NO,NO,No account to request Care; secure clinical account only after human review,YES,Public: none (catalog not public). Member catalog: 'Explore Care' -> /research/member/metabolic-care (member-only page),Start Care,Licensed pharmacy via secure clinical system - provider readiness NOT verified (PROVIDER_READINESS.md),N/A to site (pharmacy-dispensed); pharmacy identity not verified,docs/production-completion/catalog/catalog-reconciliation.json (GEN-GRP-0083),public copy draft; pharmacy/clinician provider not verified
canonical:mov_0599d5a40aa70a61481b,Anastrozole Tablet,ANASTROZOLE TABLET 1MG,503A Clinical Formulations / Tablet,none in repo (no candidate),NO - clinician/pharmacy determines; show 'Price confirmed after clinical review' (D-05),Care pathway only (clinician decision after secure handoff),YES,NO,NO,NO,No account to request Care; secure clinical account only after human review,YES,Public: none (catalog not public). Member catalog: 'Explore Care' -> /research/member/metabolic-care (member-only page),Start Care,Licensed pharmacy via secure clinical system - provider readiness NOT verified (PROVIDER_READINESS.md),N/A to site (pharmacy-dispensed); pharmacy identity not verified,docs/production-completion/catalog/catalog-reconciliation.json (GEN-GRP-0005),public copy draft; pharmacy/clinician provider not verified
canonical:mov_05e4dd8400058a9c51de,Testosterone,TESTOSTERONE 200MG/GM TOPICAL CREAM,503A Clinical Formulations / Topical Cream,none in repo (no candidate),NO - clinician/pharmacy determines; show 'Price confirmed after clinical review' (D-05),Care pathway only (clinician decision after secure handoff),YES,NO,NO,NO,No account to request Care; secure clinical account only after human review,YES,Public: none (catalog not public). Member catalog: 'Explore Care' -> /research/member/metabolic-care (member-only page),Start Care,Licensed pharmacy via secure clinical system - provider readiness NOT verified (PROVIDER_READINESS.md),N/A to site (pharmacy-dispensed); pharmacy identity not verified,docs/production-completion/catalog/catalog-reconciliation.json (GEN-GRP-0215),public copy draft; pharmacy/clinician provider not verified
canonical:mov_06beec21c59fe7842f18,LIBIDO CREAM (SCREAM CREAM),LIBIDO CREAM (SCREAM CREAM) — Testosterone Cypionate 0.1% / Sildenafil Citrate 0.1% / Glycerin / Versabase Cream,503A Clinical Formulations / Topical Cream,none in repo (no candidate),NO - clinician/pharmacy determines; show 'Price confirmed after clinical review' (D-05),Care pathway only (clinician decision after secure handoff),YES,NO,NO,NO,No account to request Care; secure clinical account only after human review,YES,Public: none (catalog not public). Member catalog: 'Explore Care' -> /research/member/metabolic-care (member-only page),Start Care,Licensed pharmacy via secure clinical system - provider readiness NOT verified (PROVIDER_READINESS.md),N/A to site (pharmacy-dispensed); pharmacy identity not verified,docs/production-completion/catalog/catalog-reconciliation.json (GEN-GRP-0080),public copy draft; pharmacy/clinician provider not verified
canonical:mov_0753f47d752e1c799a66,Sildenafil,SILDENAFIL 50MG TABLET,503A Clinical Formulations / Tablet,none in repo (no candidate),NO - clinician/pharmacy determines; show 'Price confirmed after clinical review' (D-05),Care pathway only (clinician decision after secure handoff),YES,NO,NO,NO,No account to request Care; secure clinical account only after human review,YES,Public: none (catalog not public). Member catalog: 'Explore Care' -> /research/member/metabolic-care (member-only page),Start Care,Licensed pharmacy via secure clinical system - provider readiness NOT verified (PROVIDER_READINESS.md),N/A to site (pharmacy-dispensed); pharmacy identity not verified,docs/production-completion/catalog/catalog-reconciliation.json (GEN-GRP-0174),public copy draft; pharmacy/clinician provider not verified
canonical:mov_0770a6afb80c6564ad21,Biotin,BIOTIN 10MG/ML (10ML),503A Clinical Formulations / Compounded Vial / Liquid,none in repo (no candidate),NO - clinician/pharmacy determines; show 'Price confirmed after clinical review' (D-05),Care pathway only (clinician decision after secure handoff),YES,NO,NO,NO,No account to request Care; secure clinical account only after human review,YES,Public: none (catalog not public). Member catalog: 'Explore Care' -> /research/member/metabolic-care (member-only page),Start Care,Licensed pharmacy via secure clinical system - provider readiness NOT verified (PROVIDER_READINESS.md),N/A to site (pharmacy-dispensed); pharmacy identity not verified,docs/production-completion/catalog/catalog-reconciliation.json (GEN-GRP-0029),public copy draft; pharmacy/clinician provider not verified
canonical:mov_083f7ccf9c4bd92d299f,Clomiphene,CLOMIPHENE 25MG CAPSULE,503A Clinical Formulations / Capsule,none in repo (no candidate),NO - clinician/pharmacy determines; show 'Price confirmed after clinical review' (D-05),Care pathway only (clinician decision after secure handoff),YES,NO,NO,NO,No account to request Care; secure clinical account only after human review,YES,Public: none (catalog not public). Member catalog: 'Explore Care' -> /research/member/metabolic-care (member-only page),Start Care,Licensed pharmacy via secure clinical system - provider readiness NOT verified (PROVIDER_READINESS.md),N/A to site (pharmacy-dispensed); pharmacy identity not verified,docs/production-completion/catalog/catalog-reconciliation.json (GEN-GRP-0034),public copy draft; pharmacy/clinician provider not verified
canonical:mov_088296ed03af733becdc,MOTS-C,MOTS-C 2MG/ML (5ML),503A Clinical Formulations / Compounded Vial / Liquid,none in repo (no candidate),NO - clinician/pharmacy determines; show 'Price confirmed after clinical review' (D-05),Care pathway only (clinician decision after secure handoff),YES,NO,NO,NO,No account to request Care; secure clinical account only after human review,YES,Public: none (catalog not public). Member catalog: 'Explore Care' -> /research/member/metabolic-care (member-only page),Start Care,Licensed pharmacy via secure clinical system - provider readiness NOT verified (PROVIDER_READINESS.md),N/A to site (pharmacy-dispensed); pharmacy identity not verified,docs/production-completion/catalog/catalog-reconciliation.json (GEN-GRP-0094),public copy draft; pharmacy/clinician provider not verified
canonical:mov_08f0c1f6459b4238952b,Sildenafil + Tadalafil,SILDENAFIL/TADALAFIL 50MG-10MG CAPSULE,503A Clinical Formulations / Capsule,none in repo (no candidate),NO - clinician/pharmacy determines; show 'Price confirmed after clinical review' (D-05),Care pathway only (clinician decision after secure handoff),YES,NO,NO,NO,No account to request Care; secure clinical account only after human review,YES,Public: none (catalog not public). Member catalog: 'Explore Care' -> /research/member/metabolic-care (member-only page),Start Care,Licensed pharmacy via secure clinical system - provider readiness NOT verified (PROVIDER_READINESS.md),N/A to site (pharmacy-dispensed); pharmacy identity not verified,docs/production-completion/catalog/catalog-reconciliation.json (GEN-GRP-0176),public copy draft; pharmacy/clinician provider not verified
canonical:mov_0c2ae18a59f6b2a23237,Minoxidil,MINOXIDIL 5% / AZELAIC ACID 12.5% / FINASTERIDE 0.1% / KETOCONAZOLE 2% SOLUTION 60ML,503A Clinical Formulations / Solution,none in repo (no candidate),NO - clinician/pharmacy determines; show 'Price confirmed after clinical review' (D-05),Care pathway only (clinician decision after secure handoff),YES,NO,NO,NO,No account to request Care; secure clinical account only after human review,YES,Public: none (catalog not public). Member catalog: 'Explore Care' -> /research/member/metabolic-care (member-only page),Start Care,Licensed pharmacy via secure clinical system - provider readiness NOT verified (PROVIDER_READINESS.md),N/A to site (pharmacy-dispensed); pharmacy identity not verified,docs/production-completion/catalog/catalog-reconciliation.json (GEN-GRP-0108),public copy draft; pharmacy/clinician provider not verified
canonical:mov_0d6ca1ef7c59b4abaede,Ascorbic Acid,ASCORBIC ACID 500MG/ML INJ. (30ML),503A Clinical Formulations / Injectable Solution,none in repo (no candidate),NO - clinician/pharmacy determines; show 'Price confirmed after clinical review' (D-05),Care pathway only (clinician decision after secure handoff),YES,NO,NO,NO,No account to request Care; secure clinical account only after human review,YES,Public: none (catalog not public). Member catalog: 'Explore Care' -> /research/member/metabolic-care (member-only page),Start Care,Licensed pharmacy via secure clinical system - provider readiness NOT verified (PROVIDER_READINESS.md),N/A to site (pharmacy-dispensed); pharmacy identity not verified,docs/production-completion/catalog/catalog-reconciliation.json (GEN-GRP-0011),public copy draft; pharmacy/clinician provider not verified
canonical:mov_0e4d058496289e517594,Estradiol,ESTRADIOL 1MG TABLET,503A Clinical Formulations / Tablet,none in repo (no candidate),NO - clinician/pharmacy determines; show 'Price confirmed after clinical review' (D-05),Care pathway only (clinician decision after secure handoff),YES,NO,NO,NO,No account to request Care; secure clinical account only after human review,YES,Public: none (catalog not public). Member catalog: 'Explore Care' -> /research/member/metabolic-care (member-only page),Start Care,Licensed pharmacy via secure clinical system - provider readiness NOT verified (PROVIDER_READINESS.md),N/A to site (pharmacy-dispensed); pharmacy identity not verified,docs/production-completion/catalog/catalog-reconciliation.json (GEN-GRP-0055),public copy draft; pharmacy/clinician provider not verified
canonical:mov_0eabaf76ceae3e87a64f,Testosterone Ent,TESTOSTERONE ENT 200MG/ML GRAPE SEED OIL (5ML),503A Clinical Formulations / Compounded Vial / Liquid,none in repo (no candidate),NO - clinician/pharmacy determines; show 'Price confirmed after clinical review' (D-05),Care pathway only (clinician decision after secure handoff),YES,NO,NO,NO,No account to request Care; secure clinical account only after human review,YES,Public: none (catalog not public). Member catalog: 'Explore Care' -> /research/member/metabolic-care (member-only page),Start Care,Licensed pharmacy via secure clinical system - provider readiness NOT verified (PROVIDER_READINESS.md),N/A to site (pharmacy-dispensed); pharmacy identity not verified,docs/production-completion/catalog/catalog-reconciliation.json (GEN-GRP-0224),public copy draft; pharmacy/clinician provider not verified
canonical:mov_1119581881eb8a50c333,Kyzatrex (Oral Testosterone),KYZATREX (ORAL TESTOSTERONE) 200MG,503A Clinical Formulations / Listed Unit,none in repo (no candidate),NO - clinician/pharmacy determines; show 'Price confirmed after clinical review' (D-05),Care pathway only (clinician decision after secure handoff),YES,NO,NO,NO,No account to request Care; secure clinical account only after human review,YES,Public: none (catalog not public). Member catalog: 'Explore Care' -> /research/member/metabolic-care (member-only page),Start Care,Licensed pharmacy via secure clinical system - provider readiness NOT verified (PROVIDER_READINESS.md),N/A to site (pharmacy-dispensed); pharmacy identity not verified,docs/production-completion/catalog/catalog-reconciliation.json (GEN-GRP-0079),public copy draft; pharmacy/clinician provider not verified
canonical:mov_11a2d542bd5c9d262d33,Bi-Est (80 + 20),BI-EST (80/20) 2MG/ML CREAM,503A Clinical Formulations / Topical Cream,none in repo (no candidate),NO - clinician/pharmacy determines; show 'Price confirmed after clinical review' (D-05),Care pathway only (clinician decision after secure handoff),YES,NO,NO,NO,No account to request Care; secure clinical account only after human review,YES,Public: none (catalog not public). Member catalog: 'Explore Care' -> /research/member/metabolic-care (member-only page),Start Care,Licensed pharmacy via secure clinical system - provider readiness NOT verified (PROVIDER_READINESS.md),N/A to site (pharmacy-dispensed); pharmacy identity not verified,docs/production-completion/catalog/catalog-reconciliation.json (GEN-GRP-0025),public copy draft; pharmacy/clinician provider not verified
canonical:mov_120042d931e6c04de5a7,Dihexa,DIHEXA 5MG CAPSULE,503A Clinical Formulations / Capsule,none in repo (no candidate),NO - clinician/pharmacy determines; show 'Price confirmed after clinical review' (D-05),Care pathway only (clinician decision after secure handoff),YES,NO,NO,NO,No account to request Care; secure clinical account only after human review,YES,Public: none (catalog not public). Member catalog: 'Explore Care' -> /research/member/metabolic-care (member-only page),Start Care,Licensed pharmacy via secure clinical system - provider readiness NOT verified (PROVIDER_READINESS.md),N/A to site (pharmacy-dispensed); pharmacy identity not verified,docs/production-completion/catalog/catalog-reconciliation.json (GEN-GRP-0040),public copy draft; pharmacy/clinician provider not verified
canonical:mov_1257ce2cf99948f94deb,Estradiol,ESTRADIOL 0.25MG CAPSULE,503A Clinical Formulations / Capsule,none in repo (no candidate),NO - clinician/pharmacy determines; show 'Price confirmed after clinical review' (D-05),Care pathway only (clinician decision after secure handoff),YES,NO,NO,NO,No account to request Care; secure clinical account only after human review,YES,Public: none (catalog not public). Member catalog: 'Explore Care' -> /research/member/metabolic-care (member-only page),Start Care,Licensed pharmacy via secure clinical system - provider readiness NOT verified (PROVIDER_READINESS.md),N/A to site (pharmacy-dispensed); pharmacy identity not verified,docs/production-completion/catalog/catalog-reconciliation.json (GEN-GRP-0048),public copy draft; pharmacy/clinician provider not verified
canonical:mov_142e69c895e4e9dfd108,Semaglutide + B12,SEMAGLUTIDE/B12 3.4MG-500MCG/ML (2ML) (6.8mg vial),503A Clinical Formulations / Compounded Vial / Liquid,none in repo (no candidate),NO - clinician/pharmacy determines; show 'Price confirmed after clinical review' (D-05),Care pathway only (clinician decision after secure handoff),YES,NO,NO,NO,No account to request Care; secure clinical account only after human review,YES,Public: none (catalog not public). Member catalog: 'Explore Care' -> /research/member/metabolic-care (member-only page),Start Care,Licensed pharmacy via secure clinical system - provider readiness NOT verified (PROVIDER_READINESS.md),N/A to site (pharmacy-dispensed); pharmacy identity not verified,docs/production-completion/catalog/catalog-reconciliation.json (GEN-GRP-0162),public copy draft; pharmacy/clinician provider not verified
canonical:mov_14a952b1a5b4951dc063,Finasteride Tablet,FINASTERIDE TABLET 1MG,503A Clinical Formulations / Tablet,none in repo (no candidate),NO - clinician/pharmacy determines; show 'Price confirmed after clinical review' (D-05),Care pathway only (clinician decision after secure handoff),YES,NO,NO,NO,No account to request Care; secure clinical account only after human review,YES,Public: none (catalog not public). Member catalog: 'Explore Care' -> /research/member/metabolic-care (member-only page),Start Care,Licensed pharmacy via secure clinical system - provider readiness NOT verified (PROVIDER_READINESS.md),N/A to site (pharmacy-dispensed); pharmacy identity not verified,docs/production-completion/catalog/catalog-reconciliation.json (GEN-GRP-0059),public copy draft; pharmacy/clinician provider not verified
canonical:mov_16d6440006e72819c033,Tadalafil SR,TADALAFIL SR 24MG CAPSULE,503A Clinical Formulations / Capsule,none in repo (no candidate),NO - clinician/pharmacy determines; show 'Price confirmed after clinical review' (D-05),Care pathway only (clinician decision after secure handoff),YES,NO,NO,NO,No account to request Care; secure clinical account only after human review,YES,Public: none (catalog not public). Member catalog: 'Explore Care' -> /research/member/metabolic-care (member-only page),Start Care,Licensed pharmacy via secure clinical system - provider readiness NOT verified (PROVIDER_READINESS.md),N/A to site (pharmacy-dispensed); pharmacy identity not verified,docs/production-completion/catalog/catalog-reconciliation.json (GEN-GRP-0202),public copy draft; pharmacy/clinician provider not verified
canonical:mov_189d42074e6b32a05462,Progesterone,PROGESTERONE 300MG SR CAPSULE,503A Clinical Formulations / Capsule,none in repo (no candidate),NO - clinician/pharmacy determines; show 'Price confirmed after clinical review' (D-05),Care pathway only (clinician decision after secure handoff),YES,NO,NO,NO,No account to request Care; secure clinical account only after human review,YES,Public: none (catalog not public). Member catalog: 'Explore Care' -> /research/member/metabolic-care (member-only page),Start Care,Licensed pharmacy via secure clinical system - provider readiness NOT verified (PROVIDER_READINESS.md),N/A to site (pharmacy-dispensed); pharmacy identity not verified,docs/production-completion/catalog/catalog-reconciliation.json (GEN-GRP-0149),public copy draft; pharmacy/clinician provider not verified
canonical:mov_1af9bddcc747b4b0390d,Testosterone,TESTOSTERONE 50MG/GM TOPICAL CREAM,503A Clinical Formulations / Topical Cream,none in repo (no candidate),NO - clinician/pharmacy determines; show 'Price confirmed after clinical review' (D-05),Care pathway only (clinician decision after secure handoff),YES,NO,NO,NO,No account to request Care; secure clinical account only after human review,YES,Public: none (catalog not public). Member catalog: 'Explore Care' -> /research/member/metabolic-care (member-only page),Start Care,Licensed pharmacy via secure clinical system - provider readiness NOT verified (PROVIDER_READINESS.md),N/A to site (pharmacy-dispensed); pharmacy identity not verified,docs/production-completion/catalog/catalog-reconciliation.json (GEN-GRP-0217),public copy draft; pharmacy/clinician provider not verified
canonical:mov_1b1c6fad6fe643bae46f,Estradiol,ESTRADIOL 0.75MG CAPSULE,503A Clinical Formulations / Capsule,none in repo (no candidate),NO - clinician/pharmacy determines; show 'Price confirmed after clinical review' (D-05),Care pathway only (clinician decision after secure handoff),YES,NO,NO,NO,No account to request Care; secure clinical account only after human review,YES,Public: none (catalog not public). Member catalog: 'Explore Care' -> /research/member/metabolic-care (member-only page),Start Care,Licensed pharmacy via secure clinical system - provider readiness NOT verified (PROVIDER_READINESS.md),N/A to site (pharmacy-dispensed); pharmacy identity not verified,docs/production-completion/catalog/catalog-reconciliation.json (GEN-GRP-0050),public copy draft; pharmacy/clinician provider not verified
canonical:mov_1d4475fa96d199f72b4b,Semaglutide + B12,SEMAGLUTIDE/B12 5MG-500MCG/ML (3ML) (15mg vial),503A Clinical Formulations / Compounded Vial / Liquid,none in repo (no candidate),NO - clinician/pharmacy determines; show 'Price confirmed after clinical review' (D-05),Care pathway only (clinician decision after secure handoff),YES,NO,NO,NO,No account to request Care; secure clinical account only after human review,YES,Public: none (catalog not public). Member catalog: 'Explore Care' -> /research/member/metabolic-care (member-only page),Start Care,Licensed pharmacy via secure clinical system - provider readiness NOT verified (PROVIDER_READINESS.md),N/A to site (pharmacy-dispensed); pharmacy identity not verified,docs/production-completion/catalog/catalog-reconciliation.json (GEN-GRP-0165),public copy draft; pharmacy/clinician provider not verified
canonical:mov_2006e34fbd8f2b39c46a,Aod-9604,AOD-9604 1.2MG/ML (6MG/5ML),503A Clinical Formulations / Compounded Vial / Liquid,none in repo (no candidate),NO - clinician/pharmacy determines; show 'Price confirmed after clinical review' (D-05),Care pathway only (clinician decision after secure handoff),YES,NO,NO,NO,No account to request Care; secure clinical account only after human review,YES,Public: none (catalog not public). Member catalog: 'Explore Care' -> /research/member/metabolic-care (member-only page),Start Care,Licensed pharmacy via secure clinical system - provider readiness NOT verified (PROVIDER_READINESS.md),N/A to site (pharmacy-dispensed); pharmacy identity not verified,docs/production-completion/catalog/catalog-reconciliation.json (GEN-GRP-0006),public copy draft; pharmacy/clinician provider not verified
canonical:mov_207ae3c3598581a1a4b5,Ara 290,ARA 290 6MG/ML (5ML),503A Clinical Formulations / Compounded Vial / Liquid,none in repo (no candidate),NO - clinician/pharmacy determines; show 'Price confirmed after clinical review' (D-05),Care pathway only (clinician decision after secure handoff),YES,NO,NO,NO,No account to request Care; secure clinical account only after human review,YES,Public: none (catalog not public). Member catalog: 'Explore Care' -> /research/member/metabolic-care (member-only page),Start Care,Licensed pharmacy via secure clinical system - provider readiness NOT verified (PROVIDER_READINESS.md),N/A to site (pharmacy-dispensed); pharmacy identity not verified,docs/production-completion/catalog/catalog-reconciliation.json (GEN-GRP-0009),public copy draft; pharmacy/clinician provider not verified
canonical:mov_214b4eb089035b252d07,Bi-Pro-Test Cream,BI-PRO-TEST CREAM 0.25MG/100MG/1MG/GM,503A Clinical Formulations / Topical Cream,none in repo (no candidate),NO - clinician/pharmacy determines; show 'Price confirmed after clinical review' (D-05),Care pathway only (clinician decision after secure handoff),YES,NO,NO,NO,No account to request Care; secure clinical account only after human review,YES,Public: none (catalog not public). Member catalog: 'Explore Care' -> /research/member/metabolic-care (member-only page),Start Care,Licensed pharmacy via secure clinical system - provider readiness NOT verified (PROVIDER_READINESS.md),N/A to site (pharmacy-dispensed); pharmacy identity not verified,docs/production-completion/catalog/catalog-reconciliation.json (GEN-GRP-0028),public copy draft; pharmacy/clinician provider not verified
canonical:mov_21534608574ca9d6fbd5,Progesterone,PROGESTERONE 150MG CAPSULE,503A Clinical Formulations / Capsule,none in repo (no candidate),NO - clinician/pharmacy determines; show 'Price confirmed after clinical review' (D-05),Care pathway only (clinician decision after secure handoff),YES,NO,NO,NO,No account to request Care; secure clinical account only after human review,YES,Public: none (catalog not public). Member catalog: 'Explore Care' -> /research/member/metabolic-care (member-only page),Start Care,Licensed pharmacy via secure clinical system - provider readiness NOT verified (PROVIDER_READINESS.md),N/A to site (pharmacy-dispensed); pharmacy identity not verified,docs/production-completion/catalog/catalog-reconciliation.json (GEN-GRP-0137),public copy draft; pharmacy/clinician provider not verified
canonical:mov_22f8ede1ff7f158b8c9b,Testosterone,TESTOSTERONE 14MG/GM TOPICAL CREAM,503A Clinical Formulations / Topical Cream,none in repo (no candidate),NO - clinician/pharmacy determines; show 'Price confirmed after clinical review' (D-05),Care pathway only (clinician decision after secure handoff),YES,NO,NO,NO,No account to request Care; secure clinical account only after human review,YES,Public: none (catalog not public). Member catalog: 'Explore Care' -> /research/member/metabolic-care (member-only page),Start Care,Licensed pharmacy via secure clinical system - provider readiness NOT verified (PROVIDER_READINESS.md),N/A to site (pharmacy-dispensed); pharmacy identity not verified,docs/production-completion/catalog/catalog-reconciliation.json (GEN-GRP-0214),public copy draft; pharmacy/clinician provider not verified
canonical:mov_256f409fa7eaaa527e9d,Testosterone Cyp,TESTOSTERONE CYP 200MG/ML GRAPE SEED OIL (10ML),503A Clinical Formulations / Compounded Vial / Liquid,none in repo (no candidate),NO - clinician/pharmacy determines; show 'Price confirmed after clinical review' (D-05),Care pathway only (clinician decision after secure handoff),YES,NO,NO,NO,No account to request Care; secure clinical account only after human review,YES,Public: none (catalog not public). Member catalog: 'Explore Care' -> /research/member/metabolic-care (member-only page),Start Care,Licensed pharmacy via secure clinical system - provider readiness NOT verified (PROVIDER_READINESS.md),N/A to site (pharmacy-dispensed); pharmacy identity not verified,docs/production-completion/catalog/catalog-reconciliation.json (GEN-GRP-0219),public copy draft; pharmacy/clinician provider not verified
canonical:mov_25a060ad2d3a2f783068,CASHMERE CREAM,CASHMERE CREAM (GHK-CU 3% / NIACINAMIDE 4%) 30GM,503A Clinical Formulations / Topical Cream,none in repo (no candidate),NO - clinician/pharmacy determines; show 'Price confirmed after clinical review' (D-05),Care pathway only (clinician decision after secure handoff),YES,NO,NO,NO,No account to request Care; secure clinical account only after human review,YES,Public: none (catalog not public). Member catalog: 'Explore Care' -> /research/member/metabolic-care (member-only page),Start Care,Licensed pharmacy via secure clinical system - provider readiness NOT verified (PROVIDER_READINESS.md),N/A to site (pharmacy-dispensed); pharmacy identity not verified,docs/production-completion/catalog/catalog-reconciliation.json (GEN-GRP-0030),public copy draft; pharmacy/clinician provider not verified
canonical:mov_25a1cd02eb6cb9a7a07e,BPC-157 + KPV,BPC-157/KPV 500MCG-500MCG CAPSULE,503A Clinical Formulations / Capsule,none in repo (no candidate),NO - clinician/pharmacy determines; show 'Price confirmed after clinical review' (D-05),Care pathway only (clinician decision after secure handoff),YES,NO,NO,NO,No account to request Care; secure clinical account only after human review,YES,Public: none (catalog not public). Member catalog: 'Explore Care' -> /research/member/metabolic-care (member-only page),Start Care,Licensed pharmacy via secure clinical system - provider readiness NOT verified (PROVIDER_READINESS.md),N/A to site (pharmacy-dispensed); pharmacy identity not verified,docs/production-completion/catalog/catalog-reconciliation.json (GEN-GRP-0014),public copy draft; pharmacy/clinician provider not verified
canonical:mov_25ad4a66f23a5721d7bb,Sildenafil,SILDENAFIL 100MG TABLET,503A Clinical Formulations / Tablet,none in repo (no candidate),NO - clinician/pharmacy determines; show 'Price confirmed after clinical review' (D-05),Care pathway only (clinician decision after secure handoff),YES,NO,NO,NO,No account to request Care; secure clinical account only after human review,YES,Public: none (catalog not public). Member catalog: 'Explore Care' -> /research/member/metabolic-care (member-only page),Start Care,Licensed pharmacy via secure clinical system - provider readiness NOT verified (PROVIDER_READINESS.md),N/A to site (pharmacy-dispensed); pharmacy identity not verified,docs/production-completion/catalog/catalog-reconciliation.json (GEN-GRP-0172),public copy draft; pharmacy/clinician provider not verified
canonical:mov_2631799a9d3ab0bbd690,Oxymetholone,OXYMETHOLONE 50MG CAPSULE,503A Clinical Formulations / Capsule,none in repo (no candidate),NO - clinician/pharmacy determines; show 'Price confirmed after clinical review' (D-05),Care pathway only (clinician decision after secure handoff),YES,NO,NO,NO,No account to request Care; secure clinical account only after human review,YES,Public: none (catalog not public). Member catalog: 'Explore Care' -> /research/member/metabolic-care (member-only page),Start Care,Licensed pharmacy via secure clinical system - provider readiness NOT verified (PROVIDER_READINESS.md),N/A to site (pharmacy-dispensed); pharmacy identity not verified,docs/production-completion/catalog/catalog-reconciliation.json (GEN-GRP-0120),public copy draft; pharmacy/clinician provider not verified
canonical:mov_2bcb39d1057b8e1e977f,Stanozolol,STANOZOLOL 5MG CAPSULE,503A Clinical Formulations / Capsule,none in repo (no candidate),NO - clinician/pharmacy determines; show 'Price confirmed after clinical review' (D-05),Care pathway only (clinician decision after secure handoff),YES,NO,NO,NO,No account to request Care; secure clinical account only after human review,YES,Public: none (catalog not public). Member catalog: 'Explore Care' -> /research/member/metabolic-care (member-only page),Start Care,Licensed pharmacy via secure clinical system - provider readiness NOT verified (PROVIDER_READINESS.md),N/A to site (pharmacy-dispensed); pharmacy identity not verified,docs/production-completion/catalog/catalog-reconciliation.json (GEN-GRP-0184),public copy draft; pharmacy/clinician provider not verified
canonical:mov_2c52bd3867d380a97a5e,BPC-157 + TB-500 + KPV + GHK-Cu 3-3-3-10Mg + Ml (5Ml),BPC-157/TB500/KPV/GHK-CU 3-3-3-10MG/ML (5ML),503A Clinical Formulations / Compounded Vial / Liquid,none in repo (no candidate),NO - clinician/pharmacy determines; show 'Price confirmed after clinical review' (D-05),Care pathway only (clinician decision after secure handoff),YES,NO,NO,NO,No account to request Care; secure clinical account only after human review,YES,Public: none (catalog not public). Member catalog: 'Explore Care' -> /research/member/metabolic-care (member-only page),Start Care,Licensed pharmacy via secure clinical system - provider readiness NOT verified (PROVIDER_READINESS.md),N/A to site (pharmacy-dispensed); pharmacy identity not verified,docs/production-completion/catalog/catalog-reconciliation.json (GEN-GRP-0015),public copy draft; pharmacy/clinician provider not verified
canonical:mov_2e2f1b46c92d11a4bf52,Stanozolol,STANOZOLOL 10MG CAPSULE,503A Clinical Formulations / Capsule,none in repo (no candidate),NO - clinician/pharmacy determines; show 'Price confirmed after clinical review' (D-05),Care pathway only (clinician decision after secure handoff),YES,NO,NO,NO,No account to request Care; secure clinical account only after human review,YES,Public: none (catalog not public). Member catalog: 'Explore Care' -> /research/member/metabolic-care (member-only page),Start Care,Licensed pharmacy via secure clinical system - provider readiness NOT verified (PROVIDER_READINESS.md),N/A to site (pharmacy-dispensed); pharmacy identity not verified,docs/production-completion/catalog/catalog-reconciliation.json (GEN-GRP-0181),public copy draft; pharmacy/clinician provider not verified
canonical:mov_32f6214d6f971441ba65,Progesterone,PROGESTERONE 50MG CAPSULE,503A Clinical Formulations / Capsule,none in repo (no candidate),NO - clinician/pharmacy determines; show 'Price confirmed after clinical review' (D-05),Care pathway only (clinician decision after secure handoff),YES,NO,NO,NO,No account to request Care; secure clinical account only after human review,YES,Public: none (catalog not public). Member catalog: 'Explore Care' -> /research/member/metabolic-care (member-only page),Start Care,Licensed pharmacy via secure clinical system - provider readiness NOT verified (PROVIDER_READINESS.md),N/A to site (pharmacy-dispensed); pharmacy identity not verified,docs/production-completion/catalog/catalog-reconciliation.json (GEN-GRP-0150),public copy draft; pharmacy/clinician provider not verified
canonical:mov_33922aadda137c9d24d5,Bi-Est (80 + 20),BI-EST (80/20) 3MG/ML CREAM,503A Clinical Formulations / Topical Cream,none in repo (no candidate),NO - clinician/pharmacy determines; show 'Price confirmed after clinical review' (D-05),Care pathway only (clinician decision after secure handoff),YES,NO,NO,NO,No account to request Care; secure clinical account only after human review,YES,Public: none (catalog not public). Member catalog: 'Explore Care' -> /research/member/metabolic-care (member-only page),Start Care,Licensed pharmacy via secure clinical system - provider readiness NOT verified (PROVIDER_READINESS.md),N/A to site (pharmacy-dispensed); pharmacy identity not verified,docs/production-completion/catalog/catalog-reconciliation.json (GEN-GRP-0026),public copy draft; pharmacy/clinician provider not verified
canonical:mov_34cbeded6517f298752f,Methylcobalamin,METHYLCOBALAMIN 5MG/ML (30ML),503A Clinical Formulations / Compounded Vial / Liquid,none in repo (no candidate),NO - clinician/pharmacy determines; show 'Price confirmed after clinical review' (D-05),Care pathway only (clinician decision after secure handoff),YES,NO,NO,NO,No account to request Care; secure clinical account only after human review,YES,Public: none (catalog not public). Member catalog: 'Explore Care' -> /research/member/metabolic-care (member-only page),Start Care,Licensed pharmacy via secure clinical system - provider readiness NOT verified (PROVIDER_READINESS.md),N/A to site (pharmacy-dispensed); pharmacy identity not verified,docs/production-completion/catalog/catalog-reconciliation.json (GEN-GRP-0102),public copy draft; pharmacy/clinician provider not verified
canonical:mov_34d2979a224be8a574f4,Aod-9604,AOD-9604 300MCG TROCHE,503A Clinical Formulations / Troche,none in repo (no candidate),NO - clinician/pharmacy determines; show 'Price confirmed after clinical review' (D-05),Care pathway only (clinician decision after secure handoff),YES,NO,NO,NO,No account to request Care; secure clinical account only after human review,YES,Public: none (catalog not public). Member catalog: 'Explore Care' -> /research/member/metabolic-care (member-only page),Start Care,Licensed pharmacy via secure clinical system - provider readiness NOT verified (PROVIDER_READINESS.md),N/A to site (pharmacy-dispensed); pharmacy identity not verified,docs/production-completion/catalog/catalog-reconciliation.json (GEN-GRP-0007),public copy draft; pharmacy/clinician provider not verified
canonical:mov_3535cf2424e315083e81,Testosterone Cyp,TESTOSTERONE CYP 20MG/ML GRAPE SEED OIL (2ML),503A Clinical Formulations / Compounded Vial / Liquid,none in repo (no candidate),NO - clinician/pharmacy determines; show 'Price confirmed after clinical review' (D-05),Care pathway only (clinician decision after secure handoff),YES,NO,NO,NO,No account to request Care; secure clinical account only after human review,YES,Public: none (catalog not public). Member catalog: 'Explore Care' -> /research/member/metabolic-care (member-only page),Start Care,Licensed pharmacy via secure clinical system - provider readiness NOT verified (PROVIDER_READINESS.md),N/A to site (pharmacy-dispensed); pharmacy identity not verified,docs/production-completion/catalog/catalog-reconciliation.json (GEN-GRP-0222),public copy draft; pharmacy/clinician provider not verified
canonical:mov_36f2d080eb4e68f37a29,Glycine,GLYCINE 50MG/ML (10ML),503A Clinical Formulations / Compounded Vial / Liquid,none in repo (no candidate),NO - clinician/pharmacy determines; show 'Price confirmed after clinical review' (D-05),Care pathway only (clinician decision after secure handoff),YES,NO,NO,NO,No account to request Care; secure clinical account only after human review,YES,Public: none (catalog not public). Member catalog: 'Explore Care' -> /research/member/metabolic-care (member-only page),Start Care,Licensed pharmacy via secure clinical system - provider readiness NOT verified (PROVIDER_READINESS.md),N/A to site (pharmacy-dispensed); pharmacy identity not verified,docs/production-completion/catalog/catalog-reconciliation.json (GEN-GRP-0071),public copy draft; pharmacy/clinician provider not verified
canonical:mov_3b7dbf989dec76e6a671,Magnesium Chloride,MAGNESIUM CHLORIDE 200MG/ML (50ML),503A Clinical Formulations / Compounded Vial / Liquid,none in repo (no candidate),NO - clinician/pharmacy determines; show 'Price confirmed after clinical review' (D-05),Care pathway only (clinician decision after secure handoff),YES,NO,NO,NO,No account to request Care; secure clinical account only after human review,YES,Public: none (catalog not public). Member catalog: 'Explore Care' -> /research/member/metabolic-care (member-only page),Start Care,Licensed pharmacy via secure clinical system - provider readiness NOT verified (PROVIDER_READINESS.md),N/A to site (pharmacy-dispensed); pharmacy identity not verified,docs/production-completion/catalog/catalog-reconciliation.json (GEN-GRP-0097),public copy draft; pharmacy/clinician provider not verified
canonical:mov_3bb2af00aa17be6978cf,Progesterone,PROGESTERONE 25MG SR CAPSULE,503A Clinical Formulations / Capsule,none in repo (no candidate),NO - clinician/pharmacy determines; show 'Price confirmed after clinical review' (D-05),Care pathway only (clinician decision after secure handoff),YES,NO,NO,NO,No account to request Care; secure clinical account only after human review,YES,Public: none (catalog not public). Member catalog: 'Explore Care' -> /research/member/metabolic-care (member-only page),Start Care,Licensed pharmacy via secure clinical system - provider readiness NOT verified (PROVIDER_READINESS.md),N/A to site (pharmacy-dispensed); pharmacy identity not verified,docs/production-completion/catalog/catalog-reconciliation.json (GEN-GRP-0147),public copy draft; pharmacy/clinician provider not verified
canonical:mov_3d76ec41b628237167a8,Lidocaine,LIDOCAINE 23% / TETRACAINE 10% / PHENYLEPHRINE 0.5% TOPICAL CREAM 60ML PUMP,503A Clinical Formulations / Topical Cream,none in repo (no candidate),NO - clinician/pharmacy determines; show 'Price confirmed after clinical review' (D-05),Care pathway only (clinician decision after secure handoff),YES,NO,NO,NO,No account to request Care; secure clinical account only after human review,YES,Public: none (catalog not public). Member catalog: 'Explore Care' -> /research/member/metabolic-care (member-only page),Start Care,Licensed pharmacy via secure clinical system - provider readiness NOT verified (PROVIDER_READINESS.md),N/A to site (pharmacy-dispensed); pharmacy identity not verified,docs/production-completion/catalog/catalog-reconciliation.json (GEN-GRP-0085),public copy draft; pharmacy/clinician provider not verified
canonical:mov_3f1723408696198377fc,Lipo-B (Cyanocobalamin + Mic) (30Ml),LIPO-B (Cyanocobalamin/MIC) (30ML),503A Clinical Formulations / Compounded Vial / Liquid,none in repo (no candidate),NO - clinician/pharmacy determines; show 'Price confirmed after clinical review' (D-05),Care pathway only (clinician decision after secure handoff),YES,NO,NO,NO,No account to request Care; secure clinical account only after human review,YES,Public: none (catalog not public). Member catalog: 'Explore Care' -> /research/member/metabolic-care (member-only page),Start Care,Licensed pharmacy via secure clinical system - provider readiness NOT verified (PROVIDER_READINESS.md),N/A to site (pharmacy-dispensed); pharmacy identity not verified,docs/production-completion/catalog/catalog-reconciliation.json (GEN-GRP-0089),public copy draft; pharmacy/clinician provider not verified
canonical:mov_413281c7f02b2e6855d9,Estradiol,ESTRADIOL 1.75MG CAPSULE,503A Clinical Formulations / Capsule,none in repo (no candidate),NO - clinician/pharmacy determines; show 'Price confirmed after clinical review' (D-05),Care pathway only (clinician decision after secure handoff),YES,NO,NO,NO,No account to request Care; secure clinical account only after human review,YES,Public: none (catalog not public). Member catalog: 'Explore Care' -> /research/member/metabolic-care (member-only page),Start Care,Licensed pharmacy via secure clinical system - provider readiness NOT verified (PROVIDER_READINESS.md),N/A to site (pharmacy-dispensed); pharmacy identity not verified,docs/production-completion/catalog/catalog-reconciliation.json (GEN-GRP-0053),public copy draft; pharmacy/clinician provider not verified
canonical:mov_4160422806e2085948f1,"Cartalax (Aed, T-31)","CARTALAX (AED, t-31) 4MG/ML (5ML)",503A Clinical Formulations / Compounded Vial / Liquid,none in repo (no candidate),NO - clinician/pharmacy determines; show 'Price confirmed after clinical review' (D-05),Care pathway only (clinician decision after secure handoff),YES,NO,NO,NO,No account to request Care; secure clinical account only after human review,YES,Public: none (catalog not public). Member catalog: 'Explore Care' -> /research/member/metabolic-care (member-only page),Start Care,Licensed pharmacy via secure clinical system - provider readiness NOT verified (PROVIDER_READINESS.md),N/A to site (pharmacy-dispensed); pharmacy identity not verified,docs/production-completion/catalog/catalog-reconciliation.json (GEN-GRP-0033),public copy draft; pharmacy/clinician provider not verified
canonical:mov_41b49fab370e0087bcc0,T4 + T3,T4/T3 76MCG/18MCG IR CAPSULE,503A Clinical Formulations / Capsule,none in repo (no candidate),NO - clinician/pharmacy determines; show 'Price confirmed after clinical review' (D-05),Care pathway only (clinician decision after secure handoff),YES,NO,NO,NO,No account to request Care; secure clinical account only after human review,YES,Public: none (catalog not public). Member catalog: 'Explore Care' -> /research/member/metabolic-care (member-only page),Start Care,Licensed pharmacy via secure clinical system - provider readiness NOT verified (PROVIDER_READINESS.md),N/A to site (pharmacy-dispensed); pharmacy identity not verified,docs/production-completion/catalog/catalog-reconciliation.json (GEN-GRP-0193),public copy draft; pharmacy/clinician provider not verified
canonical:mov_446a8e2fe9f0df430708,Estradiol,ESTRADIOL 1.25MG CAPSULE,503A Clinical Formulations / Capsule,none in repo (no candidate),NO - clinician/pharmacy determines; show 'Price confirmed after clinical review' (D-05),Care pathway only (clinician decision after secure handoff),YES,NO,NO,NO,No account to request Care; secure clinical account only after human review,YES,Public: none (catalog not public). Member catalog: 'Explore Care' -> /research/member/metabolic-care (member-only page),Start Care,Licensed pharmacy via secure clinical system - provider readiness NOT verified (PROVIDER_READINESS.md),N/A to site (pharmacy-dispensed); pharmacy identity not verified,docs/production-completion/catalog/catalog-reconciliation.json (GEN-GRP-0051),public copy draft; pharmacy/clinician provider not verified
canonical:mov_446e44fc4c64977ba9f9,Testosterone Pro,TESTOSTERONE PRO 100MG/ML GRAPE SEED OIL (5ML),503A Clinical Formulations / Compounded Vial / Liquid,none in repo (no candidate),NO - clinician/pharmacy determines; show 'Price confirmed after clinical review' (D-05),Care pathway only (clinician decision after secure handoff),YES,NO,NO,NO,No account to request Care; secure clinical account only after human review,YES,Public: none (catalog not public). Member catalog: 'Explore Care' -> /research/member/metabolic-care (member-only page),Start Care,Licensed pharmacy via secure clinical system - provider readiness NOT verified (PROVIDER_READINESS.md),N/A to site (pharmacy-dispensed); pharmacy identity not verified,docs/production-completion/catalog/catalog-reconciliation.json (GEN-GRP-0225),public copy draft; pharmacy/clinician provider not verified
canonical:mov_4471c6380ef3088ef647,Phentermine SR,PHENTERMINE SR 45MG CAPSULE,503A Clinical Formulations / Capsule,none in repo (no candidate),NO - clinician/pharmacy determines; show 'Price confirmed after clinical review' (D-05),Care pathway only (clinician decision after secure handoff),YES,NO,NO,NO,No account to request Care; secure clinical account only after human review,YES,Public: none (catalog not public). Member catalog: 'Explore Care' -> /research/member/metabolic-care (member-only page),Start Care,Licensed pharmacy via secure clinical system - provider readiness NOT verified (PROVIDER_READINESS.md),N/A to site (pharmacy-dispensed); pharmacy identity not verified,docs/production-completion/catalog/catalog-reconciliation.json (GEN-GRP-0132),public copy draft; pharmacy/clinician provider not verified
canonical:mov_44bbd9b12e9d570f0765,"GHK-Cu Biocosmetic, Cream (GHK-Cu","GHK-CU BIOCOSMETIC, CREAM (GHK-CU 3% / ESTRIOL 0.3%) 30GM",503A Clinical Formulations / Topical Cream,none in repo (no candidate),NO - clinician/pharmacy determines; show 'Price confirmed after clinical review' (D-05),Care pathway only (clinician decision after secure handoff),YES,NO,NO,NO,No account to request Care; secure clinical account only after human review,YES,Public: none (catalog not public). Member catalog: 'Explore Care' -> /research/member/metabolic-care (member-only page),Start Care,Licensed pharmacy via secure clinical system - provider readiness NOT verified (PROVIDER_READINESS.md),N/A to site (pharmacy-dispensed); pharmacy identity not verified,docs/production-completion/catalog/catalog-reconciliation.json (GEN-GRP-0067),public copy draft; pharmacy/clinician provider not verified
canonical:mov_44f5a6927157750fe913,T4 + T3,T4/T3 57MCG/13.5MCG IR CAPSULE,503A Clinical Formulations / Capsule,none in repo (no candidate),NO - clinician/pharmacy determines; show 'Price confirmed after clinical review' (D-05),Care pathway only (clinician decision after secure handoff),YES,NO,NO,NO,No account to request Care; secure clinical account only after human review,YES,Public: none (catalog not public). Member catalog: 'Explore Care' -> /research/member/metabolic-care (member-only page),Start Care,Licensed pharmacy via secure clinical system - provider readiness NOT verified (PROVIDER_READINESS.md),N/A to site (pharmacy-dispensed); pharmacy identity not verified,docs/production-completion/catalog/catalog-reconciliation.json (GEN-GRP-0192),public copy draft; pharmacy/clinician provider not verified
canonical:mov_45ca9ef521018807384e,Tirzepatide + B12,TIRZEPATIDE/B12 6MG-500MCG/ML (2ML) (12mg vial),503A Clinical Formulations / Compounded Vial / Liquid,none in repo (no candidate),NO - clinician/pharmacy determines; show 'Price confirmed after clinical review' (D-05),Care pathway only (clinician decision after secure handoff),YES,NO,NO,NO,No account to request Care; secure clinical account only after human review,YES,Public: none (catalog not public). Member catalog: 'Explore Care' -> /research/member/metabolic-care (member-only page),Start Care,Licensed pharmacy via secure clinical system - provider readiness NOT verified (PROVIDER_READINESS.md),N/A to site (pharmacy-dispensed); pharmacy identity not verified,docs/production-completion/catalog/catalog-reconciliation.json (GEN-GRP-0236),public copy draft; pharmacy/clinician provider not verified
canonical:mov_47e649fb60889ebbf1d4,Tesamorelin + Ipamorelin,TESAMORELIN/IPAMORELIN 2.4MG-1.2MG/ML (5ML),503A Clinical Formulations / Compounded Vial / Liquid,none in repo (no candidate),NO - clinician/pharmacy determines; show 'Price confirmed after clinical review' (D-05),Care pathway only (clinician decision after secure handoff),YES,NO,NO,NO,No account to request Care; secure clinical account only after human review,YES,Public: none (catalog not public). Member catalog: 'Explore Care' -> /research/member/metabolic-care (member-only page),Start Care,Licensed pharmacy via secure clinical system - provider readiness NOT verified (PROVIDER_READINESS.md),N/A to site (pharmacy-dispensed); pharmacy identity not verified,docs/production-completion/catalog/catalog-reconciliation.json (GEN-GRP-0210),public copy draft; pharmacy/clinician provider not verified
canonical:mov_486a506935156d81ba02,Progesterone,PROGESTERONE 225MG SR CAPSULE,503A Clinical Formulations / Capsule,none in repo (no candidate),NO - clinician/pharmacy determines; show 'Price confirmed after clinical review' (D-05),Care pathway only (clinician decision after secure handoff),YES,NO,NO,NO,No account to request Care; secure clinical account only after human review,YES,Public: none (catalog not public). Member catalog: 'Explore Care' -> /research/member/metabolic-care (member-only page),Start Care,Licensed pharmacy via secure clinical system - provider readiness NOT verified (PROVIDER_READINESS.md),N/A to site (pharmacy-dispensed); pharmacy identity not verified,docs/production-completion/catalog/catalog-reconciliation.json (GEN-GRP-0142),public copy draft; pharmacy/clinician provider not verified
canonical:mov_4a04f9b5609def65ae51,Peg-Mgf,PEG-MGF 0.4MG/ML (5ML),503A Clinical Formulations / Compounded Vial / Liquid,none in repo (no candidate),NO - clinician/pharmacy determines; show 'Price confirmed after clinical review' (D-05),Care pathway only (clinician decision after secure handoff),YES,NO,NO,NO,No account to request Care; secure clinical account only after human review,YES,Public: none (catalog not public). Member catalog: 'Explore Care' -> /research/member/metabolic-care (member-only page),Start Care,Licensed pharmacy via secure clinical system - provider readiness NOT verified (PROVIDER_READINESS.md),N/A to site (pharmacy-dispensed); pharmacy identity not verified,docs/production-completion/catalog/catalog-reconciliation.json (GEN-GRP-0127),public copy draft; pharmacy/clinician provider not verified
canonical:mov_4a9d3e6bbd76bfa50d15,Lidocaine,LIDOCAINE 23% / TETRACAINE 10% TOPICAL CREAM 60ML PUMP,503A Clinical Formulations / Topical Cream,none in repo (no candidate),NO - clinician/pharmacy determines; show 'Price confirmed after clinical review' (D-05),Care pathway only (clinician decision after secure handoff),YES,NO,NO,NO,No account to request Care; secure clinical account only after human review,YES,Public: none (catalog not public). Member catalog: 'Explore Care' -> /research/member/metabolic-care (member-only page),Start Care,Licensed pharmacy via secure clinical system - provider readiness NOT verified (PROVIDER_READINESS.md),N/A to site (pharmacy-dispensed); pharmacy identity not verified,docs/production-completion/catalog/catalog-reconciliation.json (GEN-GRP-0086),public copy draft; pharmacy/clinician provider not verified
canonical:mov_4b3417df465b8cbf0690,Ascorbic Acid,ASCORBIC ACID 500MG/ML INJ. (10ML),503A Clinical Formulations / Injectable Solution,none in repo (no candidate),NO - clinician/pharmacy determines; show 'Price confirmed after clinical review' (D-05),Care pathway only (clinician decision after secure handoff),YES,NO,NO,NO,No account to request Care; secure clinical account only after human review,YES,Public: none (catalog not public). Member catalog: 'Explore Care' -> /research/member/metabolic-care (member-only page),Start Care,Licensed pharmacy via secure clinical system - provider readiness NOT verified (PROVIDER_READINESS.md),N/A to site (pharmacy-dispensed); pharmacy identity not verified,docs/production-completion/catalog/catalog-reconciliation.json (GEN-GRP-0010),public copy draft; pharmacy/clinician provider not verified
canonical:mov_4e912c763e1dbbd2fc68,Tadalafil SR,TADALAFIL SR 18MG CAPSULE,503A Clinical Formulations / Capsule,none in repo (no candidate),NO - clinician/pharmacy determines; show 'Price confirmed after clinical review' (D-05),Care pathway only (clinician decision after secure handoff),YES,NO,NO,NO,No account to request Care; secure clinical account only after human review,YES,Public: none (catalog not public). Member catalog: 'Explore Care' -> /research/member/metabolic-care (member-only page),Start Care,Licensed pharmacy via secure clinical system - provider readiness NOT verified (PROVIDER_READINESS.md),N/A to site (pharmacy-dispensed); pharmacy identity not verified,docs/production-completion/catalog/catalog-reconciliation.json (GEN-GRP-0201),public copy draft; pharmacy/clinician provider not verified
canonical:mov_4f115024566d5ce16ec5,Semaglutide + B12,SEMAGLUTIDE/B12 0.6MG-500MCG/ML (2ML) (1.2mg vial),503A Clinical Formulations / Compounded Vial / Liquid,none in repo (no candidate),NO - clinician/pharmacy determines; show 'Price confirmed after clinical review' (D-05),Care pathway only (clinician decision after secure handoff),YES,NO,NO,NO,No account to request Care; secure clinical account only after human review,YES,Public: none (catalog not public). Member catalog: 'Explore Care' -> /research/member/metabolic-care (member-only page),Start Care,Licensed pharmacy via secure clinical system - provider readiness NOT verified (PROVIDER_READINESS.md),N/A to site (pharmacy-dispensed); pharmacy identity not verified,docs/production-completion/catalog/catalog-reconciliation.json (GEN-GRP-0157),public copy draft; pharmacy/clinician provider not verified
canonical:mov_4f2d35bd4e81caefabe8,Progesterone,PROGESTERONE 150MG SR CAPSULE,503A Clinical Formulations / Capsule,none in repo (no candidate),NO - clinician/pharmacy determines; show 'Price confirmed after clinical review' (D-05),Care pathway only (clinician decision after secure handoff),YES,NO,NO,NO,No account to request Care; secure clinical account only after human review,YES,Public: none (catalog not public). Member catalog: 'Explore Care' -> /research/member/metabolic-care (member-only page),Start Care,Licensed pharmacy via secure clinical system - provider readiness NOT verified (PROVIDER_READINESS.md),N/A to site (pharmacy-dispensed); pharmacy identity not verified,docs/production-completion/catalog/catalog-reconciliation.json (GEN-GRP-0138),public copy draft; pharmacy/clinician provider not verified
canonical:mov_4fcaab09d599d7b0b00d,SLU-PP-332,SLU-PP-332 250MCG PER CAPSULE,503A Clinical Formulations / Capsule,none in repo (no candidate),NO - clinician/pharmacy determines; show 'Price confirmed after clinical review' (D-05),Care pathway only (clinician decision after secure handoff),YES,NO,NO,NO,No account to request Care; secure clinical account only after human review,YES,Public: none (catalog not public). Member catalog: 'Explore Care' -> /research/member/metabolic-care (member-only page),Start Care,Licensed pharmacy via secure clinical system - provider readiness NOT verified (PROVIDER_READINESS.md),N/A to site (pharmacy-dispensed); pharmacy identity not verified,docs/production-completion/catalog/catalog-reconciliation.json (GEN-GRP-0155),public copy draft; pharmacy/clinician provider not verified
canonical:mov_501c945615c2d707b54f,Oxandrolone,OXANDROLONE 25MG CAPSULE,503A Clinical Formulations / Capsule,none in repo (no candidate),NO - clinician/pharmacy determines; show 'Price confirmed after clinical review' (D-05),Care pathway only (clinician decision after secure handoff),YES,NO,NO,NO,No account to request Care; secure clinical account only after human review,YES,Public: none (catalog not public). Member catalog: 'Explore Care' -> /research/member/metabolic-care (member-only page),Start Care,Licensed pharmacy via secure clinical system - provider readiness NOT verified (PROVIDER_READINESS.md),N/A to site (pharmacy-dispensed); pharmacy identity not verified,docs/production-completion/catalog/catalog-reconciliation.json (GEN-GRP-0116),public copy draft; pharmacy/clinician provider not verified
canonical:mov_501ff7009923315e60b0,Enclomiphene,ENCLOMIPHENE 25MG CAPSULE,503A Clinical Formulations / Capsule,none in repo (no candidate),NO - clinician/pharmacy determines; show 'Price confirmed after clinical review' (D-05),Care pathway only (clinician decision after secure handoff),YES,NO,NO,NO,No account to request Care; secure clinical account only after human review,YES,Public: none (catalog not public). Member catalog: 'Explore Care' -> /research/member/metabolic-care (member-only page),Start Care,Licensed pharmacy via secure clinical system - provider readiness NOT verified (PROVIDER_READINESS.md),N/A to site (pharmacy-dispensed); pharmacy identity not verified,docs/production-completion/catalog/catalog-reconciliation.json (GEN-GRP-0044),public copy draft; pharmacy/clinician provider not verified
canonical:mov_5247438c659e5c5a06e9,"Vitamin D3 50,000Iu + Ml (30Ml)","VITAMIN D3 50,000IU/ML (30ML)",503A Clinical Formulations / Compounded Vial / Liquid,none in repo (no candidate),NO - clinician/pharmacy determines; show 'Price confirmed after clinical review' (D-05),Care pathway only (clinician decision after secure handoff),YES,NO,NO,NO,No account to request Care; secure clinical account only after human review,YES,Public: none (catalog not public). Member catalog: 'Explore Care' -> /research/member/metabolic-care (member-only page),Start Care,Licensed pharmacy via secure clinical system - provider readiness NOT verified (PROVIDER_READINESS.md),N/A to site (pharmacy-dispensed); pharmacy identity not verified,docs/production-completion/catalog/catalog-reconciliation.json (GEN-GRP-0242),public copy draft; pharmacy/clinician provider not verified
canonical:mov_5375621d23911b130fd4,"GHK-Cu Firming Serum, Gel (GHK-Cu","GHK-CU FIRMING SERUM, GEL (GHK-CU 3% / NIACINAMIDE 3%) 30ML",503A Clinical Formulations / Topical Gel / Serum,none in repo (no candidate),NO - clinician/pharmacy determines; show 'Price confirmed after clinical review' (D-05),Care pathway only (clinician decision after secure handoff),YES,NO,NO,NO,No account to request Care; secure clinical account only after human review,YES,Public: none (catalog not public). Member catalog: 'Explore Care' -> /research/member/metabolic-care (member-only page),Start Care,Licensed pharmacy via secure clinical system - provider readiness NOT verified (PROVIDER_READINESS.md),N/A to site (pharmacy-dispensed); pharmacy identity not verified,docs/production-completion/catalog/catalog-reconciliation.json (GEN-GRP-0068),public copy draft; pharmacy/clinician provider not verified
canonical:mov_53827d2f649e8057a8fe,Tirzepatide + Glycine,TIRZEPATIDE/GLYCINE 15MG-2.5MG/0.5ML (2ML) (60mg vial),503A Clinical Formulations / Compounded Vial / Liquid,none in repo (no candidate),NO - clinician/pharmacy determines; show 'Price confirmed after clinical review' (D-05),Care pathway only (clinician decision after secure handoff),YES,NO,NO,NO,No account to request Care; secure clinical account only after human review,YES,Public: none (catalog not public). Member catalog: 'Explore Care' -> /research/member/metabolic-care (member-only page),Start Care,Licensed pharmacy via secure clinical system - provider readiness NOT verified (PROVIDER_READINESS.md),N/A to site (pharmacy-dispensed); pharmacy identity not verified,docs/production-completion/catalog/catalog-reconciliation.json (GEN-GRP-0237),public copy draft; pharmacy/clinician provider not verified
canonical:mov_56536dce04781fce3c09,Sildenafil SR,SILDENAFIL SR 55MG CAPSULE,503A Clinical Formulations / Capsule,none in repo (no candidate),NO - clinician/pharmacy determines; show 'Price confirmed after clinical review' (D-05),Care pathway only (clinician decision after secure handoff),YES,NO,NO,NO,No account to request Care; secure clinical account only after human review,YES,Public: none (catalog not public). Member catalog: 'Explore Care' -> /research/member/metabolic-care (member-only page),Start Care,Licensed pharmacy via secure clinical system - provider readiness NOT verified (PROVIDER_READINESS.md),N/A to site (pharmacy-dispensed); pharmacy identity not verified,docs/production-completion/catalog/catalog-reconciliation.json (GEN-GRP-0179),public copy draft; pharmacy/clinician provider not verified
canonical:mov_57305ac71a306d9bd16d,Sermorelin,SERMORELIN 3MG/ML (5ML),503A Clinical Formulations / Compounded Vial / Liquid,none in repo (no candidate),NO - clinician/pharmacy determines; show 'Price confirmed after clinical review' (D-05),Care pathway only (clinician decision after secure handoff),YES,NO,NO,NO,No account to request Care; secure clinical account only after human review,YES,Public: none (catalog not public). Member catalog: 'Explore Care' -> /research/member/metabolic-care (member-only page),Start Care,Licensed pharmacy via secure clinical system - provider readiness NOT verified (PROVIDER_READINESS.md),N/A to site (pharmacy-dispensed); pharmacy identity not verified,docs/production-completion/catalog/catalog-reconciliation.json (GEN-GRP-0170),public copy draft; pharmacy/clinician provider not verified
canonical:mov_5745f9c60e751c5beb5a,Nandrolone,NANDROLONE 200MG/ML GRAPE SEED OIL (10ML),503A Clinical Formulations / Compounded Vial / Liquid,none in repo (no candidate),NO - clinician/pharmacy determines; show 'Price confirmed after clinical review' (D-05),Care pathway only (clinician decision after secure handoff),YES,NO,NO,NO,No account to request Care; secure clinical account only after human review,YES,Public: none (catalog not public). Member catalog: 'Explore Care' -> /research/member/metabolic-care (member-only page),Start Care,Licensed pharmacy via secure clinical system - provider readiness NOT verified (PROVIDER_READINESS.md),N/A to site (pharmacy-dispensed); pharmacy identity not verified,docs/production-completion/catalog/catalog-reconciliation.json (GEN-GRP-0113),public copy draft; pharmacy/clinician provider not verified
canonical:mov_59e2c67cd424c10da631,Metformin HCl Er Tablet,METFORMIN HCl ER TABLET 500MG,503A Clinical Formulations / Tablet,none in repo (no candidate),NO - clinician/pharmacy determines; show 'Price confirmed after clinical review' (D-05),Care pathway only (clinician decision after secure handoff),YES,NO,NO,NO,No account to request Care; secure clinical account only after human review,YES,Public: none (catalog not public). Member catalog: 'Explore Care' -> /research/member/metabolic-care (member-only page),Start Care,Licensed pharmacy via secure clinical system - provider readiness NOT verified (PROVIDER_READINESS.md),N/A to site (pharmacy-dispensed); pharmacy identity not verified,docs/production-completion/catalog/catalog-reconciliation.json (GEN-GRP-0100),public copy draft; pharmacy/clinician provider not verified
canonical:mov_5ac6b7fa2fe42bcb614d,Stanozolol,STANOZOLOL 50MG CAPSULE,503A Clinical Formulations / Capsule,none in repo (no candidate),NO - clinician/pharmacy determines; show 'Price confirmed after clinical review' (D-05),Care pathway only (clinician decision after secure handoff),YES,NO,NO,NO,No account to request Care; secure clinical account only after human review,YES,Public: none (catalog not public). Member catalog: 'Explore Care' -> /research/member/metabolic-care (member-only page),Start Care,Licensed pharmacy via secure clinical system - provider readiness NOT verified (PROVIDER_READINESS.md),N/A to site (pharmacy-dispensed); pharmacy identity not verified,docs/production-completion/catalog/catalog-reconciliation.json (GEN-GRP-0183),public copy draft; pharmacy/clinician provider not verified
canonical:mov_5dc037b1279e30b6ce47,Sermorelin + Ipamorelin,SERMORELIN/IPAMORELIN 3MG-3.6MG/ML (5ML),503A Clinical Formulations / Compounded Vial / Liquid,none in repo (no candidate),NO - clinician/pharmacy determines; show 'Price confirmed after clinical review' (D-05),Care pathway only (clinician decision after secure handoff),YES,NO,NO,NO,No account to request Care; secure clinical account only after human review,YES,Public: none (catalog not public). Member catalog: 'Explore Care' -> /research/member/metabolic-care (member-only page),Start Care,Licensed pharmacy via secure clinical system - provider readiness NOT verified (PROVIDER_READINESS.md),N/A to site (pharmacy-dispensed); pharmacy identity not verified,docs/production-completion/catalog/catalog-reconciliation.json (GEN-GRP-0171),public copy draft; pharmacy/clinician provider not verified
canonical:mov_5f3f1eed2571ae4dad88,Stanozolol,STANOZOLOL 25MG CAPSULE,503A Clinical Formulations / Capsule,none in repo (no candidate),NO - clinician/pharmacy determines; show 'Price confirmed after clinical review' (D-05),Care pathway only (clinician decision after secure handoff),YES,NO,NO,NO,No account to request Care; secure clinical account only after human review,YES,Public: none (catalog not public). Member catalog: 'Explore Care' -> /research/member/metabolic-care (member-only page),Start Care,Licensed pharmacy via secure clinical system - provider readiness NOT verified (PROVIDER_READINESS.md),N/A to site (pharmacy-dispensed); pharmacy identity not verified,docs/production-completion/catalog/catalog-reconciliation.json (GEN-GRP-0182),public copy draft; pharmacy/clinician provider not verified
canonical:mov_5f586b1eccde2c968f93,Dihexa,DIHEXA 25MG CAPSULE,503A Clinical Formulations / Capsule,none in repo (no candidate),NO - clinician/pharmacy determines; show 'Price confirmed after clinical review' (D-05),Care pathway only (clinician decision after secure handoff),YES,NO,NO,NO,No account to request Care; secure clinical account only after human review,YES,Public: none (catalog not public). Member catalog: 'Explore Care' -> /research/member/metabolic-care (member-only page),Start Care,Licensed pharmacy via secure clinical system - provider readiness NOT verified (PROVIDER_READINESS.md),N/A to site (pharmacy-dispensed); pharmacy identity not verified,docs/production-completion/catalog/catalog-reconciliation.json (GEN-GRP-0039),public copy draft; pharmacy/clinician provider not verified
canonical:mov_5ff63ad318f8664617ef,Phentermine HCl,PHENTERMINE HCL 30MG CAPSULE,503A Clinical Formulations / Capsule,none in repo (no candidate),NO - clinician/pharmacy determines; show 'Price confirmed after clinical review' (D-05),Care pathway only (clinician decision after secure handoff),YES,NO,NO,NO,No account to request Care; secure clinical account only after human review,YES,Public: none (catalog not public). Member catalog: 'Explore Care' -> /research/member/metabolic-care (member-only page),Start Care,Licensed pharmacy via secure clinical system - provider readiness NOT verified (PROVIDER_READINESS.md),N/A to site (pharmacy-dispensed); pharmacy identity not verified,docs/production-completion/catalog/catalog-reconciliation.json (GEN-GRP-0129),public copy draft; pharmacy/clinician provider not verified
canonical:mov_6001aa9dea1a19370ece,CJC-1295 + Ipamorelin 2-2Mg + Ml (5Ml),CJC-1295/IPAMORELIN 2-2MG/ML (5ML),503A Clinical Formulations / Compounded Vial / Liquid,none in repo (no candidate),NO - clinician/pharmacy determines; show 'Price confirmed after clinical review' (D-05),Care pathway only (clinician decision after secure handoff),YES,NO,NO,NO,No account to request Care; secure clinical account only after human review,YES,Public: none (catalog not public). Member catalog: 'Explore Care' -> /research/member/metabolic-care (member-only page),Start Care,Licensed pharmacy via secure clinical system - provider readiness NOT verified (PROVIDER_READINESS.md),N/A to site (pharmacy-dispensed); pharmacy identity not verified,docs/production-completion/catalog/catalog-reconciliation.json (GEN-GRP-0031),public copy draft; pharmacy/clinician provider not verified
canonical:mov_604b1bc047026ab63573,Larazotide,LARAZOTIDE 250MCG CAPSULE,503A Clinical Formulations / Capsule,none in repo (no candidate),NO - clinician/pharmacy determines; show 'Price confirmed after clinical review' (D-05),Care pathway only (clinician decision after secure handoff),YES,NO,NO,NO,No account to request Care; secure clinical account only after human review,YES,Public: none (catalog not public). Member catalog: 'Explore Care' -> /research/member/metabolic-care (member-only page),Start Care,Licensed pharmacy via secure clinical system - provider readiness NOT verified (PROVIDER_READINESS.md),N/A to site (pharmacy-dispensed); pharmacy identity not verified,docs/production-completion/catalog/catalog-reconciliation.json (GEN-GRP-0082),public copy draft; pharmacy/clinician provider not verified
canonical:mov_605189187511069b1df9,GHK-Cu,GHK-CU 10MG/ML (5ML),503A Clinical Formulations / Compounded Vial / Liquid,none in repo (no candidate),NO - clinician/pharmacy determines; show 'Price confirmed after clinical review' (D-05),Care pathway only (clinician decision after secure handoff),YES,NO,NO,NO,No account to request Care; secure clinical account only after human review,YES,Public: none (catalog not public). Member catalog: 'Explore Care' -> /research/member/metabolic-care (member-only page),Start Care,Licensed pharmacy via secure clinical system - provider readiness NOT verified (PROVIDER_READINESS.md),N/A to site (pharmacy-dispensed); pharmacy identity not verified,docs/production-completion/catalog/catalog-reconciliation.json (GEN-GRP-0063),public copy draft; pharmacy/clinician provider not verified
canonical:mov_6098cdbc2380cf999512,Larazotide + KPV,LARAZOTIDE/KPV 500MCG-500MCG CAPSULE,503A Clinical Formulations / Capsule,none in repo (no candidate),NO - clinician/pharmacy determines; show 'Price confirmed after clinical review' (D-05),Care pathway only (clinician decision after secure handoff),YES,NO,NO,NO,No account to request Care; secure clinical account only after human review,YES,Public: none (catalog not public). Member catalog: 'Explore Care' -> /research/member/metabolic-care (member-only page),Start Care,Licensed pharmacy via secure clinical system - provider readiness NOT verified (PROVIDER_READINESS.md),N/A to site (pharmacy-dispensed); pharmacy identity not verified,docs/production-completion/catalog/catalog-reconciliation.json (GEN-GRP-0084),public copy draft; pharmacy/clinician provider not verified
canonical:mov_6195e2808bfe7028279c,Tadalafil SR,TADALAFIL SR 6MG CAPSULE,503A Clinical Formulations / Capsule,none in repo (no candidate),NO - clinician/pharmacy determines; show 'Price confirmed after clinical review' (D-05),Care pathway only (clinician decision after secure handoff),YES,NO,NO,NO,No account to request Care; secure clinical account only after human review,YES,Public: none (catalog not public). Member catalog: 'Explore Care' -> /research/member/metabolic-care (member-only page),Start Care,Licensed pharmacy via secure clinical system - provider readiness NOT verified (PROVIDER_READINESS.md),N/A to site (pharmacy-dispensed); pharmacy identity not verified,docs/production-completion/catalog/catalog-reconciliation.json (GEN-GRP-0203),public copy draft; pharmacy/clinician provider not verified
canonical:mov_6435ce73a40c29b2365f,Semaglutide + B12,SEMAGLUTIDE/B12 4.1MG-500MCG/ML (2ML) (8.2mg vial),503A Clinical Formulations / Compounded Vial / Liquid,none in repo (no candidate),NO - clinician/pharmacy determines; show 'Price confirmed after clinical review' (D-05),Care pathway only (clinician decision after secure handoff),YES,NO,NO,NO,No account to request Care; secure clinical account only after human review,YES,Public: none (catalog not public). Member catalog: 'Explore Care' -> /research/member/metabolic-care (member-only page),Start Care,Licensed pharmacy via secure clinical system - provider readiness NOT verified (PROVIDER_READINESS.md),N/A to site (pharmacy-dispensed); pharmacy identity not verified,docs/production-completion/catalog/catalog-reconciliation.json (GEN-GRP-0163),public copy draft; pharmacy/clinician provider not verified
canonical:mov_65872ff528db6aab8ef3,NAD+,NAD+ 100MG/ML (10ML),503A Clinical Formulations / Compounded Vial / Liquid,none in repo (no candidate),NO - clinician/pharmacy determines; show 'Price confirmed after clinical review' (D-05),Care pathway only (clinician decision after secure handoff),YES,NO,NO,NO,No account to request Care; secure clinical account only after human review,YES,Public: none (catalog not public). Member catalog: 'Explore Care' -> /research/member/metabolic-care (member-only page),Start Care,Licensed pharmacy via secure clinical system - provider readiness NOT verified (PROVIDER_READINESS.md),N/A to site (pharmacy-dispensed); pharmacy identity not verified,docs/production-completion/catalog/catalog-reconciliation.json (GEN-GRP-0111),public copy draft; pharmacy/clinician provider not verified
canonical:mov_65a56f5a4d64e1b6642d,Tadalafil Troche,TADALAFIL TROCHE 20MG,503A Clinical Formulations / Troche,none in repo (no candidate),NO - clinician/pharmacy determines; show 'Price confirmed after clinical review' (D-05),Care pathway only (clinician decision after secure handoff),YES,NO,NO,NO,No account to request Care; secure clinical account only after human review,YES,Public: none (catalog not public). Member catalog: 'Explore Care' -> /research/member/metabolic-care (member-only page),Start Care,Licensed pharmacy via secure clinical system - provider readiness NOT verified (PROVIDER_READINESS.md),N/A to site (pharmacy-dispensed); pharmacy identity not verified,docs/production-completion/catalog/catalog-reconciliation.json (GEN-GRP-0204),public copy draft; pharmacy/clinician provider not verified
canonical:mov_67677041b20e67446911,T4 + T3,T4/T3 95MCG/22.5MCG IR CAPSULE,503A Clinical Formulations / Capsule,none in repo (no candidate),NO - clinician/pharmacy determines; show 'Price confirmed after clinical review' (D-05),Care pathway only (clinician decision after secure handoff),YES,NO,NO,NO,No account to request Care; secure clinical account only after human review,YES,Public: none (catalog not public). Member catalog: 'Explore Care' -> /research/member/metabolic-care (member-only page),Start Care,Licensed pharmacy via secure clinical system - provider readiness NOT verified (PROVIDER_READINESS.md),N/A to site (pharmacy-dispensed); pharmacy identity not verified,docs/production-completion/catalog/catalog-reconciliation.json (GEN-GRP-0194),public copy draft; pharmacy/clinician provider not verified
canonical:mov_6965589a2e85194194e2,BPC-157 + TB-500 3-3Mg + Ml (5Ml),BPC-157/TB500 3-3MG/ML (5ML),503A Clinical Formulations / Compounded Vial / Liquid,none in repo (no candidate),NO - clinician/pharmacy determines; show 'Price confirmed after clinical review' (D-05),Care pathway only (clinician decision after secure handoff),YES,NO,NO,NO,No account to request Care; secure clinical account only after human review,YES,Public: none (catalog not public). Member catalog: 'Explore Care' -> /research/member/metabolic-care (member-only page),Start Care,Licensed pharmacy via secure clinical system - provider readiness NOT verified (PROVIDER_READINESS.md),N/A to site (pharmacy-dispensed); pharmacy identity not verified,docs/production-completion/catalog/catalog-reconciliation.json (GEN-GRP-0017),public copy draft; pharmacy/clinician provider not verified
canonical:mov_6965dfbce32ee305eb45,Tadalafil,TADALAFIL 20MG TABLET,503A Clinical Formulations / Tablet,none in repo (no candidate),NO - clinician/pharmacy determines; show 'Price confirmed after clinical review' (D-05),Care pathway only (clinician decision after secure handoff),YES,NO,NO,NO,No account to request Care; secure clinical account only after human review,YES,Public: none (catalog not public). Member catalog: 'Explore Care' -> /research/member/metabolic-care (member-only page),Start Care,Licensed pharmacy via secure clinical system - provider readiness NOT verified (PROVIDER_READINESS.md),N/A to site (pharmacy-dispensed); pharmacy identity not verified,docs/production-completion/catalog/catalog-reconciliation.json (GEN-GRP-0197),public copy draft; pharmacy/clinician provider not verified
canonical:mov_6a5f8633445131bc8421,Benzocaine,BENZOCAINE 20% / LIDOCAINE 10% / TETRACAINE 10% TOPICAL CREAM 60ML PUMP,503A Clinical Formulations / Topical Cream,none in repo (no candidate),NO - clinician/pharmacy determines; show 'Price confirmed after clinical review' (D-05),Care pathway only (clinician decision after secure handoff),YES,NO,NO,NO,No account to request Care; secure clinical account only after human review,YES,Public: none (catalog not public). Member catalog: 'Explore Care' -> /research/member/metabolic-care (member-only page),Start Care,Licensed pharmacy via secure clinical system - provider readiness NOT verified (PROVIDER_READINESS.md),N/A to site (pharmacy-dispensed); pharmacy identity not verified,docs/production-completion/catalog/catalog-reconciliation.json (GEN-GRP-0019),public copy draft; pharmacy/clinician provider not verified
canonical:mov_6a7975035b2f4714a9bf,Minoxidil,MINOXIDIL 5% / TRETINOIN 0.025% SOLUTION 60ML,503A Clinical Formulations / Solution,none in repo (no candidate),NO - clinician/pharmacy determines; show 'Price confirmed after clinical review' (D-05),Care pathway only (clinician decision after secure handoff),YES,NO,NO,NO,No account to request Care; secure clinical account only after human review,YES,Public: none (catalog not public). Member catalog: 'Explore Care' -> /research/member/metabolic-care (member-only page),Start Care,Licensed pharmacy via secure clinical system - provider readiness NOT verified (PROVIDER_READINESS.md),N/A to site (pharmacy-dispensed); pharmacy identity not verified,docs/production-completion/catalog/catalog-reconciliation.json (GEN-GRP-0110),public copy draft; pharmacy/clinician provider not verified
canonical:mov_6a7ce276b6726e5d0a90,Progesterone,PROGESTERONE 25MG CAPSULE,503A Clinical Formulations / Capsule,none in repo (no candidate),NO - clinician/pharmacy determines; show 'Price confirmed after clinical review' (D-05),Care pathway only (clinician decision after secure handoff),YES,NO,NO,NO,No account to request Care; secure clinical account only after human review,YES,Public: none (catalog not public). Member catalog: 'Explore Care' -> /research/member/metabolic-care (member-only page),Start Care,Licensed pharmacy via secure clinical system - provider readiness NOT verified (PROVIDER_READINESS.md),N/A to site (pharmacy-dispensed); pharmacy identity not verified,docs/production-completion/catalog/catalog-reconciliation.json (GEN-GRP-0146),public copy draft; pharmacy/clinician provider not verified
canonical:mov_6a9fbc4e6522db1b9478,Testosterone,TESTOSTERONE 30MG/GM TOPICAL CREAM,503A Clinical Formulations / Topical Cream,none in repo (no candidate),NO - clinician/pharmacy determines; show 'Price confirmed after clinical review' (D-05),Care pathway only (clinician decision after secure handoff),YES,NO,NO,NO,No account to request Care; secure clinical account only after human review,YES,Public: none (catalog not public). Member catalog: 'Explore Care' -> /research/member/metabolic-care (member-only page),Start Care,Licensed pharmacy via secure clinical system - provider readiness NOT verified (PROVIDER_READINESS.md),N/A to site (pharmacy-dispensed); pharmacy identity not verified,docs/production-completion/catalog/catalog-reconciliation.json (GEN-GRP-0216),public copy draft; pharmacy/clinician provider not verified
canonical:mov_6e7b8674cb13d3043d5e,Tirzepatide + B12,TIRZEPATIDE/B12 10MG-500MCG/ML (3ML) (30mg vial),503A Clinical Formulations / Compounded Vial / Liquid,none in repo (no candidate),NO - clinician/pharmacy determines; show 'Price confirmed after clinical review' (D-05),Care pathway only (clinician decision after secure handoff),YES,NO,NO,NO,No account to request Care; secure clinical account only after human review,YES,Public: none (catalog not public). Member catalog: 'Explore Care' -> /research/member/metabolic-care (member-only page),Start Care,Licensed pharmacy via secure clinical system - provider readiness NOT verified (PROVIDER_READINESS.md),N/A to site (pharmacy-dispensed); pharmacy identity not verified,docs/production-completion/catalog/catalog-reconciliation.json (GEN-GRP-0228),public copy draft; pharmacy/clinician provider not verified
canonical:mov_6fa1343c6cfe7cacc9e8,Tadalafil,TADALAFIL 10MG TABLET,503A Clinical Formulations / Tablet,none in repo (no candidate),NO - clinician/pharmacy determines; show 'Price confirmed after clinical review' (D-05),Care pathway only (clinician decision after secure handoff),YES,NO,NO,NO,No account to request Care; secure clinical account only after human review,YES,Public: none (catalog not public). Member catalog: 'Explore Care' -> /research/member/metabolic-care (member-only page),Start Care,Licensed pharmacy via secure clinical system - provider readiness NOT verified (PROVIDER_READINESS.md),N/A to site (pharmacy-dispensed); pharmacy identity not verified,docs/production-completion/catalog/catalog-reconciliation.json (GEN-GRP-0195),public copy draft; pharmacy/clinician provider not verified
canonical:mov_70ed47e636867f37e9d3,Ondansetron,ONDANSETRON 4MG ODT (ZOFRAN) 30 TABLETS (AntiNausea),503A Clinical Formulations / ODT / Tablet,none in repo (no candidate),NO - clinician/pharmacy determines; show 'Price confirmed after clinical review' (D-05),Care pathway only (clinician decision after secure handoff),YES,NO,NO,NO,No account to request Care; secure clinical account only after human review,YES,Public: none (catalog not public). Member catalog: 'Explore Care' -> /research/member/metabolic-care (member-only page),Start Care,Licensed pharmacy via secure clinical system - provider readiness NOT verified (PROVIDER_READINESS.md),N/A to site (pharmacy-dispensed); pharmacy identity not verified,docs/production-completion/catalog/catalog-reconciliation.json (GEN-GRP-0115),public copy draft; pharmacy/clinician provider not verified
canonical:mov_711f953e5a7be900fb65,"HCG Pregnyl 10,000Iu","HCG PREGNYL 10,000IU",503A Clinical Formulations / Listed Unit,none in repo (no candidate),NO - clinician/pharmacy determines; show 'Price confirmed after clinical review' (D-05),Care pathway only (clinician decision after secure handoff),YES,NO,NO,NO,No account to request Care; secure clinical account only after human review,YES,Public: none (catalog not public). Member catalog: 'Explore Care' -> /research/member/metabolic-care (member-only page),Start Care,Licensed pharmacy via secure clinical system - provider readiness NOT verified (PROVIDER_READINESS.md),N/A to site (pharmacy-dispensed); pharmacy identity not verified,docs/production-completion/catalog/catalog-reconciliation.json (GEN-GRP-0073),public copy draft; pharmacy/clinician provider not verified
canonical:mov_71799025c4b9af0971a9,Methylene Blue Anti-Aging Cream (Methylene Blue,METHYLENE BLUE ANTI-AGING CREAM (METHYLENE BLUE 0.0064% / ESTRIOL 0.003%) 30GM,503A Clinical Formulations / Topical Cream,none in repo (no candidate),NO - clinician/pharmacy determines; show 'Price confirmed after clinical review' (D-05),Care pathway only (clinician decision after secure handoff),YES,NO,NO,NO,No account to request Care; secure clinical account only after human review,YES,Public: none (catalog not public). Member catalog: 'Explore Care' -> /research/member/metabolic-care (member-only page),Start Care,Licensed pharmacy via secure clinical system - provider readiness NOT verified (PROVIDER_READINESS.md),N/A to site (pharmacy-dispensed); pharmacy identity not verified,docs/production-completion/catalog/catalog-reconciliation.json (GEN-GRP-0107),public copy draft; pharmacy/clinician provider not verified
canonical:mov_72e17e552c98845046a8,Semaglutide + B12,SEMAGLUTIDE/B12 1.2MG-500MCG/ML (2ML) (2.4mg vial),503A Clinical Formulations / Compounded Vial / Liquid,none in repo (no candidate),NO - clinician/pharmacy determines; show 'Price confirmed after clinical review' (D-05),Care pathway only (clinician decision after secure handoff),YES,NO,NO,NO,No account to request Care; secure clinical account only after human review,YES,Public: none (catalog not public). Member catalog: 'Explore Care' -> /research/member/metabolic-care (member-only page),Start Care,Licensed pharmacy via secure clinical system - provider readiness NOT verified (PROVIDER_READINESS.md),N/A to site (pharmacy-dispensed); pharmacy identity not verified,docs/production-completion/catalog/catalog-reconciliation.json (GEN-GRP-0158),public copy draft; pharmacy/clinician provider not verified
canonical:mov_73282e0789c7bb46a652,Epithalon,EPITHALON 2MG/ML (5ML),503A Clinical Formulations / Compounded Vial / Liquid,none in repo (no candidate),NO - clinician/pharmacy determines; show 'Price confirmed after clinical review' (D-05),Care pathway only (clinician decision after secure handoff),YES,NO,NO,NO,No account to request Care; secure clinical account only after human review,YES,Public: none (catalog not public). Member catalog: 'Explore Care' -> /research/member/metabolic-care (member-only page),Start Care,Licensed pharmacy via secure clinical system - provider readiness NOT verified (PROVIDER_READINESS.md),N/A to site (pharmacy-dispensed); pharmacy identity not verified,docs/production-completion/catalog/catalog-reconciliation.json (GEN-GRP-0047),public copy draft; pharmacy/clinician provider not verified
canonical:mov_733714050d78aabb611b,Methylene Blue,METHYLENE BLUE 5MG CAPSULE,503A Clinical Formulations / Capsule,none in repo (no candidate),NO - clinician/pharmacy determines; show 'Price confirmed after clinical review' (D-05),Care pathway only (clinician decision after secure handoff),YES,NO,NO,NO,No account to request Care; secure clinical account only after human review,YES,Public: none (catalog not public). Member catalog: 'Explore Care' -> /research/member/metabolic-care (member-only page),Start Care,Licensed pharmacy via secure clinical system - provider readiness NOT verified (PROVIDER_READINESS.md),N/A to site (pharmacy-dispensed); pharmacy identity not verified,docs/production-completion/catalog/catalog-reconciliation.json (GEN-GRP-0106),public copy draft; pharmacy/clinician provider not verified
canonical:mov_752e7861ef035dc39c9a,Tesamorelin,TESAMORELIN 3MG/ML (5ML),503A Clinical Formulations / Compounded Vial / Liquid,none in repo (no candidate),NO - clinician/pharmacy determines; show 'Price confirmed after clinical review' (D-05),Care pathway only (clinician decision after secure handoff),YES,NO,NO,NO,No account to request Care; secure clinical account only after human review,YES,Public: none (catalog not public). Member catalog: 'Explore Care' -> /research/member/metabolic-care (member-only page),Start Care,Licensed pharmacy via secure clinical system - provider readiness NOT verified (PROVIDER_READINESS.md),N/A to site (pharmacy-dispensed); pharmacy identity not verified,docs/production-completion/catalog/catalog-reconciliation.json (GEN-GRP-0208),public copy draft; pharmacy/clinician provider not verified
canonical:mov_766e97f7685af83b8f7e,Ibutamoren,IBUTAMOREN 25MG CAPSULE,503A Clinical Formulations / Capsule,none in repo (no candidate),NO - clinician/pharmacy determines; show 'Price confirmed after clinical review' (D-05),Care pathway only (clinician decision after secure handoff),YES,NO,NO,NO,No account to request Care; secure clinical account only after human review,YES,Public: none (catalog not public). Member catalog: 'Explore Care' -> /research/member/metabolic-care (member-only page),Start Care,Licensed pharmacy via secure clinical system - provider readiness NOT verified (PROVIDER_READINESS.md),N/A to site (pharmacy-dispensed); pharmacy identity not verified,docs/production-completion/catalog/catalog-reconciliation.json (GEN-GRP-0076),public copy draft; pharmacy/clinician provider not verified
canonical:mov_7673a9b4ccaa340557f2,Sildenafil SR,SILDENAFIL SR 110MG CAPSULE,503A Clinical Formulations / Capsule,none in repo (no candidate),NO - clinician/pharmacy determines; show 'Price confirmed after clinical review' (D-05),Care pathway only (clinician decision after secure handoff),YES,NO,NO,NO,No account to request Care; secure clinical account only after human review,YES,Public: none (catalog not public). Member catalog: 'Explore Care' -> /research/member/metabolic-care (member-only page),Start Care,Licensed pharmacy via secure clinical system - provider readiness NOT verified (PROVIDER_READINESS.md),N/A to site (pharmacy-dispensed); pharmacy identity not verified,docs/production-completion/catalog/catalog-reconciliation.json (GEN-GRP-0177),public copy draft; pharmacy/clinician provider not verified
canonical:mov_7a9f5490412704a83cb5,Tamoxifen,TAMOXIFEN 10MG TABLET,503A Clinical Formulations / Tablet,none in repo (no candidate),NO - clinician/pharmacy determines; show 'Price confirmed after clinical review' (D-05),Care pathway only (clinician decision after secure handoff),YES,NO,NO,NO,No account to request Care; secure clinical account only after human review,YES,Public: none (catalog not public). Member catalog: 'Explore Care' -> /research/member/metabolic-care (member-only page),Start Care,Licensed pharmacy via secure clinical system - provider readiness NOT verified (PROVIDER_READINESS.md),N/A to site (pharmacy-dispensed); pharmacy identity not verified,docs/production-completion/catalog/catalog-reconciliation.json (GEN-GRP-0206),public copy draft; pharmacy/clinician provider not verified
canonical:mov_7db23839e0378f076ad5,Progesterone,PROGESTERONE 50MG/ML CREAM,503A Clinical Formulations / Topical Cream,none in repo (no candidate),NO - clinician/pharmacy determines; show 'Price confirmed after clinical review' (D-05),Care pathway only (clinician decision after secure handoff),YES,NO,NO,NO,No account to request Care; secure clinical account only after human review,YES,Public: none (catalog not public). Member catalog: 'Explore Care' -> /research/member/metabolic-care (member-only page),Start Care,Licensed pharmacy via secure clinical system - provider readiness NOT verified (PROVIDER_READINESS.md),N/A to site (pharmacy-dispensed); pharmacy identity not verified,docs/production-completion/catalog/catalog-reconciliation.json (GEN-GRP-0152),public copy draft; pharmacy/clinician provider not verified
canonical:mov_7f82640f5ac1adc9483f,Enclomiphene,ENCLOMIPHENE 12.5MG CAPSULE,503A Clinical Formulations / Capsule,none in repo (no candidate),NO - clinician/pharmacy determines; show 'Price confirmed after clinical review' (D-05),Care pathway only (clinician decision after secure handoff),YES,NO,NO,NO,No account to request Care; secure clinical account only after human review,YES,Public: none (catalog not public). Member catalog: 'Explore Care' -> /research/member/metabolic-care (member-only page),Start Care,Licensed pharmacy via secure clinical system - provider readiness NOT verified (PROVIDER_READINESS.md),N/A to site (pharmacy-dispensed); pharmacy identity not verified,docs/production-completion/catalog/catalog-reconciliation.json (GEN-GRP-0043),public copy draft; pharmacy/clinician provider not verified
canonical:mov_7fc3aca6a879412d6576,Semax + Selank,SEMAX/SELANK 2.5MG/2.5MG/ML NASAL SPRAY (15ML),503A Clinical Formulations / Nasal Spray,none in repo (no candidate),NO - clinician/pharmacy determines; show 'Price confirmed after clinical review' (D-05),Care pathway only (clinician decision after secure handoff),YES,NO,NO,NO,No account to request Care; secure clinical account only after human review,YES,Public: none (catalog not public). Member catalog: 'Explore Care' -> /research/member/metabolic-care (member-only page),Start Care,Licensed pharmacy via secure clinical system - provider readiness NOT verified (PROVIDER_READINESS.md),N/A to site (pharmacy-dispensed); pharmacy identity not verified,docs/production-completion/catalog/catalog-reconciliation.json (GEN-GRP-0169),public copy draft; pharmacy/clinician provider not verified
canonical:mov_806be6cd914c527fad37,Tadalafil SR,TADALAFIL SR 12MG CAPSULE,503A Clinical Formulations / Capsule,none in repo (no candidate),NO - clinician/pharmacy determines; show 'Price confirmed after clinical review' (D-05),Care pathway only (clinician decision after secure handoff),YES,NO,NO,NO,No account to request Care; secure clinical account only after human review,YES,Public: none (catalog not public). Member catalog: 'Explore Care' -> /research/member/metabolic-care (member-only page),Start Care,Licensed pharmacy via secure clinical system - provider readiness NOT verified (PROVIDER_READINESS.md),N/A to site (pharmacy-dispensed); pharmacy identity not verified,docs/production-completion/catalog/catalog-reconciliation.json (GEN-GRP-0200),public copy draft; pharmacy/clinician provider not verified
canonical:mov_82974ab2f9c652c2cb12,Anastrozole,ANASTROZOLE 0.25MG CAPSULE,503A Clinical Formulations / Capsule,none in repo (no candidate),NO - clinician/pharmacy determines; show 'Price confirmed after clinical review' (D-05),Care pathway only (clinician decision after secure handoff),YES,NO,NO,NO,No account to request Care; secure clinical account only after human review,YES,Public: none (catalog not public). Member catalog: 'Explore Care' -> /research/member/metabolic-care (member-only page),Start Care,Licensed pharmacy via secure clinical system - provider readiness NOT verified (PROVIDER_READINESS.md),N/A to site (pharmacy-dispensed); pharmacy identity not verified,docs/production-completion/catalog/catalog-reconciliation.json (GEN-GRP-0002),public copy draft; pharmacy/clinician provider not verified
canonical:mov_831a50352c3ea54cf4e7,Estradiol,ESTRADIOL 6MG/ML CREAM,503A Clinical Formulations / Topical Cream,none in repo (no candidate),NO - clinician/pharmacy determines; show 'Price confirmed after clinical review' (D-05),Care pathway only (clinician decision after secure handoff),YES,NO,NO,NO,No account to request Care; secure clinical account only after human review,YES,Public: none (catalog not public). Member catalog: 'Explore Care' -> /research/member/metabolic-care (member-only page),Start Care,Licensed pharmacy via secure clinical system - provider readiness NOT verified (PROVIDER_READINESS.md),N/A to site (pharmacy-dispensed); pharmacy identity not verified,docs/production-completion/catalog/catalog-reconciliation.json (GEN-GRP-0058),public copy draft; pharmacy/clinician provider not verified
canonical:mov_85b30027c9aab0079752,Estradiol,ESTRADIOL 1.5MG CAPSULE,503A Clinical Formulations / Capsule,none in repo (no candidate),NO - clinician/pharmacy determines; show 'Price confirmed after clinical review' (D-05),Care pathway only (clinician decision after secure handoff),YES,NO,NO,NO,No account to request Care; secure clinical account only after human review,YES,Public: none (catalog not public). Member catalog: 'Explore Care' -> /research/member/metabolic-care (member-only page),Start Care,Licensed pharmacy via secure clinical system - provider readiness NOT verified (PROVIDER_READINESS.md),N/A to site (pharmacy-dispensed); pharmacy identity not verified,docs/production-completion/catalog/catalog-reconciliation.json (GEN-GRP-0052),public copy draft; pharmacy/clinician provider not verified
canonical:mov_85f31586f4ca4262ebb4,Tesofensine,TESOFENSINE 500MCG CAPSULE,503A Clinical Formulations / Capsule,none in repo (no candidate),NO - clinician/pharmacy determines; show 'Price confirmed after clinical review' (D-05),Care pathway only (clinician decision after secure handoff),YES,NO,NO,NO,No account to request Care; secure clinical account only after human review,YES,Public: none (catalog not public). Member catalog: 'Explore Care' -> /research/member/metabolic-care (member-only page),Start Care,Licensed pharmacy via secure clinical system - provider readiness NOT verified (PROVIDER_READINESS.md),N/A to site (pharmacy-dispensed); pharmacy identity not verified,docs/production-completion/catalog/catalog-reconciliation.json (GEN-GRP-0211),public copy draft; pharmacy/clinician provider not verified
canonical:mov_865c8079b375e73ded35,Foxo4-Dri,FOXO4-DRI 2MG/ML (5ML),503A Clinical Formulations / Compounded Vial / Liquid,none in repo (no candidate),NO - clinician/pharmacy determines; show 'Price confirmed after clinical review' (D-05),Care pathway only (clinician decision after secure handoff),YES,NO,NO,NO,No account to request Care; secure clinical account only after human review,YES,Public: none (catalog not public). Member catalog: 'Explore Care' -> /research/member/metabolic-care (member-only page),Start Care,Licensed pharmacy via secure clinical system - provider readiness NOT verified (PROVIDER_READINESS.md),N/A to site (pharmacy-dispensed); pharmacy identity not verified,docs/production-completion/catalog/catalog-reconciliation.json (GEN-GRP-0061),public copy draft; pharmacy/clinician provider not verified
canonical:mov_86df1a74878cfd60f6c2,Sildenafil,SILDENAFIL 55MG CAPSULE,503A Clinical Formulations / Capsule,none in repo (no candidate),NO - clinician/pharmacy determines; show 'Price confirmed after clinical review' (D-05),Care pathway only (clinician decision after secure handoff),YES,NO,NO,NO,No account to request Care; secure clinical account only after human review,YES,Public: none (catalog not public). Member catalog: 'Explore Care' -> /research/member/metabolic-care (member-only page),Start Care,Licensed pharmacy via secure clinical system - provider readiness NOT verified (PROVIDER_READINESS.md),N/A to site (pharmacy-dispensed); pharmacy identity not verified,docs/production-completion/catalog/catalog-reconciliation.json (GEN-GRP-0175),public copy draft; pharmacy/clinician provider not verified
canonical:mov_874168a9c2547434954b,Kisspeptin,KISSPEPTIN 1MG/ML (5ML),503A Clinical Formulations / Compounded Vial / Liquid,none in repo (no candidate),NO - clinician/pharmacy determines; show 'Price confirmed after clinical review' (D-05),Care pathway only (clinician decision after secure handoff),YES,NO,NO,NO,No account to request Care; secure clinical account only after human review,YES,Public: none (catalog not public). Member catalog: 'Explore Care' -> /research/member/metabolic-care (member-only page),Start Care,Licensed pharmacy via secure clinical system - provider readiness NOT verified (PROVIDER_READINESS.md),N/A to site (pharmacy-dispensed); pharmacy identity not verified,docs/production-completion/catalog/catalog-reconciliation.json (GEN-GRP-0078),public copy draft; pharmacy/clinician provider not verified
canonical:mov_8916bc3cdec720be82c2,Tadalafil,TADALAFIL 5MG TABLET,503A Clinical Formulations / Tablet,none in repo (no candidate),NO - clinician/pharmacy determines; show 'Price confirmed after clinical review' (D-05),Care pathway only (clinician decision after secure handoff),YES,NO,NO,NO,No account to request Care; secure clinical account only after human review,YES,Public: none (catalog not public). Member catalog: 'Explore Care' -> /research/member/metabolic-care (member-only page),Start Care,Licensed pharmacy via secure clinical system - provider readiness NOT verified (PROVIDER_READINESS.md),N/A to site (pharmacy-dispensed); pharmacy identity not verified,docs/production-completion/catalog/catalog-reconciliation.json (GEN-GRP-0199),public copy draft; pharmacy/clinician provider not verified
canonical:mov_8b5397cde4ee58ec1e07,Metformin HCl Er Tablet,METFORMIN HCl ER TABLET 1000MG,503A Clinical Formulations / Tablet,none in repo (no candidate),NO - clinician/pharmacy determines; show 'Price confirmed after clinical review' (D-05),Care pathway only (clinician decision after secure handoff),YES,NO,NO,NO,No account to request Care; secure clinical account only after human review,YES,Public: none (catalog not public). Member catalog: 'Explore Care' -> /research/member/metabolic-care (member-only page),Start Care,Licensed pharmacy via secure clinical system - provider readiness NOT verified (PROVIDER_READINESS.md),N/A to site (pharmacy-dispensed); pharmacy identity not verified,docs/production-completion/catalog/catalog-reconciliation.json (GEN-GRP-0099),public copy draft; pharmacy/clinician provider not verified
canonical:mov_8c186c0019ff862aa8d0,Tirzepatide + B12,TIRZEPATIDE/B12 30MG-500MCG/ML (6ML) (180mg vial),503A Clinical Formulations / Compounded Vial / Liquid,none in repo (no candidate),NO - clinician/pharmacy determines; show 'Price confirmed after clinical review' (D-05),Care pathway only (clinician decision after secure handoff),YES,NO,NO,NO,No account to request Care; secure clinical account only after human review,YES,Public: none (catalog not public). Member catalog: 'Explore Care' -> /research/member/metabolic-care (member-only page),Start Care,Licensed pharmacy via secure clinical system - provider readiness NOT verified (PROVIDER_READINESS.md),N/A to site (pharmacy-dispensed); pharmacy identity not verified,docs/production-completion/catalog/catalog-reconciliation.json (GEN-GRP-0234),public copy draft; pharmacy/clinician provider not verified
canonical:mov_8c43d8049cba3bbc8938,Vardenafil,VARDENAFIL 20MG TROCHE,503A Clinical Formulations / Troche,none in repo (no candidate),NO - clinician/pharmacy determines; show 'Price confirmed after clinical review' (D-05),Care pathway only (clinician decision after secure handoff),YES,NO,NO,NO,No account to request Care; secure clinical account only after human review,YES,Public: none (catalog not public). Member catalog: 'Explore Care' -> /research/member/metabolic-care (member-only page),Start Care,Licensed pharmacy via secure clinical system - provider readiness NOT verified (PROVIDER_READINESS.md),N/A to site (pharmacy-dispensed); pharmacy identity not verified,docs/production-completion/catalog/catalog-reconciliation.json (GEN-GRP-0241),public copy draft; pharmacy/clinician provider not verified
canonical:mov_8c56e30aba0c1e1b9823,Tirzepatide + B12,TIRZEPATIDE/B12 28MG-500MCG/ML (2ML) (56mg vial),503A Clinical Formulations / Compounded Vial / Liquid,none in repo (no candidate),NO - clinician/pharmacy determines; show 'Price confirmed after clinical review' (D-05),Care pathway only (clinician decision after secure handoff),YES,NO,NO,NO,No account to request Care; secure clinical account only after human review,YES,Public: none (catalog not public). Member catalog: 'Explore Care' -> /research/member/metabolic-care (member-only page),Start Care,Licensed pharmacy via secure clinical system - provider readiness NOT verified (PROVIDER_READINESS.md),N/A to site (pharmacy-dispensed); pharmacy identity not verified,docs/production-completion/catalog/catalog-reconciliation.json (GEN-GRP-0233),public copy draft; pharmacy/clinician provider not verified
canonical:mov_8d910726a1f47aada8b1,Tadalafil,TADALAFIL 24MG CAPSULE,503A Clinical Formulations / Capsule,none in repo (no candidate),NO - clinician/pharmacy determines; show 'Price confirmed after clinical review' (D-05),Care pathway only (clinician decision after secure handoff),YES,NO,NO,NO,No account to request Care; secure clinical account only after human review,YES,Public: none (catalog not public). Member catalog: 'Explore Care' -> /research/member/metabolic-care (member-only page),Start Care,Licensed pharmacy via secure clinical system - provider readiness NOT verified (PROVIDER_READINESS.md),N/A to site (pharmacy-dispensed); pharmacy identity not verified,docs/production-completion/catalog/catalog-reconciliation.json (GEN-GRP-0198),public copy draft; pharmacy/clinician provider not verified
canonical:mov_8ed9566bd266d00fff4e,Oxytocin Troche,OXYTOCIN TROCHE 50 IU,503A Clinical Formulations / Troche,none in repo (no candidate),NO - clinician/pharmacy determines; show 'Price confirmed after clinical review' (D-05),Care pathway only (clinician decision after secure handoff),YES,NO,NO,NO,No account to request Care; secure clinical account only after human review,YES,Public: none (catalog not public). Member catalog: 'Explore Care' -> /research/member/metabolic-care (member-only page),Start Care,Licensed pharmacy via secure clinical system - provider readiness NOT verified (PROVIDER_READINESS.md),N/A to site (pharmacy-dispensed); pharmacy identity not verified,docs/production-completion/catalog/catalog-reconciliation.json (GEN-GRP-0124),public copy draft; pharmacy/clinician provider not verified
canonical:mov_8f9c93d7bbd259a65618,Testosterone Cyp,TESTOSTERONE CYP 200MG/ML MCT OIL (5ML),503A Clinical Formulations / Compounded Vial / Liquid,none in repo (no candidate),NO - clinician/pharmacy determines; show 'Price confirmed after clinical review' (D-05),Care pathway only (clinician decision after secure handoff),YES,NO,NO,NO,No account to request Care; secure clinical account only after human review,YES,Public: none (catalog not public). Member catalog: 'Explore Care' -> /research/member/metabolic-care (member-only page),Start Care,Licensed pharmacy via secure clinical system - provider readiness NOT verified (PROVIDER_READINESS.md),N/A to site (pharmacy-dispensed); pharmacy identity not verified,docs/production-completion/catalog/catalog-reconciliation.json (GEN-GRP-0221),public copy draft; pharmacy/clinician provider not verified
canonical:mov_8fc79749268ceced7f51,Progesterone,PROGESTERONE 250MG SR CAPSULE,503A Clinical Formulations / Capsule,none in repo (no candidate),NO - clinician/pharmacy determines; show 'Price confirmed after clinical review' (D-05),Care pathway only (clinician decision after secure handoff),YES,NO,NO,NO,No account to request Care; secure clinical account only after human review,YES,Public: none (catalog not public). Member catalog: 'Explore Care' -> /research/member/metabolic-care (member-only page),Start Care,Licensed pharmacy via secure clinical system - provider readiness NOT verified (PROVIDER_READINESS.md),N/A to site (pharmacy-dispensed); pharmacy identity not verified,docs/production-completion/catalog/catalog-reconciliation.json (GEN-GRP-0144),public copy draft; pharmacy/clinician provider not verified
canonical:mov_90758b4e6a42d66e47f7,Estradiol,ESTRADIOL 4MG/ML CREAM,503A Clinical Formulations / Topical Cream,none in repo (no candidate),NO - clinician/pharmacy determines; show 'Price confirmed after clinical review' (D-05),Care pathway only (clinician decision after secure handoff),YES,NO,NO,NO,No account to request Care; secure clinical account only after human review,YES,Public: none (catalog not public). Member catalog: 'Explore Care' -> /research/member/metabolic-care (member-only page),Start Care,Licensed pharmacy via secure clinical system - provider readiness NOT verified (PROVIDER_READINESS.md),N/A to site (pharmacy-dispensed); pharmacy identity not verified,docs/production-completion/catalog/catalog-reconciliation.json (GEN-GRP-0057),public copy draft; pharmacy/clinician provider not verified
canonical:mov_908f0621f69df1349570,Progesterone,PROGESTERONE 250MG CAPSULE,503A Clinical Formulations / Capsule,none in repo (no candidate),NO - clinician/pharmacy determines; show 'Price confirmed after clinical review' (D-05),Care pathway only (clinician decision after secure handoff),YES,NO,NO,NO,No account to request Care; secure clinical account only after human review,YES,Public: none (catalog not public). Member catalog: 'Explore Care' -> /research/member/metabolic-care (member-only page),Start Care,Licensed pharmacy via secure clinical system - provider readiness NOT verified (PROVIDER_READINESS.md),N/A to site (pharmacy-dispensed); pharmacy identity not verified,docs/production-completion/catalog/catalog-reconciliation.json (GEN-GRP-0143),public copy draft; pharmacy/clinician provider not verified
canonical:mov_9244125895144bc27dc7,Progesterone,PROGESTERONE 200MG/ML CREAM,503A Clinical Formulations / Topical Cream,none in repo (no candidate),NO - clinician/pharmacy determines; show 'Price confirmed after clinical review' (D-05),Care pathway only (clinician decision after secure handoff),YES,NO,NO,NO,No account to request Care; secure clinical account only after human review,YES,Public: none (catalog not public). Member catalog: 'Explore Care' -> /research/member/metabolic-care (member-only page),Start Care,Licensed pharmacy via secure clinical system - provider readiness NOT verified (PROVIDER_READINESS.md),N/A to site (pharmacy-dispensed); pharmacy identity not verified,docs/production-completion/catalog/catalog-reconciliation.json (GEN-GRP-0141),public copy draft; pharmacy/clinician provider not verified
canonical:mov_925c987182d69e2c89dd,Tirzepatide + B12,TIRZEPATIDE/B12 17MG-500MCG/ML (2ML) (34mg vial),503A Clinical Formulations / Compounded Vial / Liquid,none in repo (no candidate),NO - clinician/pharmacy determines; show 'Price confirmed after clinical review' (D-05),Care pathway only (clinician decision after secure handoff),YES,NO,NO,NO,No account to request Care; secure clinical account only after human review,YES,Public: none (catalog not public). Member catalog: 'Explore Care' -> /research/member/metabolic-care (member-only page),Start Care,Licensed pharmacy via secure clinical system - provider readiness NOT verified (PROVIDER_READINESS.md),N/A to site (pharmacy-dispensed); pharmacy identity not verified,docs/production-completion/catalog/catalog-reconciliation.json (GEN-GRP-0230),public copy draft; pharmacy/clinician provider not verified
canonical:mov_92a9e34a7ee0402c096a,Lipo-B (Cyanocobalamin + Mic) (10Ml),LIPO-B (Cyanocobalamin/MIC) (10ML),503A Clinical Formulations / Compounded Vial / Liquid,none in repo (no candidate),NO - clinician/pharmacy determines; show 'Price confirmed after clinical review' (D-05),Care pathway only (clinician decision after secure handoff),YES,NO,NO,NO,No account to request Care; secure clinical account only after human review,YES,Public: none (catalog not public). Member catalog: 'Explore Care' -> /research/member/metabolic-care (member-only page),Start Care,Licensed pharmacy via secure clinical system - provider readiness NOT verified (PROVIDER_READINESS.md),N/A to site (pharmacy-dispensed); pharmacy identity not verified,docs/production-completion/catalog/catalog-reconciliation.json (GEN-GRP-0088),public copy draft; pharmacy/clinician provider not verified
canonical:mov_93bfbdf802bda4de5731,GHK-Cu + Epithalon 10-2Mg + Ml (5Ml),GHK-CU/EPITHALON 10-2MG/ML (5ML),503A Clinical Formulations / Compounded Vial / Liquid,none in repo (no candidate),NO - clinician/pharmacy determines; show 'Price confirmed after clinical review' (D-05),Care pathway only (clinician decision after secure handoff),YES,NO,NO,NO,No account to request Care; secure clinical account only after human review,YES,Public: none (catalog not public). Member catalog: 'Explore Care' -> /research/member/metabolic-care (member-only page),Start Care,Licensed pharmacy via secure clinical system - provider readiness NOT verified (PROVIDER_READINESS.md),N/A to site (pharmacy-dispensed); pharmacy identity not verified,docs/production-completion/catalog/catalog-reconciliation.json (GEN-GRP-0064),public copy draft; pharmacy/clinician provider not verified
canonical:mov_99dfd47f74b9493e4baa,Oxytocin Nasal Spray,OXYTOCIN NASAL SPRAY 100 IU/ML (15ML),503A Clinical Formulations / Nasal Spray,none in repo (no candidate),NO - clinician/pharmacy determines; show 'Price confirmed after clinical review' (D-05),Care pathway only (clinician decision after secure handoff),YES,NO,NO,NO,No account to request Care; secure clinical account only after human review,YES,Public: none (catalog not public). Member catalog: 'Explore Care' -> /research/member/metabolic-care (member-only page),Start Care,Licensed pharmacy via secure clinical system - provider readiness NOT verified (PROVIDER_READINESS.md),N/A to site (pharmacy-dispensed); pharmacy identity not verified,docs/production-completion/catalog/catalog-reconciliation.json (GEN-GRP-0122),public copy draft; pharmacy/clinician provider not verified
canonical:mov_9ba44985db0c90b04efe,T4 + T3,T4/T3 50MCG/15MCG IR CAPSULE,503A Clinical Formulations / Capsule,none in repo (no candidate),NO - clinician/pharmacy determines; show 'Price confirmed after clinical review' (D-05),Care pathway only (clinician decision after secure handoff),YES,NO,NO,NO,No account to request Care; secure clinical account only after human review,YES,Public: none (catalog not public). Member catalog: 'Explore Care' -> /research/member/metabolic-care (member-only page),Start Care,Licensed pharmacy via secure clinical system - provider readiness NOT verified (PROVIDER_READINESS.md),N/A to site (pharmacy-dispensed); pharmacy identity not verified,docs/production-completion/catalog/catalog-reconciliation.json (GEN-GRP-0191),public copy draft; pharmacy/clinician provider not verified
canonical:mov_9d2102e83a22a6f70bad,PT-141,PT-141 2MG/ML (5ML),503A Clinical Formulations / Compounded Vial / Liquid,none in repo (no candidate),NO - clinician/pharmacy determines; show 'Price confirmed after clinical review' (D-05),Care pathway only (clinician decision after secure handoff),YES,NO,NO,NO,No account to request Care; secure clinical account only after human review,YES,Public: none (catalog not public). Member catalog: 'Explore Care' -> /research/member/metabolic-care (member-only page),Start Care,Licensed pharmacy via secure clinical system - provider readiness NOT verified (PROVIDER_READINESS.md),N/A to site (pharmacy-dispensed); pharmacy identity not verified,docs/production-completion/catalog/catalog-reconciliation.json (GEN-GRP-0125),public copy draft; pharmacy/clinician provider not verified
canonical:mov_9e07ff94148f40c5696e,Oxandrolone,OXANDROLONE 5MG CAPSULE,503A Clinical Formulations / Capsule,none in repo (no candidate),NO - clinician/pharmacy determines; show 'Price confirmed after clinical review' (D-05),Care pathway only (clinician decision after secure handoff),YES,NO,NO,NO,No account to request Care; secure clinical account only after human review,YES,Public: none (catalog not public). Member catalog: 'Explore Care' -> /research/member/metabolic-care (member-only page),Start Care,Licensed pharmacy via secure clinical system - provider readiness NOT verified (PROVIDER_READINESS.md),N/A to site (pharmacy-dispensed); pharmacy identity not verified,docs/production-completion/catalog/catalog-reconciliation.json (GEN-GRP-0118),public copy draft; pharmacy/clinician provider not verified
canonical:mov_9fa662797891a14f0be9,Minoxidil,MINOXIDIL 5% / FINASTERIDE 0.1% SOLUTION 60ML,503A Clinical Formulations / Solution,none in repo (no candidate),NO - clinician/pharmacy determines; show 'Price confirmed after clinical review' (D-05),Care pathway only (clinician decision after secure handoff),YES,NO,NO,NO,No account to request Care; secure clinical account only after human review,YES,Public: none (catalog not public). Member catalog: 'Explore Care' -> /research/member/metabolic-care (member-only page),Start Care,Licensed pharmacy via secure clinical system - provider readiness NOT verified (PROVIDER_READINESS.md),N/A to site (pharmacy-dispensed); pharmacy identity not verified,docs/production-completion/catalog/catalog-reconciliation.json (GEN-GRP-0109),public copy draft; pharmacy/clinician provider not verified
canonical:mov_a3e1de7953ea2638cdc7,Oxytocin Nasal Spray,OXYTOCIN NASAL SPRAY 100 IU/ML (10ML),503A Clinical Formulations / Nasal Spray,none in repo (no candidate),NO - clinician/pharmacy determines; show 'Price confirmed after clinical review' (D-05),Care pathway only (clinician decision after secure handoff),YES,NO,NO,NO,No account to request Care; secure clinical account only after human review,YES,Public: none (catalog not public). Member catalog: 'Explore Care' -> /research/member/metabolic-care (member-only page),Start Care,Licensed pharmacy via secure clinical system - provider readiness NOT verified (PROVIDER_READINESS.md),N/A to site (pharmacy-dispensed); pharmacy identity not verified,docs/production-completion/catalog/catalog-reconciliation.json (GEN-GRP-0121),public copy draft; pharmacy/clinician provider not verified
canonical:mov_a42926b88119a87e7adf,Oxymetholone,OXYMETHOLONE 25MG CAPSULE,503A Clinical Formulations / Capsule,none in repo (no candidate),NO - clinician/pharmacy determines; show 'Price confirmed after clinical review' (D-05),Care pathway only (clinician decision after secure handoff),YES,NO,NO,NO,No account to request Care; secure clinical account only after human review,YES,Public: none (catalog not public). Member catalog: 'Explore Care' -> /research/member/metabolic-care (member-only page),Start Care,Licensed pharmacy via secure clinical system - provider readiness NOT verified (PROVIDER_READINESS.md),N/A to site (pharmacy-dispensed); pharmacy identity not verified,docs/production-completion/catalog/catalog-reconciliation.json (GEN-GRP-0119),public copy draft; pharmacy/clinician provider not verified
canonical:mov_a66e2af49da46a4c4ab1,Finasteride Tablet,FINASTERIDE TABLET 5MG,503A Clinical Formulations / Tablet,none in repo (no candidate),NO - clinician/pharmacy determines; show 'Price confirmed after clinical review' (D-05),Care pathway only (clinician decision after secure handoff),YES,NO,NO,NO,No account to request Care; secure clinical account only after human review,YES,Public: none (catalog not public). Member catalog: 'Explore Care' -> /research/member/metabolic-care (member-only page),Start Care,Licensed pharmacy via secure clinical system - provider readiness NOT verified (PROVIDER_READINESS.md),N/A to site (pharmacy-dispensed); pharmacy identity not verified,docs/production-completion/catalog/catalog-reconciliation.json (GEN-GRP-0060),public copy draft; pharmacy/clinician provider not verified
canonical:mov_a69bd4220917c3df075a,Bi-Est,BI-EST 5MG (80/20) CAPSULE,503A Clinical Formulations / Capsule,none in repo (no candidate),NO - clinician/pharmacy determines; show 'Price confirmed after clinical review' (D-05),Care pathway only (clinician decision after secure handoff),YES,NO,NO,NO,No account to request Care; secure clinical account only after human review,YES,Public: none (catalog not public). Member catalog: 'Explore Care' -> /research/member/metabolic-care (member-only page),Start Care,Licensed pharmacy via secure clinical system - provider readiness NOT verified (PROVIDER_READINESS.md),N/A to site (pharmacy-dispensed); pharmacy identity not verified,docs/production-completion/catalog/catalog-reconciliation.json (GEN-GRP-0023),public copy draft; pharmacy/clinician provider not verified
canonical:mov_a8af22bc4d1d96266669,5-Amino-1Mq,5-AMINO-1MQ 5MG/ML (5ML),503A Clinical Formulations / Compounded Vial / Liquid,none in repo (no candidate),NO - clinician/pharmacy determines; show 'Price confirmed after clinical review' (D-05),Care pathway only (clinician decision after secure handoff),YES,NO,NO,NO,No account to request Care; secure clinical account only after human review,YES,Public: none (catalog not public). Member catalog: 'Explore Care' -> /research/member/metabolic-care (member-only page),Start Care,Licensed pharmacy via secure clinical system - provider readiness NOT verified (PROVIDER_READINESS.md),N/A to site (pharmacy-dispensed); pharmacy identity not verified,docs/production-completion/catalog/catalog-reconciliation.json (GEN-GRP-0001),public copy draft; pharmacy/clinician provider not verified
canonical:mov_a951f06b028846122b03,Ibutamoren,IBUTAMOREN 12.5MG CAPSULE,503A Clinical Formulations / Capsule,none in repo (no candidate),NO - clinician/pharmacy determines; show 'Price confirmed after clinical review' (D-05),Care pathway only (clinician decision after secure handoff),YES,NO,NO,NO,No account to request Care; secure clinical account only after human review,YES,Public: none (catalog not public). Member catalog: 'Explore Care' -> /research/member/metabolic-care (member-only page),Start Care,Licensed pharmacy via secure clinical system - provider readiness NOT verified (PROVIDER_READINESS.md),N/A to site (pharmacy-dispensed); pharmacy identity not verified,docs/production-completion/catalog/catalog-reconciliation.json (GEN-GRP-0075),public copy draft; pharmacy/clinician provider not verified
canonical:mov_ad44eb6b82099b20eb94,"GHK-Cu + Snap 8 Serum, Gel (GHK-Cu","GHK-CU + SNAP 8 SERUM, GEL (GHK-CU 3% / SNAP-8 1% / NIACINAMIDE 3%) 30ML",503A Clinical Formulations / Topical Gel / Serum,none in repo (no candidate),NO - clinician/pharmacy determines; show 'Price confirmed after clinical review' (D-05),Care pathway only (clinician decision after secure handoff),YES,NO,NO,NO,No account to request Care; secure clinical account only after human review,YES,Public: none (catalog not public). Member catalog: 'Explore Care' -> /research/member/metabolic-care (member-only page),Start Care,Licensed pharmacy via secure clinical system - provider readiness NOT verified (PROVIDER_READINESS.md),N/A to site (pharmacy-dispensed); pharmacy identity not verified,docs/production-completion/catalog/catalog-reconciliation.json (GEN-GRP-0066),public copy draft; pharmacy/clinician provider not verified
canonical:mov_ad59d7da55ab90677602,Oxandrolone,OXANDROLONE 50MG CAPSULE,503A Clinical Formulations / Capsule,none in repo (no candidate),NO - clinician/pharmacy determines; show 'Price confirmed after clinical review' (D-05),Care pathway only (clinician decision after secure handoff),YES,NO,NO,NO,No account to request Care; secure clinical account only after human review,YES,Public: none (catalog not public). Member catalog: 'Explore Care' -> /research/member/metabolic-care (member-only page),Start Care,Licensed pharmacy via secure clinical system - provider readiness NOT verified (PROVIDER_READINESS.md),N/A to site (pharmacy-dispensed); pharmacy identity not verified,docs/production-completion/catalog/catalog-reconciliation.json (GEN-GRP-0117),public copy draft; pharmacy/clinician provider not verified
canonical:mov_ae5b51214dd47733e450,Gonadorelin,GONADORELIN 200MCG/ML (5ML),503A Clinical Formulations / Compounded Vial / Liquid,none in repo (no candidate),NO - clinician/pharmacy determines; show 'Price confirmed after clinical review' (D-05),Care pathway only (clinician decision after secure handoff),YES,NO,NO,NO,No account to request Care; secure clinical account only after human review,YES,Public: none (catalog not public). Member catalog: 'Explore Care' -> /research/member/metabolic-care (member-only page),Start Care,Licensed pharmacy via secure clinical system - provider readiness NOT verified (PROVIDER_READINESS.md),N/A to site (pharmacy-dispensed); pharmacy identity not verified,docs/production-completion/catalog/catalog-reconciliation.json (GEN-GRP-0072),public copy draft; pharmacy/clinician provider not verified
canonical:mov_b08d21398772788f95f6,Tirzepatide + B12,TIRZEPATIDE/B12 22MG-500MCG/ML (2ML) (44mg vial),503A Clinical Formulations / Compounded Vial / Liquid,none in repo (no candidate),NO - clinician/pharmacy determines; show 'Price confirmed after clinical review' (D-05),Care pathway only (clinician decision after secure handoff),YES,NO,NO,NO,No account to request Care; secure clinical account only after human review,YES,Public: none (catalog not public). Member catalog: 'Explore Care' -> /research/member/metabolic-care (member-only page),Start Care,Licensed pharmacy via secure clinical system - provider readiness NOT verified (PROVIDER_READINESS.md),N/A to site (pharmacy-dispensed); pharmacy identity not verified,docs/production-completion/catalog/catalog-reconciliation.json (GEN-GRP-0232),public copy draft; pharmacy/clinician provider not verified
canonical:mov_b29938eebdaf1935c8cc,LIVER SUPPORT,"LIVER SUPPORT (Vitamin E 50%, Milk Thistle, N-Acetylcysteine, Thiamine, Selenium) CAPSULE",503A Clinical Formulations / Capsule,none in repo (no candidate),NO - clinician/pharmacy determines; show 'Price confirmed after clinical review' (D-05),Care pathway only (clinician decision after secure handoff),YES,NO,NO,NO,No account to request Care; secure clinical account only after human review,YES,Public: none (catalog not public). Member catalog: 'Explore Care' -> /research/member/metabolic-care (member-only page),Start Care,Licensed pharmacy via secure clinical system - provider readiness NOT verified (PROVIDER_READINESS.md),N/A to site (pharmacy-dispensed); pharmacy identity not verified,docs/production-completion/catalog/catalog-reconciliation.json (GEN-GRP-0081),public copy draft; pharmacy/clinician provider not verified
canonical:mov_b2d8d487c0104e5fbce5,Glutathione,GLUTATHIONE 200MG/ML (30ML),503A Clinical Formulations / Compounded Vial / Liquid,none in repo (no candidate),NO - clinician/pharmacy determines; show 'Price confirmed after clinical review' (D-05),Care pathway only (clinician decision after secure handoff),YES,NO,NO,NO,No account to request Care; secure clinical account only after human review,YES,Public: none (catalog not public). Member catalog: 'Explore Care' -> /research/member/metabolic-care (member-only page),Start Care,Licensed pharmacy via secure clinical system - provider readiness NOT verified (PROVIDER_READINESS.md),N/A to site (pharmacy-dispensed); pharmacy identity not verified,docs/production-completion/catalog/catalog-reconciliation.json (GEN-GRP-0070),public copy draft; pharmacy/clinician provider not verified
canonical:mov_b36510b5f969e35a01a9,BPC-157,BPC-157 3MG/ML (5ML),503A Clinical Formulations / Compounded Vial / Liquid,none in repo (no candidate),NO - clinician/pharmacy determines; show 'Price confirmed after clinical review' (D-05),Care pathway only (clinician decision after secure handoff),YES,NO,NO,NO,No account to request Care; secure clinical account only after human review,YES,Public: none (catalog not public). Member catalog: 'Explore Care' -> /research/member/metabolic-care (member-only page),Start Care,Licensed pharmacy via secure clinical system - provider readiness NOT verified (PROVIDER_READINESS.md),N/A to site (pharmacy-dispensed); pharmacy identity not verified,docs/production-completion/catalog/catalog-reconciliation.json (GEN-GRP-0012),public copy draft; pharmacy/clinician provider not verified
canonical:mov_b3ab2236ef6c69a31d69,Semaglutide + B12,SEMAGLUTIDE/B12 2.2MG-500MCG/ML (2ML) (4.4mg vial),503A Clinical Formulations / Compounded Vial / Liquid,none in repo (no candidate),NO - clinician/pharmacy determines; show 'Price confirmed after clinical review' (D-05),Care pathway only (clinician decision after secure handoff),YES,NO,NO,NO,No account to request Care; secure clinical account only after human review,YES,Public: none (catalog not public). Member catalog: 'Explore Care' -> /research/member/metabolic-care (member-only page),Start Care,Licensed pharmacy via secure clinical system - provider readiness NOT verified (PROVIDER_READINESS.md),N/A to site (pharmacy-dispensed); pharmacy identity not verified,docs/production-completion/catalog/catalog-reconciliation.json (GEN-GRP-0160),public copy draft; pharmacy/clinician provider not verified
canonical:mov_b56ef587dd6b17bf8b0c,Progesterone,PROGESTERONE 125MG CAPSULE,503A Clinical Formulations / Capsule,none in repo (no candidate),NO - clinician/pharmacy determines; show 'Price confirmed after clinical review' (D-05),Care pathway only (clinician decision after secure handoff),YES,NO,NO,NO,No account to request Care; secure clinical account only after human review,YES,Public: none (catalog not public). Member catalog: 'Explore Care' -> /research/member/metabolic-care (member-only page),Start Care,Licensed pharmacy via secure clinical system - provider readiness NOT verified (PROVIDER_READINESS.md),N/A to site (pharmacy-dispensed); pharmacy identity not verified,docs/production-completion/catalog/catalog-reconciliation.json (GEN-GRP-0135),public copy draft; pharmacy/clinician provider not verified
canonical:mov_b6edf8e84ad31102991a,Ketoconazole Cream (Ketoconazole,KETOCONAZOLE CREAM (KETOCONAZOLE 2% / NIACINAMIDE 4%) 30GM,503A Clinical Formulations / Topical Cream,none in repo (no candidate),NO - clinician/pharmacy determines; show 'Price confirmed after clinical review' (D-05),Care pathway only (clinician decision after secure handoff),YES,NO,NO,NO,No account to request Care; secure clinical account only after human review,YES,Public: none (catalog not public). Member catalog: 'Explore Care' -> /research/member/metabolic-care (member-only page),Start Care,Licensed pharmacy via secure clinical system - provider readiness NOT verified (PROVIDER_READINESS.md),N/A to site (pharmacy-dispensed); pharmacy identity not verified,docs/production-completion/catalog/catalog-reconciliation.json (GEN-GRP-0077),public copy draft; pharmacy/clinician provider not verified
canonical:mov_b70d3fe84b66e6f7ed90,Semaglutide + B12,SEMAGLUTIDE/B12 5MG-500MCG/ML (4ML) (20mg vial),503A Clinical Formulations / Compounded Vial / Liquid,none in repo (no candidate),NO - clinician/pharmacy determines; show 'Price confirmed after clinical review' (D-05),Care pathway only (clinician decision after secure handoff),YES,NO,NO,NO,No account to request Care; secure clinical account only after human review,YES,Public: none (catalog not public). Member catalog: 'Explore Care' -> /research/member/metabolic-care (member-only page),Start Care,Licensed pharmacy via secure clinical system - provider readiness NOT verified (PROVIDER_READINESS.md),N/A to site (pharmacy-dispensed); pharmacy identity not verified,docs/production-completion/catalog/catalog-reconciliation.json (GEN-GRP-0166),public copy draft; pharmacy/clinician provider not verified
canonical:mov_b7bfd79381bccbb3f0bc,Enclomiphene,ENCLOMIPHENE 50MG CAPSULE,503A Clinical Formulations / Capsule,none in repo (no candidate),NO - clinician/pharmacy determines; show 'Price confirmed after clinical review' (D-05),Care pathway only (clinician decision after secure handoff),YES,NO,NO,NO,No account to request Care; secure clinical account only after human review,YES,Public: none (catalog not public). Member catalog: 'Explore Care' -> /research/member/metabolic-care (member-only page),Start Care,Licensed pharmacy via secure clinical system - provider readiness NOT verified (PROVIDER_READINESS.md),N/A to site (pharmacy-dispensed); pharmacy identity not verified,docs/production-completion/catalog/catalog-reconciliation.json (GEN-GRP-0045),public copy draft; pharmacy/clinician provider not verified
canonical:mov_b9eda58c787ad7de3069,BPC-157,BPC-157 500MCG CAPSULE,503A Clinical Formulations / Capsule,none in repo (no candidate),NO - clinician/pharmacy determines; show 'Price confirmed after clinical review' (D-05),Care pathway only (clinician decision after secure handoff),YES,NO,NO,NO,No account to request Care; secure clinical account only after human review,YES,Public: none (catalog not public). Member catalog: 'Explore Care' -> /research/member/metabolic-care (member-only page),Start Care,Licensed pharmacy via secure clinical system - provider readiness NOT verified (PROVIDER_READINESS.md),N/A to site (pharmacy-dispensed); pharmacy identity not verified,docs/production-completion/catalog/catalog-reconciliation.json (GEN-GRP-0013),public copy draft; pharmacy/clinician provider not verified
canonical:mov_ba2c2b656d77472973a8,Methylene Blue,METHYLENE BLUE 25MG CAPSULE,503A Clinical Formulations / Capsule,none in repo (no candidate),NO - clinician/pharmacy determines; show 'Price confirmed after clinical review' (D-05),Care pathway only (clinician decision after secure handoff),YES,NO,NO,NO,No account to request Care; secure clinical account only after human review,YES,Public: none (catalog not public). Member catalog: 'Explore Care' -> /research/member/metabolic-care (member-only page),Start Care,Licensed pharmacy via secure clinical system - provider readiness NOT verified (PROVIDER_READINESS.md),N/A to site (pharmacy-dispensed); pharmacy identity not verified,docs/production-completion/catalog/catalog-reconciliation.json (GEN-GRP-0105),public copy draft; pharmacy/clinician provider not verified
canonical:mov_ba9acd2ddd6efbd40a18,Progesterone,PROGESTERONE 300MG CAPSULE,503A Clinical Formulations / Capsule,none in repo (no candidate),NO - clinician/pharmacy determines; show 'Price confirmed after clinical review' (D-05),Care pathway only (clinician decision after secure handoff),YES,NO,NO,NO,No account to request Care; secure clinical account only after human review,YES,Public: none (catalog not public). Member catalog: 'Explore Care' -> /research/member/metabolic-care (member-only page),Start Care,Licensed pharmacy via secure clinical system - provider readiness NOT verified (PROVIDER_READINESS.md),N/A to site (pharmacy-dispensed); pharmacy identity not verified,docs/production-completion/catalog/catalog-reconciliation.json (GEN-GRP-0148),public copy draft; pharmacy/clinician provider not verified
canonical:mov_baf57ab8c9cc745ad5ac,Tadalafil Troche,TADALAFIL TROCHE 25MG,503A Clinical Formulations / Troche,none in repo (no candidate),NO - clinician/pharmacy determines; show 'Price confirmed after clinical review' (D-05),Care pathway only (clinician decision after secure handoff),YES,NO,NO,NO,No account to request Care; secure clinical account only after human review,YES,Public: none (catalog not public). Member catalog: 'Explore Care' -> /research/member/metabolic-care (member-only page),Start Care,Licensed pharmacy via secure clinical system - provider readiness NOT verified (PROVIDER_READINESS.md),N/A to site (pharmacy-dispensed); pharmacy identity not verified,docs/production-completion/catalog/catalog-reconciliation.json (GEN-GRP-0205),public copy draft; pharmacy/clinician provider not verified
canonical:mov_bb094c822d8aec5125d0,T4 + T3,T4/T3 38MCG/9MCG IR CAPSULE,503A Clinical Formulations / Capsule,none in repo (no candidate),NO - clinician/pharmacy determines; show 'Price confirmed after clinical review' (D-05),Care pathway only (clinician decision after secure handoff),YES,NO,NO,NO,No account to request Care; secure clinical account only after human review,YES,Public: none (catalog not public). Member catalog: 'Explore Care' -> /research/member/metabolic-care (member-only page),Start Care,Licensed pharmacy via secure clinical system - provider readiness NOT verified (PROVIDER_READINESS.md),N/A to site (pharmacy-dispensed); pharmacy identity not verified,docs/production-completion/catalog/catalog-reconciliation.json (GEN-GRP-0189),public copy draft; pharmacy/clinician provider not verified
canonical:mov_bb171e1e99b202b19469,Testosterone,TESTOSTERONE 100MG/GM TOPICAL CREAM,503A Clinical Formulations / Topical Cream,none in repo (no candidate),NO - clinician/pharmacy determines; show 'Price confirmed after clinical review' (D-05),Care pathway only (clinician decision after secure handoff),YES,NO,NO,NO,No account to request Care; secure clinical account only after human review,YES,Public: none (catalog not public). Member catalog: 'Explore Care' -> /research/member/metabolic-care (member-only page),Start Care,Licensed pharmacy via secure clinical system - provider readiness NOT verified (PROVIDER_READINESS.md),N/A to site (pharmacy-dispensed); pharmacy identity not verified,docs/production-completion/catalog/catalog-reconciliation.json (GEN-GRP-0212),public copy draft; pharmacy/clinician provider not verified
canonical:mov_bd2a02725bbd0f3ff49d,T4 + T3,T4/T3 152MCG/36MCG IR CAPSULE,503A Clinical Formulations / Capsule,none in repo (no candidate),NO - clinician/pharmacy determines; show 'Price confirmed after clinical review' (D-05),Care pathway only (clinician decision after secure handoff),YES,NO,NO,NO,No account to request Care; secure clinical account only after human review,YES,Public: none (catalog not public). Member catalog: 'Explore Care' -> /research/member/metabolic-care (member-only page),Start Care,Licensed pharmacy via secure clinical system - provider readiness NOT verified (PROVIDER_READINESS.md),N/A to site (pharmacy-dispensed); pharmacy identity not verified,docs/production-completion/catalog/catalog-reconciliation.json (GEN-GRP-0186),public copy draft; pharmacy/clinician provider not verified
canonical:mov_bd54445f33fdbb0fb7a5,Bi-Est,BI-EST 6MG (80/20) CAPSULE,503A Clinical Formulations / Capsule,none in repo (no candidate),NO - clinician/pharmacy determines; show 'Price confirmed after clinical review' (D-05),Care pathway only (clinician decision after secure handoff),YES,NO,NO,NO,No account to request Care; secure clinical account only after human review,YES,Public: none (catalog not public). Member catalog: 'Explore Care' -> /research/member/metabolic-care (member-only page),Start Care,Licensed pharmacy via secure clinical system - provider readiness NOT verified (PROVIDER_READINESS.md),N/A to site (pharmacy-dispensed); pharmacy identity not verified,docs/production-completion/catalog/catalog-reconciliation.json (GEN-GRP-0024),public copy draft; pharmacy/clinician provider not verified
canonical:mov_be5e04f5ca9c0870837a,MYERS' COCKTAIL,"MYERS’ COCKTAIL (Thiamine 10mg, Niacinamide 10mg, Pyridoxine 0.2mg, Riboflavin 20mg, Calcium Gluconate 0.04mL, Magnesium Chloride 0.1mL per mL) (30ML)",503A Clinical Formulations / Compounded Vial / Liquid,none in repo (no candidate),NO - clinician/pharmacy determines; show 'Price confirmed after clinical review' (D-05),Care pathway only (clinician decision after secure handoff),YES,NO,NO,NO,No account to request Care; secure clinical account only after human review,YES,Public: none (catalog not public). Member catalog: 'Explore Care' -> /research/member/metabolic-care (member-only page),Start Care,Licensed pharmacy via secure clinical system - provider readiness NOT verified (PROVIDER_READINESS.md),N/A to site (pharmacy-dispensed); pharmacy identity not verified,docs/production-completion/catalog/catalog-reconciliation.json (GEN-GRP-0096),public copy draft; pharmacy/clinician provider not verified
canonical:mov_bf88614f97a61d969acd,Progesterone,PROGESTERONE 50MG SR CAPSULE,503A Clinical Formulations / Capsule,none in repo (no candidate),NO - clinician/pharmacy determines; show 'Price confirmed after clinical review' (D-05),Care pathway only (clinician decision after secure handoff),YES,NO,NO,NO,No account to request Care; secure clinical account only after human review,YES,Public: none (catalog not public). Member catalog: 'Explore Care' -> /research/member/metabolic-care (member-only page),Start Care,Licensed pharmacy via secure clinical system - provider readiness NOT verified (PROVIDER_READINESS.md),N/A to site (pharmacy-dispensed); pharmacy identity not verified,docs/production-completion/catalog/catalog-reconciliation.json (GEN-GRP-0151),public copy draft; pharmacy/clinician provider not verified
canonical:mov_bf9fd06375edc6da01d5,Phenylephrine Inj,PHENYLEPHRINE INJ 0.1%,503A Clinical Formulations / Injectable Solution,none in repo (no candidate),NO - clinician/pharmacy determines; show 'Price confirmed after clinical review' (D-05),Care pathway only (clinician decision after secure handoff),YES,NO,NO,NO,No account to request Care; secure clinical account only after human review,YES,Public: none (catalog not public). Member catalog: 'Explore Care' -> /research/member/metabolic-care (member-only page),Start Care,Licensed pharmacy via secure clinical system - provider readiness NOT verified (PROVIDER_READINESS.md),N/A to site (pharmacy-dispensed); pharmacy identity not verified,docs/production-completion/catalog/catalog-reconciliation.json (GEN-GRP-0133),public copy draft; pharmacy/clinician provider not verified
canonical:mov_c03164465080ebb0f17b,Bi-Pro-Test Cream,BI-PRO-TEST CREAM 0.25MG/100MG/0.25MG/GM,503A Clinical Formulations / Topical Cream,none in repo (no candidate),NO - clinician/pharmacy determines; show 'Price confirmed after clinical review' (D-05),Care pathway only (clinician decision after secure handoff),YES,NO,NO,NO,No account to request Care; secure clinical account only after human review,YES,Public: none (catalog not public). Member catalog: 'Explore Care' -> /research/member/metabolic-care (member-only page),Start Care,Licensed pharmacy via secure clinical system - provider readiness NOT verified (PROVIDER_READINESS.md),N/A to site (pharmacy-dispensed); pharmacy identity not verified,docs/production-completion/catalog/catalog-reconciliation.json (GEN-GRP-0027),public copy draft; pharmacy/clinician provider not verified
canonical:mov_c0c333d9892dd582a721,Progesterone,PROGESTERONE 200MG SR CAPSULE,503A Clinical Formulations / Capsule,none in repo (no candidate),NO - clinician/pharmacy determines; show 'Price confirmed after clinical review' (D-05),Care pathway only (clinician decision after secure handoff),YES,NO,NO,NO,No account to request Care; secure clinical account only after human review,YES,Public: none (catalog not public). Member catalog: 'Explore Care' -> /research/member/metabolic-care (member-only page),Start Care,Licensed pharmacy via secure clinical system - provider readiness NOT verified (PROVIDER_READINESS.md),N/A to site (pharmacy-dispensed); pharmacy identity not verified,docs/production-completion/catalog/catalog-reconciliation.json (GEN-GRP-0140),public copy draft; pharmacy/clinician provider not verified
canonical:mov_c0d8944f242c04c7fcc3,BPC-157 + TB-500 + KPV 3-3-3Mg + Ml (No Copper) (5Ml),BPC-157/TB500/KPV 3-3-3MG/ML (NO COPPER) (5ML),503A Clinical Formulations / Compounded Vial / Liquid,none in repo (no candidate),NO - clinician/pharmacy determines; show 'Price confirmed after clinical review' (D-05),Care pathway only (clinician decision after secure handoff),YES,NO,NO,NO,No account to request Care; secure clinical account only after human review,YES,Public: none (catalog not public). Member catalog: 'Explore Care' -> /research/member/metabolic-care (member-only page),Start Care,Licensed pharmacy via secure clinical system - provider readiness NOT verified (PROVIDER_READINESS.md),N/A to site (pharmacy-dispensed); pharmacy identity not verified,docs/production-completion/catalog/catalog-reconciliation.json (GEN-GRP-0016),public copy draft; pharmacy/clinician provider not verified
canonical:mov_c155002075aeaa1b29b1,Lidocaine,LIDOCAINE 23% / TETRACAINE 7% / PRILOCAINE 2% TOPICAL CREAM 60ML PUMP,503A Clinical Formulations / Topical Cream,none in repo (no candidate),NO - clinician/pharmacy determines; show 'Price confirmed after clinical review' (D-05),Care pathway only (clinician decision after secure handoff),YES,NO,NO,NO,No account to request Care; secure clinical account only after human review,YES,Public: none (catalog not public). Member catalog: 'Explore Care' -> /research/member/metabolic-care (member-only page),Start Care,Licensed pharmacy via secure clinical system - provider readiness NOT verified (PROVIDER_READINESS.md),N/A to site (pharmacy-dispensed); pharmacy identity not verified,docs/production-completion/catalog/catalog-reconciliation.json (GEN-GRP-0087),public copy draft; pharmacy/clinician provider not verified
canonical:mov_c2619837caf5d2ad4bec,Testosterone Cyp,TESTOSTERONE CYP 200MG/ML COTTON SEED OIL (10ML),503A Clinical Formulations / Compounded Vial / Liquid,none in repo (no candidate),NO - clinician/pharmacy determines; show 'Price confirmed after clinical review' (D-05),Care pathway only (clinician decision after secure handoff),YES,NO,NO,NO,No account to request Care; secure clinical account only after human review,YES,Public: none (catalog not public). Member catalog: 'Explore Care' -> /research/member/metabolic-care (member-only page),Start Care,Licensed pharmacy via secure clinical system - provider readiness NOT verified (PROVIDER_READINESS.md),N/A to site (pharmacy-dispensed); pharmacy identity not verified,docs/production-completion/catalog/catalog-reconciliation.json (GEN-GRP-0218),public copy draft; pharmacy/clinician provider not verified
canonical:mov_c3a5f9fdcb1adfd3b4a8,Lipo-C (Cyanocobalamin + Mic + L-Carnitine) (10Ml),LIPO-C (Cyanocobalamin/MIC/L-Carnitine) (10ML),503A Clinical Formulations / Compounded Vial / Liquid,none in repo (no candidate),NO - clinician/pharmacy determines; show 'Price confirmed after clinical review' (D-05),Care pathway only (clinician decision after secure handoff),YES,NO,NO,NO,No account to request Care; secure clinical account only after human review,YES,Public: none (catalog not public). Member catalog: 'Explore Care' -> /research/member/metabolic-care (member-only page),Start Care,Licensed pharmacy via secure clinical system - provider readiness NOT verified (PROVIDER_READINESS.md),N/A to site (pharmacy-dispensed); pharmacy identity not verified,docs/production-completion/catalog/catalog-reconciliation.json (GEN-GRP-0090),public copy draft; pharmacy/clinician provider not verified
canonical:mov_c4f2fa86002933d62b8a,T4 + T3,T4/T3 28.5MCG/6.8MCG IR CAPSULE,503A Clinical Formulations / Capsule,none in repo (no candidate),NO - clinician/pharmacy determines; show 'Price confirmed after clinical review' (D-05),Care pathway only (clinician decision after secure handoff),YES,NO,NO,NO,No account to request Care; secure clinical account only after human review,YES,Public: none (catalog not public). Member catalog: 'Explore Care' -> /research/member/metabolic-care (member-only page),Start Care,Licensed pharmacy via secure clinical system - provider readiness NOT verified (PROVIDER_READINESS.md),N/A to site (pharmacy-dispensed); pharmacy identity not verified,docs/production-completion/catalog/catalog-reconciliation.json (GEN-GRP-0188),public copy draft; pharmacy/clinician provider not verified
canonical:mov_c540ba91fb1c51210f22,Estradiol,ESTRADIOL 0.5MG TABLET,503A Clinical Formulations / Tablet,none in repo (no candidate),NO - clinician/pharmacy determines; show 'Price confirmed after clinical review' (D-05),Care pathway only (clinician decision after secure handoff),YES,NO,NO,NO,No account to request Care; secure clinical account only after human review,YES,Public: none (catalog not public). Member catalog: 'Explore Care' -> /research/member/metabolic-care (member-only page),Start Care,Licensed pharmacy via secure clinical system - provider readiness NOT verified (PROVIDER_READINESS.md),N/A to site (pharmacy-dispensed); pharmacy identity not verified,docs/production-completion/catalog/catalog-reconciliation.json (GEN-GRP-0049),public copy draft; pharmacy/clinician provider not verified
canonical:mov_c5aa915e3b3ad6ae9f0b,Testosterone Cyp,TESTOSTERONE CYP 50MG/ML GRAPE SEED OIL (2ML),503A Clinical Formulations / Compounded Vial / Liquid,none in repo (no candidate),NO - clinician/pharmacy determines; show 'Price confirmed after clinical review' (D-05),Care pathway only (clinician decision after secure handoff),YES,NO,NO,NO,No account to request Care; secure clinical account only after human review,YES,Public: none (catalog not public). Member catalog: 'Explore Care' -> /research/member/metabolic-care (member-only page),Start Care,Licensed pharmacy via secure clinical system - provider readiness NOT verified (PROVIDER_READINESS.md),N/A to site (pharmacy-dispensed); pharmacy identity not verified,docs/production-completion/catalog/catalog-reconciliation.json (GEN-GRP-0223),public copy draft; pharmacy/clinician provider not verified
canonical:mov_c66a440ab740f61ad674,Thymosin Alpha-1,THYMOSIN ALPHA-1 3MG/ML (5ML),503A Clinical Formulations / Compounded Vial / Liquid,none in repo (no candidate),NO - clinician/pharmacy determines; show 'Price confirmed after clinical review' (D-05),Care pathway only (clinician decision after secure handoff),YES,NO,NO,NO,No account to request Care; secure clinical account only after human review,YES,Public: none (catalog not public). Member catalog: 'Explore Care' -> /research/member/metabolic-care (member-only page),Start Care,Licensed pharmacy via secure clinical system - provider readiness NOT verified (PROVIDER_READINESS.md),N/A to site (pharmacy-dispensed); pharmacy identity not verified,docs/production-completion/catalog/catalog-reconciliation.json (GEN-GRP-0226),public copy draft; pharmacy/clinician provider not verified
canonical:mov_c6a233a1c2fbc635930c,Tirzepatide + B12,TIRZEPATIDE/B12 33MG-500MCG/ML (2ML) (66mg vial),503A Clinical Formulations / Compounded Vial / Liquid,none in repo (no candidate),NO - clinician/pharmacy determines; show 'Price confirmed after clinical review' (D-05),Care pathway only (clinician decision after secure handoff),YES,NO,NO,NO,No account to request Care; secure clinical account only after human review,YES,Public: none (catalog not public). Member catalog: 'Explore Care' -> /research/member/metabolic-care (member-only page),Start Care,Licensed pharmacy via secure clinical system - provider readiness NOT verified (PROVIDER_READINESS.md),N/A to site (pharmacy-dispensed); pharmacy identity not verified,docs/production-completion/catalog/catalog-reconciliation.json (GEN-GRP-0235),public copy draft; pharmacy/clinician provider not verified
canonical:mov_c6abe9e1c6b987e29192,Sildenafil,SILDENAFIL 110MG CAPSULE,503A Clinical Formulations / Capsule,none in repo (no candidate),NO - clinician/pharmacy determines; show 'Price confirmed after clinical review' (D-05),Care pathway only (clinician decision after secure handoff),YES,NO,NO,NO,No account to request Care; secure clinical account only after human review,YES,Public: none (catalog not public). Member catalog: 'Explore Care' -> /research/member/metabolic-care (member-only page),Start Care,Licensed pharmacy via secure clinical system - provider readiness NOT verified (PROVIDER_READINESS.md),N/A to site (pharmacy-dispensed); pharmacy identity not verified,docs/production-completion/catalog/catalog-reconciliation.json (GEN-GRP-0173),public copy draft; pharmacy/clinician provider not verified
canonical:mov_c9cc0c819f1d0150ce0a,T4 + T3,T4/T3 114MCG/27MCG IR CAPSULE,503A Clinical Formulations / Capsule,none in repo (no candidate),NO - clinician/pharmacy determines; show 'Price confirmed after clinical review' (D-05),Care pathway only (clinician decision after secure handoff),YES,NO,NO,NO,No account to request Care; secure clinical account only after human review,YES,Public: none (catalog not public). Member catalog: 'Explore Care' -> /research/member/metabolic-care (member-only page),Start Care,Licensed pharmacy via secure clinical system - provider readiness NOT verified (PROVIDER_READINESS.md),N/A to site (pharmacy-dispensed); pharmacy identity not verified,docs/production-completion/catalog/catalog-reconciliation.json (GEN-GRP-0185),public copy draft; pharmacy/clinician provider not verified
canonical:mov_cc5b7fced81f23f7378f,Bi-Est,BI-EST 1.25MG (80/20) CAPSULE,503A Clinical Formulations / Capsule,none in repo (no candidate),NO - clinician/pharmacy determines; show 'Price confirmed after clinical review' (D-05),Care pathway only (clinician decision after secure handoff),YES,NO,NO,NO,No account to request Care; secure clinical account only after human review,YES,Public: none (catalog not public). Member catalog: 'Explore Care' -> /research/member/metabolic-care (member-only page),Start Care,Licensed pharmacy via secure clinical system - provider readiness NOT verified (PROVIDER_READINESS.md),N/A to site (pharmacy-dispensed); pharmacy identity not verified,docs/production-completion/catalog/catalog-reconciliation.json (GEN-GRP-0020),public copy draft; pharmacy/clinician provider not verified
canonical:mov_cda363a46b53964275df,Low Dose Naltrexone,LOW DOSE NALTREXONE 1.5MG CAPSULE,503A Clinical Formulations / Capsule,none in repo (no candidate),NO - clinician/pharmacy determines; show 'Price confirmed after clinical review' (D-05),Care pathway only (clinician decision after secure handoff),YES,NO,NO,NO,No account to request Care; secure clinical account only after human review,YES,Public: none (catalog not public). Member catalog: 'Explore Care' -> /research/member/metabolic-care (member-only page),Start Care,Licensed pharmacy via secure clinical system - provider readiness NOT verified (PROVIDER_READINESS.md),N/A to site (pharmacy-dispensed); pharmacy identity not verified,docs/production-completion/catalog/catalog-reconciliation.json (GEN-GRP-0092),public copy draft; pharmacy/clinician provider not verified
canonical:mov_d053cb009060dae567d5,Tirzepatide + B12,TIRZEPATIDE/B12 12MG-500MCG/ML (2ML) (24mg vial),503A Clinical Formulations / Compounded Vial / Liquid,none in repo (no candidate),NO - clinician/pharmacy determines; show 'Price confirmed after clinical review' (D-05),Care pathway only (clinician decision after secure handoff),YES,NO,NO,NO,No account to request Care; secure clinical account only after human review,YES,Public: none (catalog not public). Member catalog: 'Explore Care' -> /research/member/metabolic-care (member-only page),Start Care,Licensed pharmacy via secure clinical system - provider readiness NOT verified (PROVIDER_READINESS.md),N/A to site (pharmacy-dispensed); pharmacy identity not verified,docs/production-completion/catalog/catalog-reconciliation.json (GEN-GRP-0229),public copy draft; pharmacy/clinician provider not verified
canonical:mov_d0a30ff29c793447a5e6,Phentermine HCl,PHENTERMINE HCL 15MG CAPSULE,503A Clinical Formulations / Capsule,none in repo (no candidate),NO - clinician/pharmacy determines; show 'Price confirmed after clinical review' (D-05),Care pathway only (clinician decision after secure handoff),YES,NO,NO,NO,No account to request Care; secure clinical account only after human review,YES,Public: none (catalog not public). Member catalog: 'Explore Care' -> /research/member/metabolic-care (member-only page),Start Care,Licensed pharmacy via secure clinical system - provider readiness NOT verified (PROVIDER_READINESS.md),N/A to site (pharmacy-dispensed); pharmacy identity not verified,docs/production-completion/catalog/catalog-reconciliation.json (GEN-GRP-0128),public copy draft; pharmacy/clinician provider not verified
canonical:mov_d1a9e06120afca6f6372,Semaglutide + B12,SEMAGLUTIDE/B12 2.5MG-500MCG/ML (5ML) (12.5mg vial),503A Clinical Formulations / Compounded Vial / Liquid,none in repo (no candidate),NO - clinician/pharmacy determines; show 'Price confirmed after clinical review' (D-05),Care pathway only (clinician decision after secure handoff),YES,NO,NO,NO,No account to request Care; secure clinical account only after human review,YES,Public: none (catalog not public). Member catalog: 'Explore Care' -> /research/member/metabolic-care (member-only page),Start Care,Licensed pharmacy via secure clinical system - provider readiness NOT verified (PROVIDER_READINESS.md),N/A to site (pharmacy-dispensed); pharmacy identity not verified,docs/production-completion/catalog/catalog-reconciliation.json (GEN-GRP-0161),public copy draft; pharmacy/clinician provider not verified
canonical:mov_d1b20c7ac216a711ee60,Oxytocin Troche,OXYTOCIN TROCHE 120 IU,503A Clinical Formulations / Troche,none in repo (no candidate),NO - clinician/pharmacy determines; show 'Price confirmed after clinical review' (D-05),Care pathway only (clinician decision after secure handoff),YES,NO,NO,NO,No account to request Care; secure clinical account only after human review,YES,Public: none (catalog not public). Member catalog: 'Explore Care' -> /research/member/metabolic-care (member-only page),Start Care,Licensed pharmacy via secure clinical system - provider readiness NOT verified (PROVIDER_READINESS.md),N/A to site (pharmacy-dispensed); pharmacy identity not verified,docs/production-completion/catalog/catalog-reconciliation.json (GEN-GRP-0123),public copy draft; pharmacy/clinician provider not verified
canonical:mov_d2cc17167334831c9361,Cabergoline Tablets,CABERGOLINE TABLETS 0.5MG,503A Clinical Formulations / Tablet,none in repo (no candidate),NO - clinician/pharmacy determines; show 'Price confirmed after clinical review' (D-05),Care pathway only (clinician decision after secure handoff),YES,NO,NO,NO,No account to request Care; secure clinical account only after human review,YES,Public: none (catalog not public). Member catalog: 'Explore Care' -> /research/member/metabolic-care (member-only page),Start Care,Licensed pharmacy via secure clinical system - provider readiness NOT verified (PROVIDER_READINESS.md),N/A to site (pharmacy-dispensed); pharmacy identity not verified,docs/production-completion/catalog/catalog-reconciliation.json (GEN-GRP-0032),public copy draft; pharmacy/clinician provider not verified
canonical:mov_d3773942eddcd7a25bff,Clomiphene,CLOMIPHENE 50MG CAPSULE,503A Clinical Formulations / Capsule,none in repo (no candidate),NO - clinician/pharmacy determines; show 'Price confirmed after clinical review' (D-05),Care pathway only (clinician decision after secure handoff),YES,NO,NO,NO,No account to request Care; secure clinical account only after human review,YES,Public: none (catalog not public). Member catalog: 'Explore Care' -> /research/member/metabolic-care (member-only page),Start Care,Licensed pharmacy via secure clinical system - provider readiness NOT verified (PROVIDER_READINESS.md),N/A to site (pharmacy-dispensed); pharmacy identity not verified,docs/production-completion/catalog/catalog-reconciliation.json (GEN-GRP-0035),public copy draft; pharmacy/clinician provider not verified
canonical:mov_d3e7a41afbedd44a48bc,Dsip,DSIP 2MG/ML (5ML),503A Clinical Formulations / Compounded Vial / Liquid,none in repo (no candidate),NO - clinician/pharmacy determines; show 'Price confirmed after clinical review' (D-05),Care pathway only (clinician decision after secure handoff),YES,NO,NO,NO,No account to request Care; secure clinical account only after human review,YES,Public: none (catalog not public). Member catalog: 'Explore Care' -> /research/member/metabolic-care (member-only page),Start Care,Licensed pharmacy via secure clinical system - provider readiness NOT verified (PROVIDER_READINESS.md),N/A to site (pharmacy-dispensed); pharmacy identity not verified,docs/production-completion/catalog/catalog-reconciliation.json (GEN-GRP-0041),public copy draft; pharmacy/clinician provider not verified
canonical:mov_d45176011a0fd2aa21b7,Bi-Est,BI-EST 5MG (50/50) CAPSULE,503A Clinical Formulations / Capsule,none in repo (no candidate),NO - clinician/pharmacy determines; show 'Price confirmed after clinical review' (D-05),Care pathway only (clinician decision after secure handoff),YES,NO,NO,NO,No account to request Care; secure clinical account only after human review,YES,Public: none (catalog not public). Member catalog: 'Explore Care' -> /research/member/metabolic-care (member-only page),Start Care,Licensed pharmacy via secure clinical system - provider readiness NOT verified (PROVIDER_READINESS.md),N/A to site (pharmacy-dispensed); pharmacy identity not verified,docs/production-completion/catalog/catalog-reconciliation.json (GEN-GRP-0022),public copy draft; pharmacy/clinician provider not verified
canonical:mov_d49dd5f366963d1c1b9f,BRANCHED CHAIN AMINO ACIDS (BCAA),Branched Chain Amino Acids (BCAA) ILE(0.4g) / L(0.3g) / V(1.2g) (30ml),503A Clinical Formulations / Compounded Vial / Liquid,none in repo (no candidate),NO - clinician/pharmacy determines; show 'Price confirmed after clinical review' (D-05),Care pathway only (clinician decision after secure handoff),YES,NO,NO,NO,No account to request Care; secure clinical account only after human review,YES,Public: none (catalog not public). Member catalog: 'Explore Care' -> /research/member/metabolic-care (member-only page),Start Care,Licensed pharmacy via secure clinical system - provider readiness NOT verified (PROVIDER_READINESS.md),N/A to site (pharmacy-dispensed); pharmacy identity not verified,docs/production-completion/catalog/catalog-reconciliation.json (GEN-GRP-0018),public copy draft; pharmacy/clinician provider not verified
canonical:mov_d63ddb8ba5aa52668a52,Tesamorelin,TESAMORELIN 8MG/ML (3ML),503A Clinical Formulations / Compounded Vial / Liquid,none in repo (no candidate),NO - clinician/pharmacy determines; show 'Price confirmed after clinical review' (D-05),Care pathway only (clinician decision after secure handoff),YES,NO,NO,NO,No account to request Care; secure clinical account only after human review,YES,Public: none (catalog not public). Member catalog: 'Explore Care' -> /research/member/metabolic-care (member-only page),Start Care,Licensed pharmacy via secure clinical system - provider readiness NOT verified (PROVIDER_READINESS.md),N/A to site (pharmacy-dispensed); pharmacy identity not verified,docs/production-completion/catalog/catalog-reconciliation.json (GEN-GRP-0209),public copy draft; pharmacy/clinician provider not verified
canonical:mov_d6ddcf068903350cf948,Aod-9604 + MOTS-C + Tesamorelin + Ipamorelin,AOD-9604/MOTS-C/TESAMORELIN/IPAMORELIN 1.2MG-2MG-2MG-2MG/ML (5ML),503A Clinical Formulations / Compounded Vial / Liquid,none in repo (no candidate),NO - clinician/pharmacy determines; show 'Price confirmed after clinical review' (D-05),Care pathway only (clinician decision after secure handoff),YES,NO,NO,NO,No account to request Care; secure clinical account only after human review,YES,Public: none (catalog not public). Member catalog: 'Explore Care' -> /research/member/metabolic-care (member-only page),Start Care,Licensed pharmacy via secure clinical system - provider readiness NOT verified (PROVIDER_READINESS.md),N/A to site (pharmacy-dispensed); pharmacy identity not verified,docs/production-completion/catalog/catalog-reconciliation.json (GEN-GRP-0008),public copy draft; pharmacy/clinician provider not verified
canonical:mov_d745d4d77478eca768bc,Tirzepatide + Glycine,TIRZEPATIDE/GLYCINE 15MG-2.5MG/0.5ML (6ML) (180mg vial),503A Clinical Formulations / Compounded Vial / Liquid,none in repo (no candidate),NO - clinician/pharmacy determines; show 'Price confirmed after clinical review' (D-05),Care pathway only (clinician decision after secure handoff),YES,NO,NO,NO,No account to request Care; secure clinical account only after human review,YES,Public: none (catalog not public). Member catalog: 'Explore Care' -> /research/member/metabolic-care (member-only page),Start Care,Licensed pharmacy via secure clinical system - provider readiness NOT verified (PROVIDER_READINESS.md),N/A to site (pharmacy-dispensed); pharmacy identity not verified,docs/production-completion/catalog/catalog-reconciliation.json (GEN-GRP-0238),public copy draft; pharmacy/clinician provider not verified
canonical:mov_d79d9f58730e3ef24999,Semaglutide + Glycine,SEMAGLUTIDE/ GLYCINE 5MG-2.5MG/ML (2ML) (10mg vial),503A Clinical Formulations / Compounded Vial / Liquid,none in repo (no candidate),NO - clinician/pharmacy determines; show 'Price confirmed after clinical review' (D-05),Care pathway only (clinician decision after secure handoff),YES,NO,NO,NO,No account to request Care; secure clinical account only after human review,YES,Public: none (catalog not public). Member catalog: 'Explore Care' -> /research/member/metabolic-care (member-only page),Start Care,Licensed pharmacy via secure clinical system - provider readiness NOT verified (PROVIDER_READINESS.md),N/A to site (pharmacy-dispensed); pharmacy identity not verified,docs/production-completion/catalog/catalog-reconciliation.json (GEN-GRP-0167),public copy draft; pharmacy/clinician provider not verified
canonical:mov_d7fd93e24c3f34b7c5cd,Semaglutide + B12,SEMAGLUTIDE/B12 10MG-500MCG/ML (3ML) (30mg vial),503A Clinical Formulations / Compounded Vial / Liquid,none in repo (no candidate),NO - clinician/pharmacy determines; show 'Price confirmed after clinical review' (D-05),Care pathway only (clinician decision after secure handoff),YES,NO,NO,NO,No account to request Care; secure clinical account only after human review,YES,Public: none (catalog not public). Member catalog: 'Explore Care' -> /research/member/metabolic-care (member-only page),Start Care,Licensed pharmacy via secure clinical system - provider readiness NOT verified (PROVIDER_READINESS.md),N/A to site (pharmacy-dispensed); pharmacy identity not verified,docs/production-completion/catalog/catalog-reconciliation.json (GEN-GRP-0159),public copy draft; pharmacy/clinician provider not verified
canonical:mov_d80acaaeb3cd32ee515e,MOTS-C,MOTS-C 10MG/ML (5ML),503A Clinical Formulations / Compounded Vial / Liquid,none in repo (no candidate),NO - clinician/pharmacy determines; show 'Price confirmed after clinical review' (D-05),Care pathway only (clinician decision after secure handoff),YES,NO,NO,NO,No account to request Care; secure clinical account only after human review,YES,Public: none (catalog not public). Member catalog: 'Explore Care' -> /research/member/metabolic-care (member-only page),Start Care,Licensed pharmacy via secure clinical system - provider readiness NOT verified (PROVIDER_READINESS.md),N/A to site (pharmacy-dispensed); pharmacy identity not verified,docs/production-completion/catalog/catalog-reconciliation.json (GEN-GRP-0093),public copy draft; pharmacy/clinician provider not verified
canonical:mov_d8eb7bde501536d27911,IGF-Lr3,IGF-LR3 200MCG/ML (5ML),503A Clinical Formulations / Compounded Vial / Liquid,none in repo (no candidate),NO - clinician/pharmacy determines; show 'Price confirmed after clinical review' (D-05),Care pathway only (clinician decision after secure handoff),YES,NO,NO,NO,No account to request Care; secure clinical account only after human review,YES,Public: none (catalog not public). Member catalog: 'Explore Care' -> /research/member/metabolic-care (member-only page),Start Care,Licensed pharmacy via secure clinical system - provider readiness NOT verified (PROVIDER_READINESS.md),N/A to site (pharmacy-dispensed); pharmacy identity not verified,docs/production-completion/catalog/catalog-reconciliation.json (GEN-GRP-0074),public copy draft; pharmacy/clinician provider not verified
canonical:mov_d985257c3837f5268f9f,"GHK-Cu + Snap 8 Biocosmetic, Cream (GHK-Cu","GHK-CU + SNAP 8 BIOCOSMETIC, CREAM (GHK-CU 3% / ESTRIOL 0.3% / SNAP-8 1%) 30GM",503A Clinical Formulations / Topical Cream,none in repo (no candidate),NO - clinician/pharmacy determines; show 'Price confirmed after clinical review' (D-05),Care pathway only (clinician decision after secure handoff),YES,NO,NO,NO,No account to request Care; secure clinical account only after human review,YES,Public: none (catalog not public). Member catalog: 'Explore Care' -> /research/member/metabolic-care (member-only page),Start Care,Licensed pharmacy via secure clinical system - provider readiness NOT verified (PROVIDER_READINESS.md),N/A to site (pharmacy-dispensed); pharmacy identity not verified,docs/production-completion/catalog/catalog-reconciliation.json (GEN-GRP-0065),public copy draft; pharmacy/clinician provider not verified
canonical:mov_d9c1ca60e6c732f54002,T4 + T3,T4/T3 19MCG/4.5MCG IR CAPSULE,503A Clinical Formulations / Capsule,none in repo (no candidate),NO - clinician/pharmacy determines; show 'Price confirmed after clinical review' (D-05),Care pathway only (clinician decision after secure handoff),YES,NO,NO,NO,No account to request Care; secure clinical account only after human review,YES,Public: none (catalog not public). Member catalog: 'Explore Care' -> /research/member/metabolic-care (member-only page),Start Care,Licensed pharmacy via secure clinical system - provider readiness NOT verified (PROVIDER_READINESS.md),N/A to site (pharmacy-dispensed); pharmacy identity not verified,docs/production-completion/catalog/catalog-reconciliation.json (GEN-GRP-0187),public copy draft; pharmacy/clinician provider not verified
canonical:mov_da50073bd180c9eedead,Progesterone,PROGESTERONE 100MG SR CAPSULE,503A Clinical Formulations / Capsule,none in repo (no candidate),NO - clinician/pharmacy determines; show 'Price confirmed after clinical review' (D-05),Care pathway only (clinician decision after secure handoff),YES,NO,NO,NO,No account to request Care; secure clinical account only after human review,YES,Public: none (catalog not public). Member catalog: 'Explore Care' -> /research/member/metabolic-care (member-only page),Start Care,Licensed pharmacy via secure clinical system - provider readiness NOT verified (PROVIDER_READINESS.md),N/A to site (pharmacy-dispensed); pharmacy identity not verified,docs/production-completion/catalog/catalog-reconciliation.json (GEN-GRP-0134),public copy draft; pharmacy/clinician provider not verified
canonical:mov_dbb6d5f4afbab86ad1c4,Dhea,DHEA 100MG CAPSULE,503A Clinical Formulations / Capsule,none in repo (no candidate),NO - clinician/pharmacy determines; show 'Price confirmed after clinical review' (D-05),Care pathway only (clinician decision after secure handoff),YES,NO,NO,NO,No account to request Care; secure clinical account only after human review,YES,Public: none (catalog not public). Member catalog: 'Explore Care' -> /research/member/metabolic-care (member-only page),Start Care,Licensed pharmacy via secure clinical system - provider readiness NOT verified (PROVIDER_READINESS.md),N/A to site (pharmacy-dispensed); pharmacy identity not verified,docs/production-completion/catalog/catalog-reconciliation.json (GEN-GRP-0036),public copy draft; pharmacy/clinician provider not verified
canonical:mov_dc95dfc0855b432bb8a3,Progesterone,PROGESTERONE 125MG SR CAPSULE,503A Clinical Formulations / Capsule,none in repo (no candidate),NO - clinician/pharmacy determines; show 'Price confirmed after clinical review' (D-05),Care pathway only (clinician decision after secure handoff),YES,NO,NO,NO,No account to request Care; secure clinical account only after human review,YES,Public: none (catalog not public). Member catalog: 'Explore Care' -> /research/member/metabolic-care (member-only page),Start Care,Licensed pharmacy via secure clinical system - provider readiness NOT verified (PROVIDER_READINESS.md),N/A to site (pharmacy-dispensed); pharmacy identity not verified,docs/production-completion/catalog/catalog-reconciliation.json (GEN-GRP-0136),public copy draft; pharmacy/clinician provider not verified
canonical:mov_de4cb33b4741a2dd2342,Tirzepatide + B12,TIRZEPATIDE/B12 20MG-500MCG/ML (3ML) (60mg vial),503A Clinical Formulations / Compounded Vial / Liquid,none in repo (no candidate),NO - clinician/pharmacy determines; show 'Price confirmed after clinical review' (D-05),Care pathway only (clinician decision after secure handoff),YES,NO,NO,NO,No account to request Care; secure clinical account only after human review,YES,Public: none (catalog not public). Member catalog: 'Explore Care' -> /research/member/metabolic-care (member-only page),Start Care,Licensed pharmacy via secure clinical system - provider readiness NOT verified (PROVIDER_READINESS.md),N/A to site (pharmacy-dispensed); pharmacy identity not verified,docs/production-completion/catalog/catalog-reconciliation.json (GEN-GRP-0231),public copy draft; pharmacy/clinician provider not verified
canonical:mov_de7158dd9892e7e78e1f,NAD+,NAD+ 10MG/0.1ML (15ML) NASAL SPRAY,503A Clinical Formulations / Nasal Spray,none in repo (no candidate),NO - clinician/pharmacy determines; show 'Price confirmed after clinical review' (D-05),Care pathway only (clinician decision after secure handoff),YES,NO,NO,NO,No account to request Care; secure clinical account only after human review,YES,Public: none (catalog not public). Member catalog: 'Explore Care' -> /research/member/metabolic-care (member-only page),Start Care,Licensed pharmacy via secure clinical system - provider readiness NOT verified (PROVIDER_READINESS.md),N/A to site (pharmacy-dispensed); pharmacy identity not verified,docs/production-completion/catalog/catalog-reconciliation.json (GEN-GRP-0112),public copy draft; pharmacy/clinician provider not verified
canonical:mov_df401fc790214eed84c8,GHK-Cu,GHK-CU 1% HAIR RESTORATION SOLUTION 30ML,503A Clinical Formulations / Solution,none in repo (no candidate),NO - clinician/pharmacy determines; show 'Price confirmed after clinical review' (D-05),Care pathway only (clinician decision after secure handoff),YES,NO,NO,NO,No account to request Care; secure clinical account only after human review,YES,Public: none (catalog not public). Member catalog: 'Explore Care' -> /research/member/metabolic-care (member-only page),Start Care,Licensed pharmacy via secure clinical system - provider readiness NOT verified (PROVIDER_READINESS.md),N/A to site (pharmacy-dispensed); pharmacy identity not verified,docs/production-completion/catalog/catalog-reconciliation.json (GEN-GRP-0062),public copy draft; pharmacy/clinician provider not verified
canonical:mov_e1a1bec56d74854fd435,Bi-Est,BI-EST 2.5MG (80/20) CAPSULE,503A Clinical Formulations / Capsule,none in repo (no candidate),NO - clinician/pharmacy determines; show 'Price confirmed after clinical review' (D-05),Care pathway only (clinician decision after secure handoff),YES,NO,NO,NO,No account to request Care; secure clinical account only after human review,YES,Public: none (catalog not public). Member catalog: 'Explore Care' -> /research/member/metabolic-care (member-only page),Start Care,Licensed pharmacy via secure clinical system - provider readiness NOT verified (PROVIDER_READINESS.md),N/A to site (pharmacy-dispensed); pharmacy identity not verified,docs/production-completion/catalog/catalog-reconciliation.json (GEN-GRP-0021),public copy draft; pharmacy/clinician provider not verified
canonical:mov_e40e7a99246a86038f67,Sildenafil SR,SILDENAFIL SR 75MG CAPSULE,503A Clinical Formulations / Capsule,none in repo (no candidate),NO - clinician/pharmacy determines; show 'Price confirmed after clinical review' (D-05),Care pathway only (clinician decision after secure handoff),YES,NO,NO,NO,No account to request Care; secure clinical account only after human review,YES,Public: none (catalog not public). Member catalog: 'Explore Care' -> /research/member/metabolic-care (member-only page),Start Care,Licensed pharmacy via secure clinical system - provider readiness NOT verified (PROVIDER_READINESS.md),N/A to site (pharmacy-dispensed); pharmacy identity not verified,docs/production-completion/catalog/catalog-reconciliation.json (GEN-GRP-0180),public copy draft; pharmacy/clinician provider not verified
canonical:mov_e454956f77357ddec871,Progesterone,PROGESTERONE 75MG CAPSULE,503A Clinical Formulations / Capsule,none in repo (no candidate),NO - clinician/pharmacy determines; show 'Price confirmed after clinical review' (D-05),Care pathway only (clinician decision after secure handoff),YES,NO,NO,NO,No account to request Care; secure clinical account only after human review,YES,Public: none (catalog not public). Member catalog: 'Explore Care' -> /research/member/metabolic-care (member-only page),Start Care,Licensed pharmacy via secure clinical system - provider readiness NOT verified (PROVIDER_READINESS.md),N/A to site (pharmacy-dispensed); pharmacy identity not verified,docs/production-completion/catalog/catalog-reconciliation.json (GEN-GRP-0153),public copy draft; pharmacy/clinician provider not verified
canonical:mov_e4d2a9494b75d6af6ff2,Progesterone,PROGESTERONE 175MG SR CAPSULE,503A Clinical Formulations / Capsule,none in repo (no candidate),NO - clinician/pharmacy determines; show 'Price confirmed after clinical review' (D-05),Care pathway only (clinician decision after secure handoff),YES,NO,NO,NO,No account to request Care; secure clinical account only after human review,YES,Public: none (catalog not public). Member catalog: 'Explore Care' -> /research/member/metabolic-care (member-only page),Start Care,Licensed pharmacy via secure clinical system - provider readiness NOT verified (PROVIDER_READINESS.md),N/A to site (pharmacy-dispensed); pharmacy identity not verified,docs/production-completion/catalog/catalog-reconciliation.json (GEN-GRP-0139),public copy draft; pharmacy/clinician provider not verified
canonical:mov_e5366505d715e538f8dc,T4 + T3,T4/T3 50MCG/10MCG IR CAPSULE,503A Clinical Formulations / Capsule,none in repo (no candidate),NO - clinician/pharmacy determines; show 'Price confirmed after clinical review' (D-05),Care pathway only (clinician decision after secure handoff),YES,NO,NO,NO,No account to request Care; secure clinical account only after human review,YES,Public: none (catalog not public). Member catalog: 'Explore Care' -> /research/member/metabolic-care (member-only page),Start Care,Licensed pharmacy via secure clinical system - provider readiness NOT verified (PROVIDER_READINESS.md),N/A to site (pharmacy-dispensed); pharmacy identity not verified,docs/production-completion/catalog/catalog-reconciliation.json (GEN-GRP-0190),public copy draft; pharmacy/clinician provider not verified
canonical:mov_e5b24db4e56bf2b69b37,Lipo-C (Cyanocobalamin + Mic + L-Carnitine) (30Ml),LIPO-C (Cyanocobalamin/MIC/L-Carnitine) (30ML),503A Clinical Formulations / Compounded Vial / Liquid,none in repo (no candidate),NO - clinician/pharmacy determines; show 'Price confirmed after clinical review' (D-05),Care pathway only (clinician decision after secure handoff),YES,NO,NO,NO,No account to request Care; secure clinical account only after human review,YES,Public: none (catalog not public). Member catalog: 'Explore Care' -> /research/member/metabolic-care (member-only page),Start Care,Licensed pharmacy via secure clinical system - provider readiness NOT verified (PROVIDER_READINESS.md),N/A to site (pharmacy-dispensed); pharmacy identity not verified,docs/production-completion/catalog/catalog-reconciliation.json (GEN-GRP-0091),public copy draft; pharmacy/clinician provider not verified
canonical:mov_e6848a7677ae36f77ba1,Epithalon,EPITHALON 10MG/ML (5ML),503A Clinical Formulations / Compounded Vial / Liquid,none in repo (no candidate),NO - clinician/pharmacy determines; show 'Price confirmed after clinical review' (D-05),Care pathway only (clinician decision after secure handoff),YES,NO,NO,NO,No account to request Care; secure clinical account only after human review,YES,Public: none (catalog not public). Member catalog: 'Explore Care' -> /research/member/metabolic-care (member-only page),Start Care,Licensed pharmacy via secure clinical system - provider readiness NOT verified (PROVIDER_READINESS.md),N/A to site (pharmacy-dispensed); pharmacy identity not verified,docs/production-completion/catalog/catalog-reconciliation.json (GEN-GRP-0046),public copy draft; pharmacy/clinician provider not verified
canonical:mov_e6c2e63137540a5772ce,MYERS' COCKTAIL,"MYERS’ COCKTAIL (Thiamine 10mg, Niacinamide 10mg, Pyridoxine 0.2mg, Riboflavin 20mg, Calcium Gluconate 0.04mL, Magnesium Chloride 0.1mL per mL) (10ML)",503A Clinical Formulations / Compounded Vial / Liquid,none in repo (no candidate),NO - clinician/pharmacy determines; show 'Price confirmed after clinical review' (D-05),Care pathway only (clinician decision after secure handoff),YES,NO,NO,NO,No account to request Care; secure clinical account only after human review,YES,Public: none (catalog not public). Member catalog: 'Explore Care' -> /research/member/metabolic-care (member-only page),Start Care,Licensed pharmacy via secure clinical system - provider readiness NOT verified (PROVIDER_READINESS.md),N/A to site (pharmacy-dispensed); pharmacy identity not verified,docs/production-completion/catalog/catalog-reconciliation.json (GEN-GRP-0095),public copy draft; pharmacy/clinician provider not verified
canonical:mov_e7761f3515fdd7679bc0,Estradiol,ESTRADIOL 10MG/ML CREAM,503A Clinical Formulations / Topical Cream,none in repo (no candidate),NO - clinician/pharmacy determines; show 'Price confirmed after clinical review' (D-05),Care pathway only (clinician decision after secure handoff),YES,NO,NO,NO,No account to request Care; secure clinical account only after human review,YES,Public: none (catalog not public). Member catalog: 'Explore Care' -> /research/member/metabolic-care (member-only page),Start Care,Licensed pharmacy via secure clinical system - provider readiness NOT verified (PROVIDER_READINESS.md),N/A to site (pharmacy-dispensed); pharmacy identity not verified,docs/production-completion/catalog/catalog-reconciliation.json (GEN-GRP-0054),public copy draft; pharmacy/clinician provider not verified
canonical:mov_e85bb022ffa9419a8aeb,Methylene Blue,METHYLENE BLUE 15MG CAPSULE,503A Clinical Formulations / Capsule,none in repo (no candidate),NO - clinician/pharmacy determines; show 'Price confirmed after clinical review' (D-05),Care pathway only (clinician decision after secure handoff),YES,NO,NO,NO,No account to request Care; secure clinical account only after human review,YES,Public: none (catalog not public). Member catalog: 'Explore Care' -> /research/member/metabolic-care (member-only page),Start Care,Licensed pharmacy via secure clinical system - provider readiness NOT verified (PROVIDER_READINESS.md),N/A to site (pharmacy-dispensed); pharmacy identity not verified,docs/production-completion/catalog/catalog-reconciliation.json (GEN-GRP-0104),public copy draft; pharmacy/clinician provider not verified
canonical:mov_ecb762819fd1adedf67b,Methylcobalamin,METHYLCOBALAMIN 5MG/ML (10ML),503A Clinical Formulations / Compounded Vial / Liquid,none in repo (no candidate),NO - clinician/pharmacy determines; show 'Price confirmed after clinical review' (D-05),Care pathway only (clinician decision after secure handoff),YES,NO,NO,NO,No account to request Care; secure clinical account only after human review,YES,Public: none (catalog not public). Member catalog: 'Explore Care' -> /research/member/metabolic-care (member-only page),Start Care,Licensed pharmacy via secure clinical system - provider readiness NOT verified (PROVIDER_READINESS.md),N/A to site (pharmacy-dispensed); pharmacy identity not verified,docs/production-completion/catalog/catalog-reconciliation.json (GEN-GRP-0101),public copy draft; pharmacy/clinician provider not verified
canonical:mov_eebe141c6db26ce760ae,Nandrolone,NANDROLONE 200MG/ML GRAPE SEED OIL (5ML),503A Clinical Formulations / Compounded Vial / Liquid,none in repo (no candidate),NO - clinician/pharmacy determines; show 'Price confirmed after clinical review' (D-05),Care pathway only (clinician decision after secure handoff),YES,NO,NO,NO,No account to request Care; secure clinical account only after human review,YES,Public: none (catalog not public). Member catalog: 'Explore Care' -> /research/member/metabolic-care (member-only page),Start Care,Licensed pharmacy via secure clinical system - provider readiness NOT verified (PROVIDER_READINESS.md),N/A to site (pharmacy-dispensed); pharmacy identity not verified,docs/production-completion/catalog/catalog-reconciliation.json (GEN-GRP-0114),public copy draft; pharmacy/clinician provider not verified
canonical:mov_f00c4d257410a68c5920,Phentermine HCl,PHENTERMINE HCL 45MG CAPSULE,503A Clinical Formulations / Capsule,none in repo (no candidate),NO - clinician/pharmacy determines; show 'Price confirmed after clinical review' (D-05),Care pathway only (clinician decision after secure handoff),YES,NO,NO,NO,No account to request Care; secure clinical account only after human review,YES,Public: none (catalog not public). Member catalog: 'Explore Care' -> /research/member/metabolic-care (member-only page),Start Care,Licensed pharmacy via secure clinical system - provider readiness NOT verified (PROVIDER_READINESS.md),N/A to site (pharmacy-dispensed); pharmacy identity not verified,docs/production-completion/catalog/catalog-reconciliation.json (GEN-GRP-0130),public copy draft; pharmacy/clinician provider not verified
canonical:mov_f16bed144ebe7ec20b61,Anastrozole,ANASTROZOLE 1MG CAPSULE,503A Clinical Formulations / Capsule,none in repo (no candidate),NO - clinician/pharmacy determines; show 'Price confirmed after clinical review' (D-05),Care pathway only (clinician decision after secure handoff),YES,NO,NO,NO,No account to request Care; secure clinical account only after human review,YES,Public: none (catalog not public). Member catalog: 'Explore Care' -> /research/member/metabolic-care (member-only page),Start Care,Licensed pharmacy via secure clinical system - provider readiness NOT verified (PROVIDER_READINESS.md),N/A to site (pharmacy-dispensed); pharmacy identity not verified,docs/production-completion/catalog/catalog-reconciliation.json (GEN-GRP-0004),public copy draft; pharmacy/clinician provider not verified
canonical:mov_f2bba077ccab5f665143,Tirzepatide + B12,TIRZEPATIDE/B12 10.5MG-500MCG/ML (5ML) (52.5mg vial),503A Clinical Formulations / Compounded Vial / Liquid,none in repo (no candidate),NO - clinician/pharmacy determines; show 'Price confirmed after clinical review' (D-05),Care pathway only (clinician decision after secure handoff),YES,NO,NO,NO,No account to request Care; secure clinical account only after human review,YES,Public: none (catalog not public). Member catalog: 'Explore Care' -> /research/member/metabolic-care (member-only page),Start Care,Licensed pharmacy via secure clinical system - provider readiness NOT verified (PROVIDER_READINESS.md),N/A to site (pharmacy-dispensed); pharmacy identity not verified,docs/production-completion/catalog/catalog-reconciliation.json (GEN-GRP-0227),public copy draft; pharmacy/clinician provider not verified
canonical:mov_f2e6a643b1e940ed8525,VITAMIN B-COMPLEX,"VITAMIN B-COMPLEX (Thiamine 100mg, Niacinamide 100mg, Riboflavin-5- Phosphate 2mg, Pyridoxine 2mg per mL) (30ML)",503A Clinical Formulations / Compounded Vial / Liquid,none in repo (no candidate),NO - clinician/pharmacy determines; show 'Price confirmed after clinical review' (D-05),Care pathway only (clinician decision after secure handoff),YES,NO,NO,NO,No account to request Care; secure clinical account only after human review,YES,Public: none (catalog not public). Member catalog: 'Explore Care' -> /research/member/metabolic-care (member-only page),Start Care,Licensed pharmacy via secure clinical system - provider readiness NOT verified (PROVIDER_READINESS.md),N/A to site (pharmacy-dispensed); pharmacy identity not verified,docs/production-completion/catalog/catalog-reconciliation.json (GEN-GRP-0240),public copy draft; pharmacy/clinician provider not verified
canonical:mov_f3647c2c73ef2f697eeb,Phentermine SR,PHENTERMINE SR 37.5MG CAPSULE,503A Clinical Formulations / Capsule,none in repo (no candidate),NO - clinician/pharmacy determines; show 'Price confirmed after clinical review' (D-05),Care pathway only (clinician decision after secure handoff),YES,NO,NO,NO,No account to request Care; secure clinical account only after human review,YES,Public: none (catalog not public). Member catalog: 'Explore Care' -> /research/member/metabolic-care (member-only page),Start Care,Licensed pharmacy via secure clinical system - provider readiness NOT verified (PROVIDER_READINESS.md),N/A to site (pharmacy-dispensed); pharmacy identity not verified,docs/production-completion/catalog/catalog-reconciliation.json (GEN-GRP-0131),public copy draft; pharmacy/clinician provider not verified
canonical:mov_f4021f331425d385220d,Melanotan Ii,MELANOTAN II 1MG/ML (5ML),503A Clinical Formulations / Compounded Vial / Liquid,none in repo (no candidate),NO - clinician/pharmacy determines; show 'Price confirmed after clinical review' (D-05),Care pathway only (clinician decision after secure handoff),YES,NO,NO,NO,No account to request Care; secure clinical account only after human review,YES,Public: none (catalog not public). Member catalog: 'Explore Care' -> /research/member/metabolic-care (member-only page),Start Care,Licensed pharmacy via secure clinical system - provider readiness NOT verified (PROVIDER_READINESS.md),N/A to site (pharmacy-dispensed); pharmacy identity not verified,docs/production-completion/catalog/catalog-reconciliation.json (GEN-GRP-0098),public copy draft; pharmacy/clinician provider not verified
canonical:mov_f72cf2f324eb23e46646,Progesterone,PROGESTERONE 75MG SR CAPSULE,503A Clinical Formulations / Capsule,none in repo (no candidate),NO - clinician/pharmacy determines; show 'Price confirmed after clinical review' (D-05),Care pathway only (clinician decision after secure handoff),YES,NO,NO,NO,No account to request Care; secure clinical account only after human review,YES,Public: none (catalog not public). Member catalog: 'Explore Care' -> /research/member/metabolic-care (member-only page),Start Care,Licensed pharmacy via secure clinical system - provider readiness NOT verified (PROVIDER_READINESS.md),N/A to site (pharmacy-dispensed); pharmacy identity not verified,docs/production-completion/catalog/catalog-reconciliation.json (GEN-GRP-0154),public copy draft; pharmacy/clinician provider not verified
canonical:mov_f75653e3644d8141ed92,Testosterone Cyp,TESTOSTERONE CYP 200MG/ML GRAPE SEED OIL (5ML),503A Clinical Formulations / Compounded Vial / Liquid,none in repo (no candidate),NO - clinician/pharmacy determines; show 'Price confirmed after clinical review' (D-05),Care pathway only (clinician decision after secure handoff),YES,NO,NO,NO,No account to request Care; secure clinical account only after human review,YES,Public: none (catalog not public). Member catalog: 'Explore Care' -> /research/member/metabolic-care (member-only page),Start Care,Licensed pharmacy via secure clinical system - provider readiness NOT verified (PROVIDER_READINESS.md),N/A to site (pharmacy-dispensed); pharmacy identity not verified,docs/production-completion/catalog/catalog-reconciliation.json (GEN-GRP-0220),public copy draft; pharmacy/clinician provider not verified
canonical:mov_f8127b7d800d59a87749,Estradiol,ESTRADIOL 2MG TABLET,503A Clinical Formulations / Tablet,none in repo (no candidate),NO - clinician/pharmacy determines; show 'Price confirmed after clinical review' (D-05),Care pathway only (clinician decision after secure handoff),YES,NO,NO,NO,No account to request Care; secure clinical account only after human review,YES,Public: none (catalog not public). Member catalog: 'Explore Care' -> /research/member/metabolic-care (member-only page),Start Care,Licensed pharmacy via secure clinical system - provider readiness NOT verified (PROVIDER_READINESS.md),N/A to site (pharmacy-dispensed); pharmacy identity not verified,docs/production-completion/catalog/catalog-reconciliation.json (GEN-GRP-0056),public copy draft; pharmacy/clinician provider not verified
canonical:mov_fc8502227dcc0d508e25,PT-141 Nasal Spray,PT-141 NASAL SPRAY 2.5MG/SPRAY (3ML),503A Clinical Formulations / Nasal Spray,none in repo (no candidate),NO - clinician/pharmacy determines; show 'Price confirmed after clinical review' (D-05),Care pathway only (clinician decision after secure handoff),YES,NO,NO,NO,No account to request Care; secure clinical account only after human review,YES,Public: none (catalog not public). Member catalog: 'Explore Care' -> /research/member/metabolic-care (member-only page),Start Care,Licensed pharmacy via secure clinical system - provider readiness NOT verified (PROVIDER_READINESS.md),N/A to site (pharmacy-dispensed); pharmacy identity not verified,docs/production-completion/catalog/catalog-reconciliation.json (GEN-GRP-0126),public copy draft; pharmacy/clinician provider not verified
canonical:mov_fca88a97ef3ed5104fd3,Tb-500,TB-500 10MG/ML (5ML),503A Clinical Formulations / Compounded Vial / Liquid,none in repo (no candidate),NO - clinician/pharmacy determines; show 'Price confirmed after clinical review' (D-05),Care pathway only (clinician decision after secure handoff),YES,NO,NO,NO,No account to request Care; secure clinical account only after human review,YES,Public: none (catalog not public). Member catalog: 'Explore Care' -> /research/member/metabolic-care (member-only page),Start Care,Licensed pharmacy via secure clinical system - provider readiness NOT verified (PROVIDER_READINESS.md),N/A to site (pharmacy-dispensed); pharmacy identity not verified,docs/production-completion/catalog/catalog-reconciliation.json (GEN-GRP-0207),public copy draft; pharmacy/clinician provider not verified
canonical:mov_fce7784f2a27983462c2,Anastrozole,ANASTROZOLE 0.5MG CAPSULE,503A Clinical Formulations / Capsule,none in repo (no candidate),NO - clinician/pharmacy determines; show 'Price confirmed after clinical review' (D-05),Care pathway only (clinician decision after secure handoff),YES,NO,NO,NO,No account to request Care; secure clinical account only after human review,YES,Public: none (catalog not public). Member catalog: 'Explore Care' -> /research/member/metabolic-care (member-only page),Start Care,Licensed pharmacy via secure clinical system - provider readiness NOT verified (PROVIDER_READINESS.md),N/A to site (pharmacy-dispensed); pharmacy identity not verified,docs/production-completion/catalog/catalog-reconciliation.json (GEN-GRP-0003),public copy draft; pharmacy/clinician provider not verified
canonical:mov_fd3adb2c68e7a0e73082,Methylene Blue,METHYLENE BLUE 10MG CAPSULE,503A Clinical Formulations / Capsule,none in repo (no candidate),NO - clinician/pharmacy determines; show 'Price confirmed after clinical review' (D-05),Care pathway only (clinician decision after secure handoff),YES,NO,NO,NO,No account to request Care; secure clinical account only after human review,YES,Public: none (catalog not public). Member catalog: 'Explore Care' -> /research/member/metabolic-care (member-only page),Start Care,Licensed pharmacy via secure clinical system - provider readiness NOT verified (PROVIDER_READINESS.md),N/A to site (pharmacy-dispensed); pharmacy identity not verified,docs/production-completion/catalog/catalog-reconciliation.json (GEN-GRP-0103),public copy draft; pharmacy/clinician provider not verified
canonical:mov_fdcdf9c3b5b5168b4ea4,Dhea,DHEA 50MG CAPSULE,503A Clinical Formulations / Capsule,none in repo (no candidate),NO - clinician/pharmacy determines; show 'Price confirmed after clinical review' (D-05),Care pathway only (clinician decision after secure handoff),YES,NO,NO,NO,No account to request Care; secure clinical account only after human review,YES,Public: none (catalog not public). Member catalog: 'Explore Care' -> /research/member/metabolic-care (member-only page),Start Care,Licensed pharmacy via secure clinical system - provider readiness NOT verified (PROVIDER_READINESS.md),N/A to site (pharmacy-dispensed); pharmacy identity not verified,docs/production-completion/catalog/catalog-reconciliation.json (GEN-GRP-0038),public copy draft; pharmacy/clinician provider not verified
canonical:mov_fdda4d40b1fdbb305d55,Trimix (Papaverine,TRIMIX (Papaverine 30mg / Phentolamine 1mg / Alprostadil 20mcg per mL) (5ML),503A Clinical Formulations / Compounded Vial / Liquid,none in repo (no candidate),NO - clinician/pharmacy determines; show 'Price confirmed after clinical review' (D-05),Care pathway only (clinician decision after secure handoff),YES,NO,NO,NO,No account to request Care; secure clinical account only after human review,YES,Public: none (catalog not public). Member catalog: 'Explore Care' -> /research/member/metabolic-care (member-only page),Start Care,Licensed pharmacy via secure clinical system - provider readiness NOT verified (PROVIDER_READINESS.md),N/A to site (pharmacy-dispensed); pharmacy identity not verified,docs/production-completion/catalog/catalog-reconciliation.json (GEN-GRP-0239),public copy draft; pharmacy/clinician provider not verified
canonical:mov_fe37a77ef2c2e7312ce6,Semaglutide + Glycine,SEMAGLUTIDE/ GLYCINE 5MG-2.5MG/ML (6ML) (30mg vial),503A Clinical Formulations / Compounded Vial / Liquid,none in repo (no candidate),NO - clinician/pharmacy determines; show 'Price confirmed after clinical review' (D-05),Care pathway only (clinician decision after secure handoff),YES,NO,NO,NO,No account to request Care; secure clinical account only after human review,YES,Public: none (catalog not public). Member catalog: 'Explore Care' -> /research/member/metabolic-care (member-only page),Start Care,Licensed pharmacy via secure clinical system - provider readiness NOT verified (PROVIDER_READINESS.md),N/A to site (pharmacy-dispensed); pharmacy identity not verified,docs/production-completion/catalog/catalog-reconciliation.json (GEN-GRP-0168),public copy draft; pharmacy/clinician provider not verified
canonical:mov_ff30e00f97f56347d9ee,Elamipretide (Ss31),ELAMIPRETIDE (SS31) 15MG/ML (5ML),503A Clinical Formulations / Compounded Vial / Liquid,none in repo (no candidate),NO - clinician/pharmacy determines; show 'Price confirmed after clinical review' (D-05),Care pathway only (clinician decision after secure handoff),YES,NO,NO,NO,No account to request Care; secure clinical account only after human review,YES,Public: none (catalog not public). Member catalog: 'Explore Care' -> /research/member/metabolic-care (member-only page),Start Care,Licensed pharmacy via secure clinical system - provider readiness NOT verified (PROVIDER_READINESS.md),N/A to site (pharmacy-dispensed); pharmacy identity not verified,docs/production-completion/catalog/catalog-reconciliation.json (GEN-GRP-0042),public copy draft; pharmacy/clinician provider not verified
canonical:mov_ff9faa14357676165e39,Testosterone,TESTOSTERONE 10MG/GM TOPICAL CREAM,503A Clinical Formulations / Topical Cream,none in repo (no candidate),NO - clinician/pharmacy determines; show 'Price confirmed after clinical review' (D-05),Care pathway only (clinician decision after secure handoff),YES,NO,NO,NO,No account to request Care; secure clinical account only after human review,YES,Public: none (catalog not public). Member catalog: 'Explore Care' -> /research/member/metabolic-care (member-only page),Start Care,Licensed pharmacy via secure clinical system - provider readiness NOT verified (PROVIDER_READINESS.md),N/A to site (pharmacy-dispensed); pharmacy identity not verified,docs/production-completion/catalog/catalog-reconciliation.json (GEN-GRP-0213),public copy draft; pharmacy/clinician provider not verified
canonical:mov_038386172c35c2ad8cca,BAM15,BAM15 500 mcg,Research Capsules / Capsule / Bottle,none in repo (no candidate),NO,Unavailable / not offered,NO,NO,NO,YES,N/A,N/A,Not listed publicly,None - do not list on public index; if reached by URL show Unavailable + Explore Products,None,N/A,docs/production-completion/catalog/catalog-reconciliation.json (MASTER-109),public copy draft
canonical:mov_06849c26f971f74805ef,Semaglutide / GLP-1,GLP-1 (2mg),Research Peptides & Materials / Form not stated,none in repo (no candidate),NO,Unavailable / not offered,NO,NO,NO,YES,N/A,N/A,Not listed publicly,None - do not list on public index; if reached by URL show Unavailable + Explore Products,None,N/A,docs/production-completion/catalog/catalog-reconciliation.json (GEN-GRP-0412),public copy draft
canonical:mov_07317a1fe77fe228b793,CJC-1295 With DAC,CJC-1295 - With DAC (10mg),Research Peptides & Materials / Form not stated,none in repo (no candidate),NO,Unavailable / not offered,NO,NO,NO,YES,N/A,N/A,Not listed publicly,None - do not list on public index; if reached by URL show Unavailable + Explore Products,None,N/A,docs/production-completion/catalog/catalog-reconciliation.json (GEN-GRP-0394),public copy draft
canonical:mov_0a8df59fa70328b1c1ca,Colostrum,Colostrum (100mg x 90 Capsules),Research Capsules / Capsule / Bottle,none in repo (no candidate),NO,Unavailable / not offered,NO,NO,NO,YES,N/A,N/A,Not listed publicly,None - do not list on public index; if reached by URL show Unavailable + Explore Products,None,N/A,docs/production-completion/catalog/catalog-reconciliation.json (GEN-GRP-0395),public copy draft
canonical:mov_0ba805e868711366428d,PE-22-28,PE-22-28 (10mg),Research Peptides & Materials / Form not stated,none in repo (no candidate),NO,Unavailable / not offered,NO,NO,NO,YES,N/A,N/A,Not listed publicly,None - do not list on public index; if reached by URL show Unavailable + Explore Products,None,N/A,docs/production-completion/catalog/catalog-reconciliation.json (GEN-GRP-0408),public copy draft
canonical:mov_0f3fa003c76aadef763c,Inflam-Eze (30-serving),Retail unit / package,Supplements / Supplement Unit,none in repo (no candidate),NO,Unavailable / not offered,NO,NO,NO,YES,N/A,N/A,Not listed publicly,None - do not list on public index; if reached by URL show Unavailable + Explore Products,None,N/A,docs/production-completion/catalog/catalog-reconciliation.json (GEN-GRP-0373),public copy draft
canonical:mov_11b73649761a6d35f28c,Thymosin Alpha-1 + KPV + LL-37,Thymosin Alpha-1 10 mg + KPV 10 mg + LL-37 5 mg,Research Peptides & Materials / Lyophilized Vial,none in repo (no candidate),NO,Unavailable / not offered,NO,NO,NO,YES,N/A,N/A,Not listed publicly,None - do not list on public index; if reached by URL show Unavailable + Explore Products,None,N/A,docs/production-completion/catalog/catalog-reconciliation.json (GEN-GRP-0352),public copy draft
canonical:mov_120b19d12e869b0070ff,Thymosin Alpha-1,Thymosin Alpha-1 500 mcg,Research Capsules / Capsule / Bottle,none in repo (no candidate),NO,Unavailable / not offered,NO,NO,NO,YES,N/A,N/A,Not listed publicly,None - do not list on public index; if reached by URL show Unavailable + Explore Products,None,N/A,docs/production-completion/catalog/catalog-reconciliation.json (GEN-GRP-0255),public copy draft
canonical:mov_13073979f2da65f4e160,HCG,HCG(120000iu),Research Peptides & Materials / Form not stated,none in repo (no candidate),NO,Unavailable / not offered,NO,NO,NO,YES,N/A,N/A,Not listed publicly,None - do not list on public index; if reached by URL show Unavailable + Explore Products,None,N/A,docs/production-completion/catalog/catalog-reconciliation.json (GEN-GRP-0401),public copy draft
canonical:mov_199a0126b086cc43cb1b,Mito Recharge,Retail unit / package,Supplements / Supplement Unit,none in repo (no candidate),NO,Unavailable / not offered,NO,NO,NO,YES,N/A,N/A,Not listed publicly,None - do not list on public index; if reached by URL show Unavailable + Explore Products,None,N/A,docs/production-completion/catalog/catalog-reconciliation.json (GEN-GRP-0376),public copy draft
canonical:mov_1f87878d1e95e525b15d,Curcumin,Curcumin (600mg),Research Peptides & Materials / Form not stated,none in repo (no candidate),NO,Unavailable / not offered,NO,NO,NO,YES,N/A,N/A,Not listed publicly,None - do not list on public index; if reached by URL show Unavailable + Explore Products,None,N/A,docs/production-completion/catalog/catalog-reconciliation.json (GEN-GRP-0396),public copy draft
canonical:mov_235641a298fed1c2637e,Tesofensine,Tesofensine (500mcg) Capsules x30,Research Capsules / Capsule / Bottle,none in repo (no candidate),NO,Unavailable / not offered,NO,NO,NO,YES,N/A,N/A,Not listed publicly,None - do not list on public index; if reached by URL show Unavailable + Explore Products,None,N/A,docs/production-completion/catalog/catalog-reconciliation.json (GEN-GRP-0419),public copy draft
canonical:mov_256cb0423eb6d2a77f65,Oxytocin,10 mg,Research Peptides & Materials / Form not stated,seth_recommended_retail candidate $89.00 (pending_approval); live Product Control member price not inspected by this lane,NO,Unavailable / not offered,NO,NO,NO,YES,N/A,N/A,Not listed publicly,None - do not list on public index; if reached by URL show Unavailable + Explore Products,None,N/A,docs/production-completion/catalog/catalog-reconciliation.json (GEN-GRP-0407),public copy draft; price pending_approval
canonical:mov_257fd9d66f6284e3570e,TB-500,TB-500 500 mcg,Research Capsules / Capsule / Bottle,none in repo (no candidate),NO,Unavailable / not offered,NO,NO,NO,YES,N/A,N/A,Not listed publicly,None - do not list on public index; if reached by URL show Unavailable + Explore Products,None,N/A,docs/production-completion/catalog/catalog-reconciliation.json (GEN-GRP-0253),public copy draft
canonical:mov_287c60ca423250ef75d6,Tesamorelin + Ipamorelin,2X Blend Tesamorelin (10mg) / Ipamorelin (5mg),Research Peptides & Materials / Form not stated,none in repo (no candidate),NO,Unavailable / not offered,NO,NO,NO,YES,N/A,N/A,Not listed publicly,None - do not list on public index; if reached by URL show Unavailable + Explore Products,None,N/A,docs/production-completion/catalog/catalog-reconciliation.json (GEN-GRP-0388),public copy draft
canonical:mov_2a06e3a4fa8fb02b64cf,Thymosin Alpha-1 + Thymulin,Thymosin Alpha 1 (TA1) Complex Thymulin (10mg/6.4mg),Research Peptides & Materials / Form not stated,none in repo (no candidate),NO,Unavailable / not offered,NO,NO,NO,YES,N/A,N/A,Not listed publicly,None - do not list on public index; if reached by URL show Unavailable + Explore Products,None,N/A,docs/production-completion/catalog/catalog-reconciliation.json (GEN-GRP-0417),public copy draft
canonical:mov_2de19f71e09e8bc3febb,Chondro Jointaide,Retail unit / package,Supplements / Supplement Unit,none in repo (no candidate),NO,Unavailable / not offered,NO,NO,NO,YES,N/A,N/A,Not listed publicly,None - do not list on public index; if reached by URL show Unavailable + Explore Products,None,N/A,docs/production-completion/catalog/catalog-reconciliation.json (GEN-GRP-0368),public copy draft
canonical:mov_32c1c33224d5fca42b1e,Survodutide,Survodutide (6mg),Research Peptides & Materials / Form not stated,none in repo (no candidate),NO,Unavailable / not offered,NO,NO,NO,YES,N/A,N/A,Not listed publicly,None - do not list on public index; if reached by URL show Unavailable + Explore Products,None,N/A,docs/production-completion/catalog/catalog-reconciliation.json (GEN-GRP-0415),public copy draft
canonical:mov_361af70608afc9c98ec0,GHK-Cu,GHK-Cu (75mg),Research Peptides & Materials / Form not stated,none in repo (no candidate),NO,Unavailable / not offered,NO,NO,NO,YES,N/A,N/A,Not listed publicly,None - do not list on public index; if reached by URL show Unavailable + Explore Products,None,N/A,docs/production-completion/catalog/catalog-reconciliation.json (GEN-GRP-0398),public copy draft
canonical:mov_395e7047e013e2074f6a,SLU-PP-332,SLU-PP-332 250 mcg,Research Capsules / Capsule / Bottle,none in repo (no candidate),NO,Unavailable / not offered,NO,NO,NO,YES,N/A,N/A,Not listed publicly,None - do not list on public index; if reached by URL show Unavailable + Explore Products,None,N/A,docs/production-completion/catalog/catalog-reconciliation.json (GEN-GRP-0250),public copy draft
canonical:mov_3e4c0914851a77ba8763,Semax + Selank + DSIP,SEMAX 10 mg + SELANK 10 mg + DSIP 2 mg,Research Peptides & Materials / Lyophilized Vial,none in repo (no candidate),NO,Unavailable / not offered,NO,NO,NO,YES,N/A,N/A,Not listed publicly,None - do not list on public index; if reached by URL show Unavailable + Explore Products,None,N/A,docs/production-completion/catalog/catalog-reconciliation.json (GEN-GRP-0339),public copy draft
canonical:mov_43ff04d9edfcdb5543a4,BPC-157 + TB-500,BPC-157 15 mg + TB-500 15 mg,Research Peptides & Materials / Lyophilized Vial,none in repo (no candidate),NO,Unavailable / not offered,NO,NO,NO,YES,N/A,N/A,Not listed publicly,None - do not list on public index; if reached by URL show Unavailable + Explore Products,None,N/A,docs/production-completion/catalog/catalog-reconciliation.json (GEN-GRP-0266),public copy draft
canonical:mov_451f34fca5c1a293b145,BPC-157,BPC-157 (20mg),Research Peptides & Materials / Form not stated,none in repo (no candidate),NO,Unavailable / not offered,NO,NO,NO,YES,N/A,N/A,Not listed publicly,None - do not list on public index; if reached by URL show Unavailable + Explore Products,None,N/A,docs/production-completion/catalog/catalog-reconciliation.json (GEN-GRP-0393),public copy draft
canonical:mov_457168650622c3647dc9,BPC-157 + TB-500,BPC-157 5 mg + TB-500 5 mg,Research Peptides & Materials / Lyophilized Vial,none in repo (no candidate),NO,Unavailable / not offered,NO,NO,NO,YES,N/A,N/A,Not listed publicly,None - do not list on public index; if reached by URL show Unavailable + Explore Products,None,N/A,docs/production-completion/catalog/catalog-reconciliation.json (GEN-GRP-0267),public copy draft
canonical:mov_4a105b161858064229f3,Uplift+,Retail unit / package,Supplements / Supplement Unit,none in repo (no candidate),NO,Unavailable / not offered,NO,NO,NO,YES,N/A,N/A,Not listed publicly,None - do not list on public index; if reached by URL show Unavailable + Explore Products,None,N/A,docs/production-completion/catalog/catalog-reconciliation.json (GEN-GRP-0385),public copy draft
canonical:mov_512ed6b875c04eee4753,Syringes & Alcohol Swabs,Syringes & Alcohol Swabs,Shipping & Fulfillment / Included Supply,none in repo (no candidate),NO,Unavailable / not offered,NO,NO,NO,YES,N/A,N/A,Not listed publicly,None - do not list on public index; if reached by URL show Unavailable + Explore Products,None,N/A,docs/production-completion/catalog/catalog-reconciliation.json (no SKU),public copy draft
canonical:mov_548802074a4f9ca45f5d,BPC-157 + TB-500,BPC-157 10 mg + TB-500 10 mg,Research Peptides & Materials / Lyophilized Vial,none in repo (no candidate),NO,Unavailable / not offered,NO,NO,NO,YES,N/A,N/A,Not listed publicly,None - do not list on public index; if reached by URL show Unavailable + Explore Products,None,N/A,docs/production-completion/catalog/catalog-reconciliation.json (GEN-GRP-0265),public copy draft
canonical:mov_554ae2758dbe92e4baa6,BDNF,BDNF (Brain-derived neurotrophic factor) (10mg),Research Peptides & Materials / Form not stated,none in repo (no candidate),NO,Unavailable / not offered,NO,NO,NO,YES,N/A,N/A,Not listed publicly,None - do not list on public index; if reached by URL show Unavailable + Explore Products,None,N/A,docs/production-completion/catalog/catalog-reconciliation.json (GEN-GRP-0392),public copy draft
canonical:mov_5e74aacac728cfcbd11f,GLOW (GHK-Cu + BPC-157 + TB-500),GLOW GHK-Cu(27mg) / BPC-157 (5mg) / TB-500 (10mg),Research Peptides & Materials / Form not stated,none in repo (no candidate),NO,Unavailable / not offered,NO,NO,NO,YES,N/A,N/A,Not listed publicly,None - do not list on public index; if reached by URL show Unavailable + Explore Products,None,N/A,docs/production-completion/catalog/catalog-reconciliation.json (GEN-GRP-0399),public copy draft
canonical:mov_64db7bf766cd1d66694d,HGH,HGH (10iu),Research Peptides & Materials / Form not stated,none in repo (no candidate),NO,Unavailable / not offered,NO,NO,NO,YES,N/A,N/A,Not listed publicly,None - do not list on public index; if reached by URL show Unavailable + Explore Products,None,N/A,docs/production-completion/catalog/catalog-reconciliation.json (GEN-GRP-0403),public copy draft
canonical:mov_69a9f7466c5385ab9811,IGF-1 DES,IGF-1 DES (1mg),Research Peptides & Materials / Form not stated,none in repo (no candidate),NO,Unavailable / not offered,NO,NO,NO,YES,N/A,N/A,Not listed publicly,None - do not list on public index; if reached by URL show Unavailable + Explore Products,None,N/A,docs/production-completion/catalog/catalog-reconciliation.json (GEN-GRP-0404),public copy draft
canonical:mov_6f2d07f881d861bf3991,GI Defend,Retail unit / package,Supplements / Supplement Unit,none in repo (no candidate),NO,Unavailable / not offered,NO,NO,NO,YES,N/A,N/A,Not listed publicly,None - do not list on public index; if reached by URL show Unavailable + Explore Products,None,N/A,docs/production-completion/catalog/catalog-reconciliation.json (GEN-GRP-0371),public copy draft
canonical:mov_7502e2415b8757cad0eb,DSIP + Selank,DSIP 2 mg + SELANK 10 mg,Research Peptides & Materials / Lyophilized Vial,none in repo (no candidate),NO,Unavailable / not offered,NO,NO,NO,YES,N/A,N/A,Not listed publicly,None - do not list on public index; if reached by URL show Unavailable + Explore Products,None,N/A,docs/production-completion/catalog/catalog-reconciliation.json (GEN-GRP-0279),public copy draft
canonical:mov_753d3f94385adf791d1e,BPC-157,BPC-157 500 mcg,Research Capsules / Capsule / Bottle,none in repo (no candidate),NO,Unavailable / not offered,NO,NO,NO,YES,N/A,N/A,Not listed publicly,None - do not list on public index; if reached by URL show Unavailable + Explore Products,None,N/A,docs/production-completion/catalog/catalog-reconciliation.json (GEN-GRP-0245),public copy draft
canonical:mov_7871c059b8a970a5b3d1,LL-37 Complex,LL-37 Complex (5mg),Research Peptides & Materials / Form not stated,none in repo (no candidate),NO,Unavailable / not offered,NO,NO,NO,YES,N/A,N/A,Not listed publicly,None - do not list on public index; if reached by URL show Unavailable + Explore Products,None,N/A,docs/production-completion/catalog/catalog-reconciliation.json (GEN-GRP-0405),public copy draft
canonical:mov_7c55d415a9574e9ebda7,Hexarelin,5 mg,Research Peptides & Materials / Form not stated,seth_recommended_retail candidate $79.00 (pending_approval); live Product Control member price not inspected by this lane,NO,Unavailable / not offered,NO,NO,NO,YES,N/A,N/A,Not listed publicly,None - do not list on public index; if reached by URL show Unavailable + Explore Products,None,N/A,docs/production-completion/catalog/catalog-reconciliation.json (GEN-GRP-0402),public copy draft; price pending_approval
canonical:mov_7c6e65b041ae3bfe5262,Collagen Renew (Dynamic Multi),Retail unit / package,Supplements / Supplement Unit,none in repo (no candidate),NO,Unavailable / not offered,NO,NO,NO,YES,N/A,N/A,Not listed publicly,None - do not list on public index; if reached by URL show Unavailable + Explore Products,None,N/A,docs/production-completion/catalog/catalog-reconciliation.json (GEN-GRP-0369),public copy draft
canonical:mov_80916d9782f415a13ad3,PeriMenopause Support,Retail unit / package,Supplements / Supplement Unit,none in repo (no candidate),NO,Unavailable / not offered,NO,NO,NO,YES,N/A,N/A,Not listed publicly,None - do not list on public index; if reached by URL show Unavailable + Explore Products,None,N/A,docs/production-completion/catalog/catalog-reconciliation.json (GEN-GRP-0379),public copy draft
canonical:mov_8293d0baa21eb4d561f8,Blend BPC-157 + TB-500,BLEND BPC-157 + TB-500 500/500 mcg,Research Capsules / Capsule / Bottle,none in repo (no candidate),NO,Unavailable / not offered,NO,NO,NO,YES,N/A,N/A,Not listed publicly,None - do not list on public index; if reached by URL show Unavailable + Explore Products,None,N/A,docs/production-completion/catalog/catalog-reconciliation.json (GEN-GRP-0246),public copy draft
canonical:mov_845dc69ae9dd6cd6ba34,Brain Restore,Retail unit / package,Supplements / Supplement Unit,none in repo (no candidate),NO,Unavailable / not offered,NO,NO,NO,YES,N/A,N/A,Not listed publicly,None - do not list on public index; if reached by URL show Unavailable + Explore Products,None,N/A,docs/production-completion/catalog/catalog-reconciliation.json (GEN-GRP-0367),public copy draft
canonical:mov_8578e13fb8475e39f618,GHKcu,GHK-Cu 30 mL,Topicals & Regenerative / Topical Cream,none in repo (no candidate),NO,Unavailable / not offered,NO,NO,NO,YES,N/A,N/A,Not listed publicly,None - do not list on public index; if reached by URL show Unavailable + Explore Products,None,N/A,docs/production-completion/catalog/catalog-reconciliation.json (GEN-GRP-0387),public copy draft
canonical:mov_862b99ce1c9f144086dd,Tesofensine,Tesofensine (500mcg) Capsules x100,Research Capsules / Capsule / Bottle,none in repo (no candidate),NO,Unavailable / not offered,NO,NO,NO,YES,N/A,N/A,Not listed publicly,None - do not list on public index; if reached by URL show Unavailable + Explore Products,None,N/A,docs/production-completion/catalog/catalog-reconciliation.json (GEN-GRP-0418),public copy draft
canonical:mov_867e32ca427228fdd87e,Retatrutide / GLP-3,GLP-3 (24mg),Research Peptides & Materials / Form not stated,none in repo (no candidate),NO,Unavailable / not offered,NO,NO,NO,YES,N/A,N/A,Not listed publicly,None - do not list on public index; if reached by URL show Unavailable + Explore Products,None,N/A,docs/production-completion/catalog/catalog-reconciliation.json (GEN-GRP-0411),public copy draft
canonical:mov_8af22768144442c60424,Stress Essentials Balance,Retail unit / package,Supplements / Supplement Unit,none in repo (no candidate),NO,Unavailable / not offered,NO,NO,NO,YES,N/A,N/A,Not listed publicly,None - do not list on public index; if reached by URL show Unavailable + Explore Products,None,N/A,docs/production-completion/catalog/catalog-reconciliation.json (GEN-GRP-0381),public copy draft
canonical:mov_8bec8068d30d6f928040,Semax,Semax (30mg),Research Peptides & Materials / Form not stated,none in repo (no candidate),NO,Unavailable / not offered,NO,NO,NO,YES,N/A,N/A,Not listed publicly,None - do not list on public index; if reached by URL show Unavailable + Explore Products,None,N/A,docs/production-completion/catalog/catalog-reconciliation.json (GEN-GRP-0413),public copy draft
canonical:mov_8df703ff84f1bb8e1662,GHK-Cu + Epithalon,GHK-Cu 50 mg + EPITHALON 10 mg,Research Peptides & Materials / Lyophilized Vial,none in repo (no candidate),NO,Unavailable / not offered,NO,NO,NO,YES,N/A,N/A,Not listed publicly,None - do not list on public index; if reached by URL show Unavailable + Explore Products,None,N/A,docs/production-completion/catalog/catalog-reconciliation.json (GEN-GRP-0289),public copy draft
canonical:mov_8e11e063f79d56a3a946,Sermorelin,SERMORELIN 500 mcg,Research Capsules / Capsule / Bottle,none in repo (no candidate),NO,Unavailable / not offered,NO,NO,NO,YES,N/A,N/A,Not listed publicly,None - do not list on public index; if reached by URL show Unavailable + Explore Products,None,N/A,docs/production-completion/catalog/catalog-reconciliation.json (GEN-GRP-0252),public copy draft
canonical:mov_904af0a54faddfe2f21f,Rejuvenate+,Retail unit / package,Supplements / Supplement Unit,none in repo (no candidate),NO,Unavailable / not offered,NO,NO,NO,YES,N/A,N/A,Not listed publicly,None - do not list on public index; if reached by URL show Unavailable + Explore Products,None,N/A,docs/production-completion/catalog/catalog-reconciliation.json (GEN-GRP-0380),public copy draft
canonical:mov_96f011e65e7b6a72f8c9,Tesamorelin,Tesamorelin (8mg) x 4 pack,Research Peptides & Materials / Form not stated,none in repo (no candidate),NO,Unavailable / not offered,NO,NO,NO,YES,N/A,N/A,Not listed publicly,None - do not list on public index; if reached by URL show Unavailable + Explore Products,None,N/A,docs/production-completion/catalog/catalog-reconciliation.json (GEN-GRP-0416),public copy draft
canonical:mov_973154f49c156dcf7a72,Retatrutide / GLP-3,GLP-3 (12mg),Research Peptides & Materials / Form not stated,none in repo (no candidate),NO,Unavailable / not offered,NO,NO,NO,YES,N/A,N/A,Not listed publicly,None - do not list on public index; if reached by URL show Unavailable + Explore Products,None,N/A,docs/production-completion/catalog/catalog-reconciliation.json (GEN-GRP-0410),public copy draft
canonical:mov_9813dabbc127f6b382fb,Annatto Pro 125,Retail unit / package,Supplements / Supplement Unit,none in repo (no candidate),NO,Unavailable / not offered,NO,NO,NO,YES,N/A,N/A,Not listed publicly,None - do not list on public index; if reached by URL show Unavailable + Explore Products,None,N/A,docs/production-completion/catalog/catalog-reconciliation.json (GEN-GRP-0366),public copy draft
canonical:mov_9a217007a7fb93111200,Gonadorelin,Gonadorelin (10mg),Research Peptides & Materials / Form not stated,none in repo (no candidate),NO,Unavailable / not offered,NO,NO,NO,YES,N/A,N/A,Not listed publicly,None - do not list on public index; if reached by URL show Unavailable + Explore Products,None,N/A,docs/production-completion/catalog/catalog-reconciliation.json (GEN-GRP-0400),public copy draft
canonical:mov_9b65ad5bb184691e19e0,FedEx Standard Overnight,FedEx Standard Overnight,Shipping & Fulfillment / Shipping Service,none in repo (no candidate),NO,Unavailable / not offered,NO,NO,NO,YES,N/A,N/A,Not listed publicly,None - do not list on public index; if reached by URL show Unavailable + Explore Products,None,N/A,docs/production-completion/catalog/catalog-reconciliation.json (no SKU),public copy draft
canonical:mov_9e34d0c1acde46249621,Tesofensine,TESOFENSINE 500 mcg,Research Capsules / Capsule / Bottle,none in repo (no candidate),NO,Unavailable / not offered,NO,NO,NO,YES,N/A,N/A,Not listed publicly,None - do not list on public index; if reached by URL show Unavailable + Explore Products,None,N/A,docs/production-completion/catalog/catalog-reconciliation.json (GEN-GRP-0254),public copy draft
canonical:mov_a254cb6fc62c40bf975d,Exosome Cream,EXOSOME CREAM 30 mL,Topicals & Regenerative / Topical Cream,none in repo (no candidate),NO,Unavailable / not offered,NO,NO,NO,YES,N/A,N/A,Not listed publicly,None - do not list on public index; if reached by URL show Unavailable + Explore Products,None,N/A,docs/production-completion/catalog/catalog-reconciliation.json (GEN-GRP-0386),public copy draft
canonical:mov_a2d32f69681dca2b17fb,GHK-Cu,GHK-Cu 2 mg,Research Capsules / Capsule / Bottle,none in repo (no candidate),NO,Unavailable / not offered,NO,NO,NO,YES,N/A,N/A,Not listed publicly,None - do not list on public index; if reached by URL show Unavailable + Explore Products,None,N/A,docs/production-completion/catalog/catalog-reconciliation.json (GEN-GRP-0248),public copy draft
canonical:mov_b303ae9f0574c2d83337,GHRP-2 + Tesamorelin + MGF + Ipamorelin,4X Blend GHRP-2 (5mg) / Tesamorelin (5mg) / MGF (500mcg) / Ipamorelin (2.5mg),Research Peptides & Materials / Form not stated,none in repo (no candidate),NO,Unavailable / not offered,NO,NO,NO,YES,N/A,N/A,Not listed publicly,None - do not list on public index; if reached by URL show Unavailable + Explore Products,None,N/A,docs/production-completion/catalog/catalog-reconciliation.json (GEN-GRP-0391),public copy draft
canonical:mov_b67ab9e8cd671273f3c1,SS-31,SS-31 (15mg),Research Peptides & Materials / Form not stated,none in repo (no candidate),NO,Unavailable / not offered,NO,NO,NO,YES,N/A,N/A,Not listed publicly,None - do not list on public index; if reached by URL show Unavailable + Explore Products,None,N/A,docs/production-completion/catalog/catalog-reconciliation.json (GEN-GRP-0414),public copy draft
canonical:mov_b90f51978a7223e9fc58,Omega Pure EPA-DHA 2400,Retail unit / package,Supplements / Supplement Unit,none in repo (no candidate),NO,Unavailable / not offered,NO,NO,NO,YES,N/A,N/A,Not listed publicly,None - do not list on public index; if reached by URL show Unavailable + Explore Products,None,N/A,docs/production-completion/catalog/catalog-reconciliation.json (GEN-GRP-0377),public copy draft
canonical:mov_b96d05f393b7e3fb6a3f,Follistatin 344,Follistatin 344 (95%) (1mg),Research Peptides & Materials / Form not stated,none in repo (no candidate),NO,Unavailable / not offered,NO,NO,NO,YES,N/A,N/A,Not listed publicly,None - do not list on public index; if reached by URL show Unavailable + Explore Products,None,N/A,docs/production-completion/catalog/catalog-reconciliation.json (GEN-GRP-0397),public copy draft
canonical:mov_c58b682a44514760a74f,SLU-PP-332,SLU-PP-332 500 mcg,Research Capsules / Capsule / Bottle,none in repo (no candidate),NO,Unavailable / not offered,NO,NO,NO,YES,N/A,N/A,Not listed publicly,None - do not list on public index; if reached by URL show Unavailable + Explore Products,None,N/A,docs/production-completion/catalog/catalog-reconciliation.json (GEN-GRP-0251),public copy draft
canonical:mov_cdfb19499637f274f271,Fruits & Greens,Retail unit / package,Supplements / Supplement Unit,none in repo (no candidate),NO,Unavailable / not offered,NO,NO,NO,YES,N/A,N/A,Not listed publicly,None - do not list on public index; if reached by URL show Unavailable + Explore Products,None,N/A,docs/production-completion/catalog/catalog-reconciliation.json (GEN-GRP-0370),public copy draft
canonical:mov_ce2fc5bcfb622d8de591,PRM Resolve,Retail unit / package,Supplements / Supplement Unit,none in repo (no candidate),NO,Unavailable / not offered,NO,NO,NO,YES,N/A,N/A,Not listed publicly,None - do not list on public index; if reached by URL show Unavailable + Explore Products,None,N/A,docs/production-completion/catalog/catalog-reconciliation.json (GEN-GRP-0378),public copy draft
canonical:mov_d2bd32bf961854a033b1,MGF,MGF (IGF-1Ec) (5mg),Research Peptides & Materials / Form not stated,none in repo (no candidate),NO,Unavailable / not offered,NO,NO,NO,YES,N/A,N/A,Not listed publicly,None - do not list on public index; if reached by URL show Unavailable + Explore Products,None,N/A,docs/production-completion/catalog/catalog-reconciliation.json (GEN-GRP-0406),public copy draft
canonical:mov_d6a8b2cd129bda39d8fa,Hydrate,Retail unit / package,Supplements / Supplement Unit,none in repo (no candidate),NO,Unavailable / not offered,NO,NO,NO,YES,N/A,N/A,Not listed publicly,None - do not list on public index; if reached by URL show Unavailable + Explore Products,None,N/A,docs/production-completion/catalog/catalog-reconciliation.json (GEN-GRP-0372),public copy draft
canonical:mov_d91d7248ed06d7280a2d,UltraBiotic Prebiotic,Retail unit / package,Supplements / Supplement Unit,none in repo (no candidate),NO,Unavailable / not offered,NO,NO,NO,YES,N/A,N/A,Not listed publicly,None - do not list on public index; if reached by URL show Unavailable + Explore Products,None,N/A,docs/production-completion/catalog/catalog-reconciliation.json (GEN-GRP-0384),public copy draft
canonical:mov_d97f1f887a86b0c31947,Retatrutide + Cagrilintide,RETATRUTIDE 10 mg + CAGRILINTIDE 2.5 mg,Research Peptides & Materials / Lyophilized Vial,none in repo (no candidate),NO,Unavailable / not offered,NO,NO,NO,YES,N/A,N/A,Not listed publicly,None - do not list on public index; if reached by URL show Unavailable + Explore Products,None,N/A,docs/production-completion/catalog/catalog-reconciliation.json (GEN-GRP-0330),public copy draft
canonical:mov_dbb59b83827a556051da,UltraBiotic Akkermansia Plus,Retail unit / package,Supplements / Supplement Unit,none in repo (no candidate),NO,Unavailable / not offered,NO,NO,NO,YES,N/A,N/A,Not listed publicly,None - do not list on public index; if reached by URL show Unavailable + Explore Products,None,N/A,docs/production-completion/catalog/catalog-reconciliation.json (GEN-GRP-0383),public copy draft
canonical:mov_dc26bcbba0510c5bb57b,Tesamorelin + Ipamorelin,2X Blend Tesamorelin (5mg) / Ipamorelin (5mg),Research Peptides & Materials / Form not stated,none in repo (no candidate),NO,Unavailable / not offered,NO,NO,NO,YES,N/A,N/A,Not listed publicly,None - do not list on public index; if reached by URL show Unavailable + Explore Products,None,N/A,docs/production-completion/catalog/catalog-reconciliation.json (GEN-GRP-0389),public copy draft
canonical:mov_dc6c3bf9bc23dd55adc1,PT-141,PT-141 (5mg),Research Peptides & Materials / Form not stated,none in repo (no candidate),NO,Unavailable / not offered,NO,NO,NO,YES,N/A,N/A,Not listed publicly,None - do not list on public index; if reached by URL show Unavailable + Explore Products,None,N/A,docs/production-completion/catalog/catalog-reconciliation.json (GEN-GRP-0409),public copy draft
canonical:mov_dd8bb706cb498b40864d,Tesamorelin + MGF + Ipamorelin,3X Blend Tesamorelin (5mg) / MGF (500mcg) / Ipamorelin (2.5mg),Research Peptides & Materials / Form not stated,none in repo (no candidate),NO,Unavailable / not offered,NO,NO,NO,YES,N/A,N/A,Not listed publicly,None - do not list on public index; if reached by URL show Unavailable + Explore Products,None,N/A,docs/production-completion/catalog/catalog-reconciliation.json (GEN-GRP-0390),public copy draft
canonical:mov_e74adec4c45f9c9db404,Longevity Essentials NAD+,Retail unit / package,Supplements / Supplement Unit,none in repo (no candidate),NO,Unavailable / not offered,NO,NO,NO,YES,N/A,N/A,Not listed publicly,None - do not list on public index; if reached by URL show Unavailable + Explore Products,None,N/A,docs/production-completion/catalog/catalog-reconciliation.json (GEN-GRP-0374),public copy draft
canonical:mov_ea6077e070c07548c709,Radient XO Serum,Radient XO Serum (5 Billion Exosomes),Topicals & Regenerative / Topical Serum,none in repo (no candidate),NO,Unavailable / not offered,NO,NO,NO,YES,N/A,N/A,Not listed publicly,None - do not list on public index; if reached by URL show Unavailable + Explore Products,None,N/A,docs/production-completion/catalog/catalog-reconciliation.json (GEN-GRP-0420),public copy draft
canonical:mov_f5d63d95caa3d6d0a7a0,Magtein (Magnesium L-Threonate),Retail unit / package,Supplements / Supplement Unit,none in repo (no candidate),NO,Unavailable / not offered,NO,NO,NO,YES,N/A,N/A,Not listed publicly,None - do not list on public index; if reached by URL show Unavailable + Explore Products,None,N/A,docs/production-completion/catalog/catalog-reconciliation.json (GEN-GRP-0375),public copy draft
canonical:mov_fe292b5f03527ec13e5e,KPV,KPV 500 mcg,Research Capsules / Capsule / Bottle,none in repo (no candidate),NO,Unavailable / not offered,NO,NO,NO,YES,N/A,N/A,Not listed publicly,None - do not list on public index; if reached by URL show Unavailable + Explore Products,None,N/A,docs/production-completion/catalog/catalog-reconciliation.json (GEN-GRP-0249),public copy draft
canonical:mov_ffe0eef7766200ac8c53,Stress Essentials Calm,Retail unit / package,Supplements / Supplement Unit,none in repo (no candidate),NO,Unavailable / not offered,NO,NO,NO,YES,N/A,N/A,Not listed publicly,None - do not list on public index; if reached by URL show Unavailable + Explore Products,None,N/A,docs/production-completion/catalog/catalog-reconciliation.json (GEN-GRP-0382),public copy draft
intake:EXP-040,Semaglutide,30 mg,September intake / legacy (no canonical family),seth_recommended_retail candidate $159.00 (pending_approval); live Product Control member price not inspected by this lane,NO,Unavailable / not offered,NO,NO,NO,YES,N/A,N/A,Not listed publicly,None - do not list on public index; if reached by URL show Unavailable + Explore Products,None,N/A,docs/production-completion/catalog/catalog-reconciliation.json (EXP-040),no canonical offering (intake or legacy identity); price pending_approval
intake:EXP-042,ARA-290,30 mg,September intake / legacy (no canonical family),seth_recommended_retail candidate $149.00 (pending_approval); live Product Control member price not inspected by this lane,NO,Unavailable / not offered,NO,NO,NO,YES,N/A,N/A,Not listed publicly,None - do not list on public index; if reached by URL show Unavailable + Explore Products,None,N/A,docs/production-completion/catalog/catalog-reconciliation.json (EXP-042),no canonical offering (intake or legacy identity); price pending_approval
intake:EXP-043,ARA-290,50 mg,September intake / legacy (no canonical family),seth_recommended_retail candidate $199.00 (pending_approval); live Product Control member price not inspected by this lane,NO,Unavailable / not offered,NO,NO,NO,YES,N/A,N/A,Not listed publicly,None - do not list on public index; if reached by URL show Unavailable + Explore Products,None,N/A,docs/production-completion/catalog/catalog-reconciliation.json (EXP-043),no canonical offering (intake or legacy identity); price pending_approval
intake:EXP-045,Cartalax (AED/t-31),20 mg,September intake / legacy (no canonical family),seth_recommended_retail candidate $129.00 (pending_approval); live Product Control member price not inspected by this lane,NO,Unavailable / not offered,NO,NO,NO,YES,N/A,N/A,Not listed publicly,None - do not list on public index; if reached by URL show Unavailable + Explore Products,None,N/A,docs/production-completion/catalog/catalog-reconciliation.json (EXP-045),no canonical offering (intake or legacy identity); price pending_approval
intake:EXP-047,Elamipretide / SS-31,10 mg,September intake / legacy (no canonical family),seth_recommended_retail candidate $79.00 (pending_approval); live Product Control member price not inspected by this lane,NO,Unavailable / not offered,NO,NO,NO,YES,N/A,N/A,Not listed publicly,None - do not list on public index; if reached by URL show Unavailable + Explore Products,None,N/A,docs/production-completion/catalog/catalog-reconciliation.json (EXP-047),no canonical offering (intake or legacy identity); price pending_approval
intake:EXP-048,Elamipretide / SS-31,30 mg,September intake / legacy (no canonical family),seth_recommended_retail candidate $139.00 (pending_approval); live Product Control member price not inspected by this lane,NO,Unavailable / not offered,NO,NO,NO,YES,N/A,N/A,Not listed publicly,None - do not list on public index; if reached by URL show Unavailable + Explore Products,None,N/A,docs/production-completion/catalog/catalog-reconciliation.json (EXP-048),no canonical offering (intake or legacy identity); price pending_approval
intake:EXP-049,Elamipretide / SS-31,75 mg,September intake / legacy (no canonical family),seth_recommended_retail candidate $199.00 (pending_approval); live Product Control member price not inspected by this lane,NO,Unavailable / not offered,NO,NO,NO,YES,N/A,N/A,Not listed publicly,None - do not list on public index; if reached by URL show Unavailable + Explore Products,None,N/A,docs/production-completion/catalog/catalog-reconciliation.json (EXP-049),no canonical offering (intake or legacy identity); price pending_approval
intake:EXP-050,Epithalon / Epitalon,10 mg,September intake / legacy (no canonical family),seth_recommended_retail candidate $69.00 (pending_approval); live Product Control member price not inspected by this lane,NO,Unavailable / not offered,NO,NO,NO,YES,N/A,N/A,Not listed publicly,None - do not list on public index; if reached by URL show Unavailable + Explore Products,None,N/A,docs/production-completion/catalog/catalog-reconciliation.json (EXP-050),no canonical offering (intake or legacy identity); price pending_approval
intake:EXP-051,Epithalon / Epitalon,20 mg,September intake / legacy (no canonical family),seth_recommended_retail candidate $89.00 (pending_approval); live Product Control member price not inspected by this lane,NO,Unavailable / not offered,NO,NO,NO,YES,N/A,N/A,Not listed publicly,None - do not list on public index; if reached by URL show Unavailable + Explore Products,None,N/A,docs/production-completion/catalog/catalog-reconciliation.json (EXP-051),no canonical offering (intake or legacy identity); price pending_approval
intake:EXP-052,Epithalon / Epitalon,50 mg,September intake / legacy (no canonical family),seth_recommended_retail candidate $139.00 (pending_approval); live Product Control member price not inspected by this lane,NO,Unavailable / not offered,NO,NO,NO,YES,N/A,N/A,Not listed publicly,None - do not list on public index; if reached by URL show Unavailable + Explore Products,None,N/A,docs/production-completion/catalog/catalog-reconciliation.json (EXP-052),no canonical offering (intake or legacy identity); price pending_approval
intake:EXP-053,FOXO4-DRI,10 mg,September intake / legacy (no canonical family),seth_recommended_retail candidate $199.00 (pending_approval); live Product Control member price not inspected by this lane,NO,Unavailable / not offered,NO,NO,NO,YES,N/A,N/A,Not listed publicly,None - do not list on public index; if reached by URL show Unavailable + Explore Products,None,N/A,docs/production-completion/catalog/catalog-reconciliation.json (EXP-053),no canonical offering (intake or legacy identity); price pending_approval
intake:EXP-055,Gonadorelin,1 mg,September intake / legacy (no canonical family),seth_recommended_retail candidate $69.00 (pending_approval); live Product Control member price not inspected by this lane,NO,Unavailable / not offered,NO,NO,NO,YES,N/A,N/A,Not listed publicly,None - do not list on public index; if reached by URL show Unavailable + Explore Products,None,N/A,docs/production-completion/catalog/catalog-reconciliation.json (EXP-055),no canonical offering (intake or legacy identity); price pending_approval
intake:EXP-059,PEG-MGF,2 mg,September intake / legacy (no canonical family),seth_recommended_retail candidate $59.00 (pending_approval); live Product Control member price not inspected by this lane,NO,Unavailable / not offered,NO,NO,NO,YES,N/A,N/A,Not listed publicly,None - do not list on public index; if reached by URL show Unavailable + Explore Products,None,N/A,docs/production-completion/catalog/catalog-reconciliation.json (EXP-059),no canonical offering (intake or legacy identity); price pending_approval
intake:EXP-060,PEG-MGF,5 mg,September intake / legacy (no canonical family),seth_recommended_retail candidate $89.00 (pending_approval); live Product Control member price not inspected by this lane,NO,Unavailable / not offered,NO,NO,NO,YES,N/A,N/A,Not listed publicly,None - do not list on public index; if reached by URL show Unavailable + Explore Products,None,N/A,docs/production-completion/catalog/catalog-reconciliation.json (EXP-060),no canonical offering (intake or legacy identity); price pending_approval
intake:EXP-061,Relamorelin (RM-131),3 mg,September intake / legacy (no canonical family),seth_recommended_retail candidate $300.00 (pending_approval); live Product Control member price not inspected by this lane,NO,Unavailable / not offered,NO,NO,NO,YES,N/A,N/A,Not listed publicly,None - do not list on public index; if reached by URL show Unavailable + Explore Products,None,N/A,docs/production-completion/catalog/catalog-reconciliation.json (EXP-061),no canonical offering (intake or legacy identity); price pending_approval
intake:EXP-062,Sermorelin,15 mg,September intake / legacy (no canonical family),seth_recommended_retail candidate $119.00 (pending_approval); live Product Control member price not inspected by this lane,NO,Unavailable / not offered,NO,NO,NO,YES,N/A,N/A,Not listed publicly,None - do not list on public index; if reached by URL show Unavailable + Explore Products,None,N/A,docs/production-completion/catalog/catalog-reconciliation.json (EXP-062),no canonical offering (intake or legacy identity); price pending_approval
intake:EXP-063,TB-500 / Thymosin Beta-4,5 mg,September intake / legacy (no canonical family),seth_recommended_retail candidate $69.00 (pending_approval); live Product Control member price not inspected by this lane,NO,Unavailable / not offered,NO,NO,NO,YES,N/A,N/A,Not listed publicly,None - do not list on public index; if reached by URL show Unavailable + Explore Products,None,N/A,docs/production-completion/catalog/catalog-reconciliation.json (EXP-063),no canonical offering (intake or legacy identity); price pending_approval
intake:EXP-064,TB-500 / Thymosin Beta-4,10 mg,September intake / legacy (no canonical family),seth_recommended_retail candidate $89.00 (pending_approval); live Product Control member price not inspected by this lane,NO,Unavailable / not offered,NO,NO,NO,YES,N/A,N/A,Not listed publicly,None - do not list on public index; if reached by URL show Unavailable + Explore Products,None,N/A,docs/production-completion/catalog/catalog-reconciliation.json (EXP-064),no canonical offering (intake or legacy identity); price pending_approval
intake:EXP-065,TB-500,50 mg,September intake / legacy (no canonical family),seth_recommended_retail candidate $169.00 (pending_approval); live Product Control member price not inspected by this lane,NO,Unavailable / not offered,NO,NO,NO,YES,N/A,N/A,Not listed publicly,None - do not list on public index; if reached by URL show Unavailable + Explore Products,None,N/A,docs/production-completion/catalog/catalog-reconciliation.json (EXP-065),no canonical offering (intake or legacy identity); price pending_approval
intake:EXP-066,Tesamorelin,15 mg,September intake / legacy (no canonical family),seth_recommended_retail candidate $129.00 (pending_approval); live Product Control member price not inspected by this lane,NO,Unavailable / not offered,NO,NO,NO,YES,N/A,N/A,Not listed publicly,None - do not list on public index; if reached by URL show Unavailable + Explore Products,None,N/A,docs/production-completion/catalog/catalog-reconciliation.json (EXP-066),no canonical offering (intake or legacy identity); price pending_approval
intake:EXP-067,Tesamorelin,24 mg,September intake / legacy (no canonical family),seth_recommended_retail candidate $189.00 (pending_approval); live Product Control member price not inspected by this lane,NO,Unavailable / not offered,NO,NO,NO,YES,N/A,N/A,Not listed publicly,None - do not list on public index; if reached by URL show Unavailable + Explore Products,None,N/A,docs/production-completion/catalog/catalog-reconciliation.json (EXP-067),no canonical offering (intake or legacy identity); price pending_approval
intake:EXP-068,Thymosin Alpha-1,15 mg,September intake / legacy (no canonical family),seth_recommended_retail candidate $159.00 (pending_approval); live Product Control member price not inspected by this lane,NO,Unavailable / not offered,NO,NO,NO,YES,N/A,N/A,Not listed publicly,None - do not list on public index; if reached by URL show Unavailable + Explore Products,None,N/A,docs/production-completion/catalog/catalog-reconciliation.json (EXP-068),no canonical offering (intake or legacy identity); price pending_approval
intake:EXP-069,Thymosin A1 / KPV / LL-37,10/10/5 mg,September intake / legacy (no canonical family),seth_recommended_retail candidate $209.00 (pending_approval); live Product Control member price not inspected by this lane,NO,Unavailable / not offered,NO,NO,NO,YES,N/A,N/A,Not listed publicly,None - do not list on public index; if reached by URL show Unavailable + Explore Products,None,N/A,docs/production-completion/catalog/catalog-reconciliation.json (EXP-069),no canonical offering (intake or legacy identity); price pending_approval
intake:EXP-070,IGF-1 LR3 / MOTS-C,1/10 mg,September intake / legacy (no canonical family),seth_recommended_retail candidate $139.00 (pending_approval); live Product Control member price not inspected by this lane,NO,Unavailable / not offered,NO,NO,NO,YES,N/A,N/A,Not listed publicly,None - do not list on public index; if reached by URL show Unavailable + Explore Products,None,N/A,docs/production-completion/catalog/catalog-reconciliation.json (EXP-070),no canonical offering (intake or legacy identity); price pending_approval
intake:EXP-071,Wolverine — BPC-157 / TB-500 / MGF,10/2.5/1 mg,September intake / legacy (no canonical family),seth_recommended_retail candidate $129.00 (pending_approval); live Product Control member price not inspected by this lane,NO,Unavailable / not offered,NO,NO,NO,YES,N/A,N/A,Not listed publicly,None - do not list on public index; if reached by URL show Unavailable + Explore Products,None,N/A,docs/production-completion/catalog/catalog-reconciliation.json (EXP-071),no canonical offering (intake or legacy identity); price pending_approval
intake:EXP-072,Tesamorelin / Ipamorelin / MOTS-C,10/5/10 mg,September intake / legacy (no canonical family),seth_recommended_retail candidate $169.00 (pending_approval); live Product Control member price not inspected by this lane,NO,Unavailable / not offered,NO,NO,NO,YES,N/A,N/A,Not listed publicly,None - do not list on public index; if reached by URL show Unavailable + Explore Products,None,N/A,docs/production-completion/catalog/catalog-reconciliation.json (EXP-072),no canonical offering (intake or legacy identity); price pending_approval
intake:EXP-073,Tesamorelin / Ipamorelin,10/5 mg,September intake / legacy (no canonical family),seth_recommended_retail candidate $129.00 (pending_approval); live Product Control member price not inspected by this lane,NO,Unavailable / not offered,NO,NO,NO,YES,N/A,N/A,Not listed publicly,None - do not list on public index; if reached by URL show Unavailable + Explore Products,None,N/A,docs/production-completion/catalog/catalog-reconciliation.json (EXP-073),no canonical offering (intake or legacy identity); price pending_approval
intake:EXP-074,Selank / Semax / DSIP,10/10/2 mg,September intake / legacy (no canonical family),seth_recommended_retail candidate $129.00 (pending_approval); live Product Control member price not inspected by this lane,NO,Unavailable / not offered,NO,NO,NO,YES,N/A,N/A,Not listed publicly,None - do not list on public index; if reached by URL show Unavailable + Explore Products,None,N/A,docs/production-completion/catalog/catalog-reconciliation.json (EXP-074),no canonical offering (intake or legacy identity); price pending_approval
intake:EXP-075,Selank / Semax,5/5 mg,September intake / legacy (no canonical family),seth_recommended_retail candidate $89.00 (pending_approval); live Product Control member price not inspected by this lane,NO,Unavailable / not offered,NO,NO,NO,YES,N/A,N/A,Not listed publicly,None - do not list on public index; if reached by URL show Unavailable + Explore Products,None,N/A,docs/production-completion/catalog/catalog-reconciliation.json (EXP-075),no canonical offering (intake or legacy identity); price pending_approval
intake:EXP-076,GHK-Cu / Epithalon,50/10 mg,September intake / legacy (no canonical family),seth_recommended_retail candidate $99.00 (pending_approval); live Product Control member price not inspected by this lane,NO,Unavailable / not offered,NO,NO,NO,YES,N/A,N/A,Not listed publicly,None - do not list on public index; if reached by URL show Unavailable + Explore Products,None,N/A,docs/production-completion/catalog/catalog-reconciliation.json (EXP-076),no canonical offering (intake or legacy identity); price pending_approval
intake:EXP-077,GHK-Cu / Epithalon / MOTS-C,50/10/10 mg,September intake / legacy (no canonical family),seth_recommended_retail candidate $139.00 (pending_approval); live Product Control member price not inspected by this lane,NO,Unavailable / not offered,NO,NO,NO,YES,N/A,N/A,Not listed publicly,None - do not list on public index; if reached by URL show Unavailable + Explore Products,None,N/A,docs/production-completion/catalog/catalog-reconciliation.json (EXP-077),no canonical offering (intake or legacy identity); price pending_approval
intake:EXP-078,CJC-1295 / Ipamorelin,10/10 mg,September intake / legacy (no canonical family),seth_recommended_retail candidate $129.00 (pending_approval); live Product Control member price not inspected by this lane,NO,Unavailable / not offered,NO,NO,NO,YES,N/A,N/A,Not listed publicly,None - do not list on public index; if reached by URL show Unavailable + Explore Products,None,N/A,docs/production-completion/catalog/catalog-reconciliation.json (EXP-078),no canonical offering (intake or legacy identity); price pending_approval
intake:EXP-079,GLP-R / Cagrilintide,10/2.5 mg,September intake / legacy (no canonical family),seth_recommended_retail candidate $189.00 (pending_approval); live Product Control member price not inspected by this lane,NO,Unavailable / not offered,NO,NO,NO,YES,N/A,N/A,Not listed publicly,None - do not list on public index; if reached by URL show Unavailable + Explore Products,None,N/A,docs/production-completion/catalog/catalog-reconciliation.json (EXP-079),no canonical offering (intake or legacy identity); price pending_approval
intake:EXP-080,BPC-157 / TB-500,15/15 mg,September intake / legacy (no canonical family),seth_recommended_retail candidate $159.00 (pending_approval); live Product Control member price not inspected by this lane,NO,Unavailable / not offered,NO,NO,NO,YES,N/A,N/A,Not listed publicly,None - do not list on public index; if reached by URL show Unavailable + Explore Products,None,N/A,docs/production-completion/catalog/catalog-reconciliation.json (EXP-080),no canonical offering (intake or legacy identity); price pending_approval
intake:EXP-081,DSIP / Selank,2/10 mg,September intake / legacy (no canonical family),seth_recommended_retail candidate $89.00 (pending_approval); live Product Control member price not inspected by this lane,NO,Unavailable / not offered,NO,NO,NO,YES,N/A,N/A,Not listed publicly,None - do not list on public index; if reached by URL show Unavailable + Explore Products,None,N/A,docs/production-completion/catalog/catalog-reconciliation.json (EXP-081),no canonical offering (intake or legacy identity); price pending_approval
intake:EXP-082,AOD-9604 / MOTS-C / Tesamorelin / Ipamorelin,6/10/10/10 mg,September intake / legacy (no canonical family),seth_recommended_retail candidate $199.00 (pending_approval); live Product Control member price not inspected by this lane,NO,Unavailable / not offered,NO,NO,NO,YES,N/A,N/A,Not listed publicly,None - do not list on public index; if reached by URL show Unavailable + Explore Products,None,N/A,docs/production-completion/catalog/catalog-reconciliation.json (EXP-082),no canonical offering (intake or legacy identity); price pending_approval
intake:EXP-083,Sermorelin / Ipamorelin,15/18 mg,September intake / legacy (no canonical family),seth_recommended_retail candidate $149.00 (pending_approval); live Product Control member price not inspected by this lane,NO,Unavailable / not offered,NO,NO,NO,YES,N/A,N/A,Not listed publicly,None - do not list on public index; if reached by URL show Unavailable + Explore Products,None,N/A,docs/production-completion/catalog/catalog-reconciliation.json (EXP-083),no canonical offering (intake or legacy identity); price pending_approval
intake:EXP-084,Tesamorelin / Ipamorelin,12/6 mg,September intake / legacy (no canonical family),seth_recommended_retail candidate $139.00 (pending_approval); live Product Control member price not inspected by this lane,NO,Unavailable / not offered,NO,NO,NO,YES,N/A,N/A,Not listed publicly,None - do not list on public index; if reached by URL show Unavailable + Explore Products,None,N/A,docs/production-completion/catalog/catalog-reconciliation.json (EXP-084),no canonical offering (intake or legacy identity); price pending_approval
intake:EXP-085,Anamorelin,Capsule — 100 mg,September intake / legacy (no canonical family),none in repo (no candidate),NO,Unavailable / not offered,NO,NO,NO,YES,N/A,N/A,Not listed publicly,None - do not list on public index; if reached by URL show Unavailable + Explore Products,None,N/A,docs/production-completion/catalog/catalog-reconciliation.json (EXP-085),no canonical offering (intake or legacy identity)
intake:EXP-086,Thymosin Alpha-1,Capsule — 500 mcg,September intake / legacy (no canonical family),seth_recommended_retail candidate $119.00 (pending_approval); live Product Control member price not inspected by this lane,NO,Unavailable / not offered,NO,NO,NO,YES,N/A,N/A,Not listed publicly,None - do not list on public index; if reached by URL show Unavailable + Explore Products,None,N/A,docs/production-completion/catalog/catalog-reconciliation.json (EXP-086),no canonical offering (intake or legacy identity); price pending_approval
intake:EXP-087,Tesofensine,Capsule — 500 mcg,September intake / legacy (no canonical family),seth_recommended_retail candidate $99.00 (pending_approval); live Product Control member price not inspected by this lane,NO,Unavailable / not offered,NO,NO,NO,YES,N/A,N/A,Not listed publicly,None - do not list on public index; if reached by URL show Unavailable + Explore Products,None,N/A,docs/production-completion/catalog/catalog-reconciliation.json (EXP-087),no canonical offering (intake or legacy identity); price pending_approval
intake:EXP-088,TB-500,Capsule — 500 mcg,September intake / legacy (no canonical family),seth_recommended_retail candidate $119.00 (pending_approval); live Product Control member price not inspected by this lane,NO,Unavailable / not offered,NO,NO,NO,YES,N/A,N/A,Not listed publicly,None - do not list on public index; if reached by URL show Unavailable + Explore Products,None,N/A,docs/production-completion/catalog/catalog-reconciliation.json (EXP-088),no canonical offering (intake or legacy identity); price pending_approval
intake:EXP-089,SLU-PP-332,Capsule — 500 mcg,September intake / legacy (no canonical family),seth_recommended_retail candidate $139.00 (pending_approval); live Product Control member price not inspected by this lane,NO,Unavailable / not offered,NO,NO,NO,YES,N/A,N/A,Not listed publicly,None - do not list on public index; if reached by URL show Unavailable + Explore Products,None,N/A,docs/production-completion/catalog/catalog-reconciliation.json (EXP-089),no canonical offering (intake or legacy identity); price pending_approval
intake:EXP-090,Sermorelin,Capsule — 500 mcg,September intake / legacy (no canonical family),seth_recommended_retail candidate $119.00 (pending_approval); live Product Control member price not inspected by this lane,NO,Unavailable / not offered,NO,NO,NO,YES,N/A,N/A,Not listed publicly,None - do not list on public index; if reached by URL show Unavailable + Explore Products,None,N/A,docs/production-completion/catalog/catalog-reconciliation.json (EXP-090),no canonical offering (intake or legacy identity); price pending_approval
intake:EXP-091,KPV,Capsule — 500 mcg,September intake / legacy (no canonical family),seth_recommended_retail candidate $99.00 (pending_approval); live Product Control member price not inspected by this lane,NO,Unavailable / not offered,NO,NO,NO,YES,N/A,N/A,Not listed publicly,None - do not list on public index; if reached by URL show Unavailable + Explore Products,None,N/A,docs/production-completion/catalog/catalog-reconciliation.json (EXP-091),no canonical offering (intake or legacy identity); price pending_approval
intake:EXP-092,GHK-Cu,Capsule — 2 mg,September intake / legacy (no canonical family),seth_recommended_retail candidate $109.00 (pending_approval); live Product Control member price not inspected by this lane,NO,Unavailable / not offered,NO,NO,NO,YES,N/A,N/A,Not listed publicly,None - do not list on public index; if reached by URL show Unavailable + Explore Products,None,N/A,docs/production-completion/catalog/catalog-reconciliation.json (EXP-092),no canonical offering (intake or legacy identity); price pending_approval
intake:EXP-093,BPC-157,Capsule — 500 mcg,September intake / legacy (no canonical family),seth_recommended_retail candidate $99.00 (pending_approval); live Product Control member price not inspected by this lane,NO,Unavailable / not offered,NO,NO,NO,YES,N/A,N/A,Not listed publicly,None - do not list on public index; if reached by URL show Unavailable + Explore Products,None,N/A,docs/production-completion/catalog/catalog-reconciliation.json (EXP-093),no canonical offering (intake or legacy identity); price pending_approval
intake:EXP-094,BPC-157 / KPV,Capsule — 500/500 mcg,September intake / legacy (no canonical family),seth_recommended_retail candidate $129.00 (pending_approval); live Product Control member price not inspected by this lane,NO,Unavailable / not offered,NO,NO,NO,YES,N/A,N/A,Not listed publicly,None - do not list on public index; if reached by URL show Unavailable + Explore Products,None,N/A,docs/production-completion/catalog/catalog-reconciliation.json (EXP-094),no canonical offering (intake or legacy identity); price pending_approval
intake:EXP-095,BPC-157 / TB-500,Capsule — 500/500 mcg,September intake / legacy (no canonical family),seth_recommended_retail candidate $139.00 (pending_approval); live Product Control member price not inspected by this lane,NO,Unavailable / not offered,NO,NO,NO,YES,N/A,N/A,Not listed publicly,None - do not list on public index; if reached by URL show Unavailable + Explore Products,None,N/A,docs/production-completion/catalog/catalog-reconciliation.json (EXP-095),no canonical offering (intake or legacy identity); price pending_approval
intake:EXP-096,AOD-9604 (per capsule price),Troche — 300 mcg,September intake / legacy (no canonical family),seth_recommended_retail candidate $4.00 (pending_approval); live Product Control member price not inspected by this lane,NO,Unavailable / not offered,NO,NO,NO,YES,N/A,N/A,Not listed publicly,None - do not list on public index; if reached by URL show Unavailable + Explore Products,None,N/A,docs/production-completion/catalog/catalog-reconciliation.json (EXP-096),no canonical offering (intake or legacy identity); price pending_approval
intake:EXP-097,Dihexa (per capsule price),Capsule — 5 mg,September intake / legacy (no canonical family),seth_recommended_retail candidate $4.00 (pending_approval); live Product Control member price not inspected by this lane,NO,Unavailable / not offered,NO,NO,NO,YES,N/A,N/A,Not listed publicly,None - do not list on public index; if reached by URL show Unavailable + Explore Products,None,N/A,docs/production-completion/catalog/catalog-reconciliation.json (EXP-097),no canonical offering (intake or legacy identity); price pending_approval
intake:EXP-098,Dihexa (per capsule price),Capsule — 25 mg,September intake / legacy (no canonical family),seth_recommended_retail candidate $7.00 (pending_approval); live Product Control member price not inspected by this lane,NO,Unavailable / not offered,NO,NO,NO,YES,N/A,N/A,Not listed publicly,None - do not list on public index; if reached by URL show Unavailable + Explore Products,None,N/A,docs/production-completion/catalog/catalog-reconciliation.json (EXP-098),no canonical offering (intake or legacy identity); price pending_approval
intake:EXP-099,Ibutamoren (per capsule price),Capsule — 12.5 mg,September intake / legacy (no canonical family),seth_recommended_retail candidate $2.00 (pending_approval); live Product Control member price not inspected by this lane,NO,Unavailable / not offered,NO,NO,NO,YES,N/A,N/A,Not listed publicly,None - do not list on public index; if reached by URL show Unavailable + Explore Products,None,N/A,docs/production-completion/catalog/catalog-reconciliation.json (EXP-099),no canonical offering (intake or legacy identity); price pending_approval
intake:EXP-100,Ibutamoren,Capsule — 25 mg,September intake / legacy (no canonical family),seth_recommended_retail candidate $129.00 (pending_approval); live Product Control member price not inspected by this lane,NO,Unavailable / not offered,NO,NO,NO,YES,N/A,N/A,Not listed publicly,None - do not list on public index; if reached by URL show Unavailable + Explore Products,None,N/A,docs/production-completion/catalog/catalog-reconciliation.json (EXP-100),no canonical offering (intake or legacy identity); price pending_approval
intake:EXP-101,Larazotide (per capsule price),Capsule — 250 mcg,September intake / legacy (no canonical family),seth_recommended_retail candidate $4.00 (pending_approval); live Product Control member price not inspected by this lane,NO,Unavailable / not offered,NO,NO,NO,YES,N/A,N/A,Not listed publicly,None - do not list on public index; if reached by URL show Unavailable + Explore Products,None,N/A,docs/production-completion/catalog/catalog-reconciliation.json (EXP-101),no canonical offering (intake or legacy identity); price pending_approval
intake:EXP-102,Larazotide (per capsule price),Capsule — 500 mcg,September intake / legacy (no canonical family),seth_recommended_retail candidate $5.50 (pending_approval); live Product Control member price not inspected by this lane,NO,Unavailable / not offered,NO,NO,NO,YES,N/A,N/A,Not listed publicly,None - do not list on public index; if reached by URL show Unavailable + Explore Products,None,N/A,docs/production-completion/catalog/catalog-reconciliation.json (EXP-102),no canonical offering (intake or legacy identity); price pending_approval
intake:EXP-103,Larazotide / KPV (per capsule price),Capsule — 500/500 mcg,September intake / legacy (no canonical family),seth_recommended_retail candidate $6.50 (pending_approval); live Product Control member price not inspected by this lane,NO,Unavailable / not offered,NO,NO,NO,YES,N/A,N/A,Not listed publicly,None - do not list on public index; if reached by URL show Unavailable + Explore Products,None,N/A,docs/production-completion/catalog/catalog-reconciliation.json (EXP-103),no canonical offering (intake or legacy identity); price pending_approval
intake:EXP-104,SLU-PP-332,Capsule — 250 mcg,September intake / legacy (no canonical family),seth_recommended_retail candidate $2.00 (pending_approval); live Product Control member price not inspected by this lane,NO,Unavailable / not offered,NO,NO,NO,YES,N/A,N/A,Not listed publicly,None - do not list on public index; if reached by URL show Unavailable + Explore Products,None,N/A,docs/production-completion/catalog/catalog-reconciliation.json (EXP-104),no canonical offering (intake or legacy identity); price pending_approval
intake:EXP-105,SLU-PP-332 / BAM15,Capsule — 100 mcg / 15 mg,September intake / legacy (no canonical family),seth_recommended_retail candidate $2.50 (pending_approval); live Product Control member price not inspected by this lane,NO,Unavailable / not offered,NO,NO,NO,YES,N/A,N/A,Not listed publicly,None - do not list on public index; if reached by URL show Unavailable + Explore Products,None,N/A,docs/production-completion/catalog/catalog-reconciliation.json (EXP-105),no canonical offering (intake or legacy identity); price pending_approval
intake:EXP-106,GHK-Cu,Topical — 50 mg,September intake / legacy (no canonical family),seth_recommended_retail candidate $119.00 (pending_approval); live Product Control member price not inspected by this lane,NO,Unavailable / not offered,NO,NO,NO,YES,N/A,N/A,Not listed publicly,None - do not list on public index; if reached by URL show Unavailable + Explore Products,None,N/A,docs/production-completion/catalog/catalog-reconciliation.json (EXP-106),no canonical offering (intake or legacy identity); price pending_approval
intake:EXP-107,EXOSOMES,Topical — 30mL,September intake / legacy (no canonical family),seth_recommended_retail candidate $249.00 (pending_approval); live Product Control member price not inspected by this lane,NO,Unavailable / not offered,NO,NO,NO,YES,N/A,N/A,Not listed publicly,None - do not list on public index; if reached by URL show Unavailable + Explore Products,None,N/A,docs/production-completion/catalog/catalog-reconciliation.json (EXP-107),no canonical offering (intake or legacy identity); price pending_approval
intake:XRUO-007,Retatrutide,60 mg,September intake / legacy (no canonical family),seth_recommended_retail candidate $449.00 (pending_approval); live Product Control member price not inspected by this lane,NO,Unavailable / not offered,NO,NO,NO,YES,N/A,N/A,Not listed publicly,None - do not list on public index; if reached by URL show Unavailable + Explore Products,None,N/A,docs/production-completion/catalog/catalog-reconciliation.json (XRUO-007),no canonical offering (intake or legacy identity); price pending_approval
intake:XRUO-009,BPC-157 + TB-500,10 mg total (5 mg + 5 mg assumed),September intake / legacy (no canonical family),seth_recommended_retail candidate $89.00 (pending_approval); live Product Control member price not inspected by this lane,NO,Unavailable / not offered,NO,NO,NO,YES,N/A,N/A,Not listed publicly,None - do not list on public index; if reached by URL show Unavailable + Explore Products,None,N/A,docs/production-completion/catalog/catalog-reconciliation.json (XRUO-009),no canonical offering (intake or legacy identity); price pending_approval
intake:XRUO-010,BPC-157 + TB-500,20 mg total (10 mg + 10 mg assumed),September intake / legacy (no canonical family),seth_recommended_retail candidate $119.00 (pending_approval); live Product Control member price not inspected by this lane,NO,Unavailable / not offered,NO,NO,NO,YES,N/A,N/A,Not listed publicly,None - do not list on public index; if reached by URL show Unavailable + Explore Products,None,N/A,docs/production-completion/catalog/catalog-reconciliation.json (XRUO-010),no canonical offering (intake or legacy identity); price pending_approval
intake:XRUO-013,CJC-1295 + Ipamorelin,"10 mg total, No DAC (5 mg + 5 mg assumed)",September intake / legacy (no canonical family),seth_recommended_retail candidate $119.00 (pending_approval); live Product Control member price not inspected by this lane,NO,Unavailable / not offered,NO,NO,NO,YES,N/A,N/A,Not listed publicly,None - do not list on public index; if reached by URL show Unavailable + Explore Products,None,N/A,docs/production-completion/catalog/catalog-reconciliation.json (XRUO-013),no canonical offering (intake or legacy identity); price pending_approval
intake:XRUO-014,CJC-1295 + Ipamorelin,5 mg with DAC (exact split pending),September intake / legacy (no canonical family),seth_recommended_retail candidate $129.00 (pending_approval); live Product Control member price not inspected by this lane,NO,Unavailable / not offered,NO,NO,NO,YES,N/A,N/A,Not listed publicly,None - do not list on public index; if reached by URL show Unavailable + Explore Products,None,N/A,docs/production-completion/catalog/catalog-reconciliation.json (XRUO-014),no canonical offering (intake or legacy identity); price pending_approval
intake:XRUO-024,MOTS-C,40 mg,September intake / legacy (no canonical family),seth_recommended_retail candidate $159.00 (pending_approval); live Product Control member price not inspected by this lane,NO,Unavailable / not offered,NO,NO,NO,YES,N/A,N/A,Not listed publicly,None - do not list on public index; if reached by URL show Unavailable + Explore Products,None,N/A,docs/production-completion/catalog/catalog-reconciliation.json (XRUO-024),no canonical offering (intake or legacy identity); price pending_approval
intake:XRUO-025,GLOW,70 mg (BPC-157 10 + TB-500 10 + GHK-Cu 50 assumed),September intake / legacy (no canonical family),seth_recommended_retail candidate $189.00 (pending_approval); live Product Control member price not inspected by this lane,NO,Unavailable / not offered,NO,NO,NO,YES,N/A,N/A,Not listed publicly,None - do not list on public index; if reached by URL show Unavailable + Explore Products,None,N/A,docs/production-completion/catalog/catalog-reconciliation.json (XRUO-025),no canonical offering (intake or legacy identity); price pending_approval
intake:XRUO-026,Glutathione,600 mg,September intake / legacy (no canonical family),seth_recommended_retail candidate $89.00 (pending_approval); live Product Control member price not inspected by this lane,NO,Unavailable / not offered,NO,NO,NO,YES,N/A,N/A,Not listed publicly,None - do not list on public index; if reached by URL show Unavailable + Explore Products,None,N/A,docs/production-completion/catalog/catalog-reconciliation.json (XRUO-026),no canonical offering (intake or legacy identity); price pending_approval
intake:XRUO-035,Kisspeptin-10,10 mg,September intake / legacy (no canonical family),seth_recommended_retail candidate $89.00 (pending_approval); live Product Control member price not inspected by this lane,NO,Unavailable / not offered,NO,NO,NO,YES,N/A,N/A,Not listed publicly,None - do not list on public index; if reached by URL show Unavailable + Explore Products,None,N/A,docs/production-completion/catalog/catalog-reconciliation.json (XRUO-035),no canonical offering (intake or legacy identity); price pending_approval
intake:XRUO-039,KLOW,80 mg (BPC-157 10 + TB-500 10 + GHK-Cu 50 + KPV 10 assumed),September intake / legacy (no canonical family),seth_recommended_retail candidate $199.00 (pending_approval); live Product Control member price not inspected by this lane,NO,Unavailable / not offered,NO,NO,NO,YES,N/A,N/A,Not listed publicly,None - do not list on public index; if reached by URL show Unavailable + Explore Products,None,N/A,docs/production-completion/catalog/catalog-reconciliation.json (XRUO-039),no canonical offering (intake or legacy identity); price pending_approval
OFFER-CARE-REQUEST,Care request,"Nonclinical routing request (name, contact, state, category)",Care,None (free to request),YES - 'No cost to request' (C-020 ops verify),Open when live availability check passes,YES,NO,NO,NO,No,Clinician decides after secure handoff,Start Care request -> /care/schedule,Start Care,Human review queue /admin/research/care-requests,N/A,server/care/manual-access.ts,Response window 'one business day' unverified (C-012)
OFFER-CSCS-FOUNDATIONS-PLAN,First-Month Foundations Plan,Coaching plan; optional continuation,Program,Public copy states $30/month; no commerce authority found,"NO until verified (D-05, C-015)",Unverified,Adjacent,NO,NO,NO,Unknown,NO,Mentioned on /care,Remove until Samuel confirms offer + fulfillment,None found,N/A,client/src/care/CarePublicPages.tsx:155-160,No product/price authority backs the $30 claim
OFFER-RESEARCH-MEMBERSHIP,Research membership,$50 activation + $25/30 days (copy),Membership,Copy only; billing disabled; founding activation retired,NO,Retired/closed,NO,NO,NO,YES,Yes,NO,Member pages copy,Remove membership price copy,N/A,N/A,MemberArea.tsx:88; PROVIDER_READINESS.md,Stale price copy on member pages (CUX-19)
OFFER-BUYER-SCOPED-PRICING,Buyer-specific volume pricing,Configured per entitled buyer,Pricing config,XENIOS_BUYER_SCOPED_PRICING,NO (never public),Entitled buyer only,NO,YES,YES,NO,Yes,NO,N/A,N/A - never shown publicly,Product Control,Same as product,server/research/early-access/commerce/buyer-scoped-pricing.ts,Must not leak into public pages
OFFER-PRACTICE-REFERRAL,Practice referral relationship (Model A),Referral link/code + attribution + commission reporting,Practice,Commission schedule draft (20% first / 7.5% or 15% repeat - conflicting),NO numbers publicly until D-07,Program dark (AFFILIATE_PROGRAM_ENABLED off; Referral V1 off),Separate,YES (client orders),YES,NO,Client: optional; Practice: workspace after approval,NO,Send an inquiry (/research/partners),For Practices -> Apply,Affiliate ledgers (dark),N/A,shared/research/affiliate-program/config.ts; server/research/affiliates/v2/draft-schedule.ts,Rate conflict; SQL bindings not applied; payout provider absent
OFFER-PRACTICE-WORKSPACE,Practice / organization workspace (Model B),"Org profile, staff roles, reporting",Practice,N/A,N/A,Server API mounted; tables NOT applied; pages NOT mounted,Separate,N/A,N/A,N/A,Yes (approved org),NO,None,Sign In (approved practices) - 'coming soon' state until mounted,Account identity (Pack 02),N/A,server/research/account-identity/*,research_organizations table name collision (CUX-17)
OFFER-WHOLESALE-INVENTORY,In-clinic inventory / wholesale (Model D),Practice keeps product on hand,Practice,Price book has 5+/10+ tiers (internal),NO,Not offered,NO,NO,NO,YES,N/A,Requires legal/pharmacy review,None,"Submit Inquiry (labelled 'under review, not available today')",None,N/A,Compass meeting 2026-09-25; FOUNDER_PRICE_BOOK tiers,"Legal, licensing, storage, pharmacy review (D-11)"
OFFER-PREMIXED-VIALS,Premixed / pre-dosed formats,Requested by Compass,Format,None,NO,Not offered,Care only if ever,NO,NO,YES,N/A,YES,None,None - do not mention publicly,Pharmacy only,N/A,Compass meeting next steps,Samuel researching feasibility; pharmacy/regulatory question (Q-11)
OFFER-PROVIDER-ORDER-FULFILLMENT,Fulfilling an existing outside provider order,Client arrives with another provider's order,Care/pharmacy,None,NO,Unverified,Would be Care/pharmacy,NO,NO,N/A,N/A,Pharmacy/prescription rules,None,None until counsel/pharmacy approve,Pharmacy,N/A,Compass transcript 00:14:31,Stated as 'easily' done in meeting; requires counsel (Q-10)
OFFER-TRAINING-PROGRAMS,Training / nutrition programs alongside products,Programs by partner coaches,Program (Model E),None,NO,Not live,NO,NO,NO,YES,N/A,NO,None,Not in launch IA (D-14),None,N/A,Compass transcript 00:12:17,Future marketplace scope
OFFER-COACH-WORKSPACE,Coach AI workspace (Infinity),Founding cohort waitlist,Software,None,N/A,Waitlist,NO,NO,NO,NO,No,NO,Request Early Access -> /waitlist,"Join Waitlist (on /workspace, not root)",N/A,N/A,client/src/pages/Home.tsx,Currently occupies root homepage (CUX-01)
