
[1m[30m[46m RUN [49m[39m[22m [36mv4.1.10 [39m[90m/workspace[39m

 [32m✓[39m server/research/membership-activation/routes.test.ts [2m([22m[2m50 tests[22m[2m)[22m[33m 1669[2mms[22m[39m
 [32m✓[39m server/release-control-plane.test.ts [2m([22m[2m52 tests[22m[2m | [22m[33m1 skipped[39m[2m)[22m[33m 23487[2mms[22m[39m
     [33m[2m✓[22m[39m verifies the checked-in canonical migration checksums [33m 561[2mms[22m[39m
     [33m[2m✓[22m[39m hashes canonical raw Git blobs and rejects newline-normalized bytes [33m 550[2mms[22m[39m
     [33m[2m✓[22m[39m rejects a canonical source pin that is not in release HEAD ancestry [33m 580[2mms[22m[39m
     [33m[2m✓[22m[39m fails closed when a pinned migration source is unavailable [33m 583[2mms[22m[39m
     [33m[2m✓[22m[39m binds a distinct managed migration path to the reviewed source blob [33m 572[2mms[22m[39m
     [33m[2m✓[22m[39m covers every current Express API call site and finite registration [33m 2454[2mms[22m[39m
     [33m[2m✓[22m[39m accepts the internally consistent checked-in production snapshot [33m 17897[2mms[22m[39m
 [32m✓[39m server/research/commerce/production-wiring.test.ts [2m([22m[2m68 tests[22m[2m)[22m[32m 92[2mms[22m[39m
 [32m✓[39m server/research/commerce/acceptance.test.ts [2m([22m[2m53 tests[22m[2m)[22m[33m 451[2mms[22m[39m
 [32m✓[39m server/research/commerce/manual-order-payments.test.ts [2m([22m[2m45 tests[22m[2m)[22m[32m 108[2mms[22m[39m
[90mstdout[2m | server/research/members.test.ts[2m > [22m[2maccount claiming[2m > [22m[2maccepts a legacy pre-purpose token during the transition window
[22m[39m[research members] claimed for application 7e3617bc-9858-4fda-b3fa-39269bf31a77

[90mstdout[2m | server/research/members.test.ts[2m > [22m[2maccount claiming[2m > [22m[2mclaims an approved application: confirmed auth user + member row + confirmation email
[22m[39m[research members] claimed for application a0147944-18be-4441-bb21-ec6419b93ee0

[90mstderr[2m | server/research/members.test.ts[2m > [22m[2maccount claiming[2m > [22m[2mcleans up the orphan auth user when the member insert fails
[22m[39m[research members] member insert failed: connection reset

[90mstdout[2m | server/research/members.test.ts[2m > [22m[2maccount claiming[2m > [22m[2mcleans up the orphan auth user when the member insert fails
[22m[39m[research members] claimed for application 66846e74-e218-4369-83e5-1944f4d7d869

[90mstdout[2m | server/research/members.test.ts[2m > [22m[2maccount claiming[2m > [22m[2mheals a stranded claim: auth user exists, member row missing
[22m[39m[research members] stranded claim completed for application 39bc4c96-133e-4533-bb82-634b4aa02daf

[90mstdout[2m | server/research/members.test.ts[2m > [22m[2maccount claiming[2m > [22m[2mheals a stranded claim when the auth user sits beyond the first listUsers page
[22m[39m[research members] stranded claim completed for application b466f2c4-5cff-4e7e-8fd1-ce3babfd7850

[90mstdout[2m | server/research/members.test.ts[2m > [22m[2maccount claiming[2m > [22m[2mtreats a concurrent duplicate member insert as success
[22m[39m[research members] concurrent claim resolved for application fc8a0d9b-de66-4b51-972c-ad5e4746d408

[90mstderr[2m | server/research/members.test.ts[2m > [22m[2mmember session guard[2m > [22m[2m401 without a bearer token, 401 with a bad one
[22m[39m[research members] auth verification rejected: token_rejected

 [32m✓[39m server/research/members.test.ts [2m([22m[2m52 tests[22m[2m)[22m[33m 333[2mms[22m[39m
 [32m✓[39m server/research/commerce/checkout.test.ts [2m([22m[2m65 tests[22m[2m)[22m[32m 52[2mms[22m[39m
 [32m✓[39m server/research/providers/payout.test.ts [2m([22m[2m103 tests[22m[2m)[22m[32m 61[2mms[22m[39m
 [32m✓[39m server/care/clinical-write-gate.adversarial.test.ts [2m([22m[2m102 tests[22m[2m)[22m[33m 450[2mms[22m[39m
 [32m✓[39m server/research/blueprint.test.ts [2m([22m[2m38 tests[22m[2m)[22m[32m 218[2mms[22m[39m
 [32m✓[39m server/research/early-access/commerce/money-correctness.test.ts [2m([22m[2m79 tests[22m[2m)[22m[33m 1244[2mms[22m[39m
     [33m[2m✓[22m[39m never rounds a discount up, across the whole supported price range [33m 1185[2mms[22m[39m
 [2m[90m↓[39m[22m server/research/early-access/persistence/early-access-durable-commerce.pg.test.ts [2m([22m[2m21 tests[22m[2m | [22m[33m21 skipped[39m[2m)[22m
 [32m✓[39m server/research/commerce/routes.test.ts [2m([22m[2m70 tests[22m[2m)[22m[32m 33[2mms[22m[39m
 [32m✓[39m server/research/commerce/subscriptions.test.ts [2m([22m[2m77 tests[22m[2m)[22m[32m 52[2mms[22m[39m
[90mstderr[2m | server/research/questions.test.ts[2m > [22m[2mPOST /api/admin/research/questions/:questionId/answer[2m > [22m[2ma notification failure never un-answers the question
[22m[39m[questions] answer notification failed: the mail transport is down

[90mstderr[2m | server/research/questions.test.ts[2m > [22m[2mPOST /api/research/telegram/webhook[2m > [22m[2mrefuses a missing or wrong secret before anything is read
[22m[39m[questions] telegram webhook refused (UNVERIFIED).

[90mstderr[2m | server/research/questions.test.ts[2m > [22m[2mPOST /api/research/telegram/webhook[2m > [22m[2mrefuses a missing or wrong secret before anything is read
[22m[39m[questions] telegram webhook refused (UNVERIFIED).

[90mstderr[2m | server/research/questions.test.ts[2m > [22m[2mPOST /api/research/telegram/webhook[2m > [22m[2mspends a valid token exactly once and records the chat
[22m[39m[questions] telegram link attempt denied (replayed token).

[90mstderr[2m | server/research/questions.test.ts[2m > [22m[2mPOST /api/research/telegram/webhook[2m > [22m[2mdenies an expired token
[22m[39m[questions] telegram link attempt denied (expired token).

[90mstderr[2m | server/research/questions.test.ts[2m > [22m[2mPOST /api/research/telegram/webhook[2m > [22m[2mdenies a revoked token
[22m[39m[questions] telegram link attempt denied (revoked token).

[90mstderr[2m | server/research/questions.test.ts[2m > [22m[2mPOST /api/research/telegram/webhook[2m > [22m[2mdenies an unknown token in the same words as a spent one
[22m[39m[questions] telegram link attempt denied (unknown token).

[90mstderr[2m | server/research/questions.test.ts[2m > [22m[2mPOST /api/research/telegram/webhook[2m > [22m[2mignores a message from a chat that is not linked
[22m[39m[questions] telegram message from an unlinked chat was ignored.

[90mstderr[2m | server/research/questions.test.ts[2m > [22m[2mPOST /api/research/telegram/webhook[2m > [22m[2mignores a message from a REVOKED chat
[22m[39m[questions] telegram message from an unlinked chat was ignored.

[90mstderr[2m | server/research/questions.test.ts[2m > [22m[2moutbound Telegram content[2m > [22m[2mrefuses to transmit any forbidden class, whoever asks
[22m[39m[telegram] outbound refused; forbidden classes: password

[90mstderr[2m | server/research/questions.test.ts[2m > [22m[2moutbound Telegram content[2m > [22m[2mrefuses to transmit any forbidden class, whoever asks
[22m[39m[telegram] outbound refused; forbidden classes: reset or verification token

[90mstderr[2m | server/research/questions.test.ts[2m > [22m[2moutbound Telegram content[2m > [22m[2mrefuses to transmit any forbidden class, whoever asks
[22m[39m[telegram] outbound refused; forbidden classes: reset or verification token

[90mstderr[2m | server/research/questions.test.ts[2m > [22m[2moutbound Telegram content[2m > [22m[2mrefuses to transmit any forbidden class, whoever asks
[22m[39m[telegram] outbound refused; forbidden classes: payment data, long digit run

[90mstderr[2m | server/research/questions.test.ts[2m > [22m[2moutbound Telegram content[2m > [22m[2mrefuses to transmit any forbidden class, whoever asks
[22m[39m[telegram] outbound refused; forbidden classes: identity document

[90mstderr[2m | server/research/questions.test.ts[2m > [22m[2moutbound Telegram content[2m > [22m[2mrefuses to transmit any forbidden class, whoever asks
[22m[39m[telegram] outbound refused; forbidden classes: assessment or health answer

[90mstderr[2m | server/research/questions.test.ts[2m > [22m[2moutbound Telegram content[2m > [22m[2mrefuses to transmit any forbidden class, whoever asks
[22m[39m[telegram] outbound refused; forbidden classes: private media

[90mstderr[2m | server/research/questions.test.ts[2m > [22m[2moutbound Telegram content[2m > [22m[2mrefuses to transmit any forbidden class, whoever asks
[22m[39m[telegram] outbound refused; forbidden classes: sensitive document

[90mstderr[2m | server/research/questions.test.ts[2m > [22m[2moutbound Telegram content[2m > [22m[2mrefuses to transmit any forbidden class, whoever asks
[22m[39m[telegram] outbound refused; forbidden classes: long digit run

[90mstderr[2m | server/research/questions.test.ts[2m > [22m[2moutbound Telegram content[2m > [22m[2mrefuses anything longer than a notice, because Telegram carries pointers and not content
[22m[39m[telegram] outbound refused; forbidden classes: longer than a notice

 [32m✓[39m server/research/questions.test.ts [2m([22m[2m46 tests[22m[2m)[22m[32m 280[2mms[22m[39m
Not implemented: Window's scrollTo() method
Not implemented: Window's scrollTo() method
Not implemented: Window's scrollTo() method
Not implemented: Window's scrollTo() method
Not implemented: Window's scrollTo() method
Not implemented: Window's scrollTo() method
Not implemented: Window's scrollTo() method
Not implemented: Window's scrollTo() method
Not implemented: Window's scrollTo() method
Not implemented: Window's scrollTo() method
Not implemented: Window's scrollTo() method
Not implemented: Window's scrollTo() method
Not implemented: Window's scrollTo() method
Not implemented: Window's scrollTo() method
Not implemented: Window's scrollTo() method
Not implemented: Window's scrollTo() method
Not implemented: Window's scrollTo() method
Not implemented: Window's scrollTo() method
Not implemented: Window's scrollTo() method
 [32m✓[39m client/src/research/assisted-order/AssistedOrderPage.test.tsx [2m([22m[2m30 tests[22m[2m)[22m[33m 9970[2mms[22m[39m
     [33m[2m✓[22m[39m keeps Care products out of the research request path [33m 372[2mms[22m[39m
     [33m[2m✓[22m[39m offers four structured Action groups and composes them with search and Family [33m 1164[2mms[22m[39m
     [33m[2m✓[22m[39m hides stale cards while a new filter loads and aborts the obsolete request [33m 802[2mms[22m[39m
     [33m[2m✓[22m[39m shows a customer-safe retry state without leaking a raw catalog error [33m 563[2mms[22m[39m
     [33m[2m✓[22m[39m announces a filter-specific empty state and provides an accessible clear action [33m 559[2mms[22m[39m
     [33m[2m✓[22m[39m labels pending products Request Order without changing their request-only mode [33m 307[2mms[22m[39m
     [33m[2m✓[22m[39m marks the current wizard step and disables unavailable future steps [33m 306[2mms[22m[39m
     [33m[2m✓[22m[39m removes a selected row if a fresh catalog response makes it held [33m 552[2mms[22m[39m
     [33m[2m✓[22m[39m does not expose a raw acknowledgment configuration failure [33m 338[2mms[22m[39m
     [33m[2m✓[22m[39m does not expose a raw submission failure [33m 373[2mms[22m[39m
     [33m[2m✓[22m[39m maps missing durable agreement standing to fixed customer-safe copy [33m 365[2mms[22m[39m
     [33m[2m✓[22m[39m submits the full request with server-published acknowledgments and a durable idempotency key [33m 372[2mms[22m[39m
     [33m[2m✓[22m[39m does not report a server-accepted request as failed when receipt storage is unavailable [33m 355[2mms[22m[39m
     [33m[2m✓[22m[39m omits the RUO confirmation when no RUO line is selected [33m 337[2mms[22m[39m
     [33m[2m✓[22m[39m replays a retry after failure with the SAME idempotency key [33m 379[2mms[22m[39m
     [33m[2m✓[22m[39m restores the basket and idempotency key from the draft after a session bounce [33m 583[2mms[22m[39m
     [33m[2m✓[22m[39m re-resolves current server values when the submission hits price drift [33m 356[2mms[22m[39m
     [33m[2m✓[22m[39m does not report a server-accepted request as failed when the sessionStorage getter is denied [33m 351[2mms[22m[39m
 [32m✓[39m server/research/documents.test.ts [2m([22m[2m42 tests[22m[2m)[22m[32m 185[2mms[22m[39m
 [32m✓[39m server/research/providers/payment.test.ts [2m([22m[2m138 tests[22m[2m)[22m[32m 50[2mms[22m[39m
[90mstderr[2m | server/research/media.test.ts[2m > [22m[2mDELETE /api/research/media/:mediaId[2m > [22m[2mstill deletes with the capability off, because a member can always delete
[22m[39m[media] object delete refused by the provider; the pointer is retained for a retry sweep.

[90mstderr[2m | server/research/media.test.ts[2m > [22m[2mwave 3+4 review regressions[2m > [22m[2mclears the pointer only when storage confirms the object is gone
[22m[39m[media] object delete refused by the provider; the pointer is retained for a retry sweep.

[90mstderr[2m | server/research/media.test.ts[2m > [22m[2mwave 3+4 review regressions[2m > [22m[2mquarantines an unclean upload without losing the object when storage refuses
[22m[39m[media] quarantine delete refused by storage; the object is retained for retry and access is closed.

 [32m✓[39m server/research/media.test.ts [2m([22m[2m50 tests[22m[2m)[22m[32m 152[2mms[22m[39m
 [32m✓[39m client/src/research/account-portal/views/account-portal.test.tsx [2m([22m[2m76 tests[22m[2m)[22m[33m 432[2mms[22m[39m
 [32m✓[39m shared/research/catalog/peptide-catalog.test.ts [2m([22m[2m64 tests[22m[2m)[22m[32m 133[2mms[22m[39m
 [32m✓[39m server/research/early-access/private-access-routes.test.ts [2m([22m[2m37 tests[22m[2m)[22m[32m 109[2mms[22m[39m
 [32m✓[39m server/research/membership-activation/esign/native.test.ts [2m([22m[2m28 tests[22m[2m)[22m[32m 107[2mms[22m[39m
 [32m✓[39m server/research/plans.test.ts [2m([22m[2m34 tests[22m[2m)[22m[32m 266[2mms[22m[39m
 [32m✓[39m server/research/assessment.test.ts [2m([22m[2m41 tests[22m[2m)[22m[32m 157[2mms[22m[39m
[90mstderr[2m | server/research/sla.test.ts[2m > [22m[2midempotency[2m > [22m[2mkeeps the claim and RETRIES delivery when the provider refuses, without a second claim
[22m[39m[sla] Infinity refused an at_risk event (PROVIDER_ERROR); it stays queued.

[90mstderr[2m | server/research/sla.test.ts[2m > [22m[2midempotency[2m > [22m[2mkeeps the claim and RETRIES delivery when the provider refuses, without a second claim
[22m[39m[sla] Infinity refused an at_risk event (PROVIDER_ERROR); it stays queued.

[90mstderr[2m | server/research/sla.test.ts[2m > [22m[2mslaSummaryForAdmin[2m > [22m[2mreports claims Infinity has refused so far
[22m[39m[sla] Infinity refused an breached event (PROVIDER_ERROR); it stays queued.

 [32m✓[39m server/research/sla.test.ts [2m([22m[2m35 tests[22m[2m)[22m[32m 68[2mms[22m[39m
 [32m✓[39m server/research/commerce/order-payment-fulfillment.test.ts [2m([22m[2m14 tests[22m[2m)[22m[32m 36[2mms[22m[39m
 [32m✓[39m server/research/early-access/orders/member-order-history.test.ts [2m([22m[2m35 tests[22m[2m)[22m[32m 33[2mms[22m[39m
 [32m✓[39m server/research/account-access-wall.test.ts [2m([22m[2m218 tests[22m[2m)[22m[33m 765[2mms[22m[39m
[90mstderr[2m | server/research/early-access/cart/supplier-authority.test.ts[2m > [22m[2mG: a genuinely routed unit is sold, and the same unit can be quoted[2m > [22m[2ma routed unit is purchasable on the shelf and quotable in the cart
[22m[39m[early-access] Private Early Access is using the in-memory session store. This is for tests and local development only and does not survive a restart.

[90mstderr[2m | server/research/early-access/cart/supplier-authority.test.ts[2m > [22m[2mG: a genuinely routed unit is sold, and the same unit can be quoted[2m > [22m[2mAOD-9604 specifically, while it remains on the shelf as purchasable
[22m[39m[early-access] Private Early Access is using the in-memory session store. This is for tests and local development only and does not survive a restart.

[90mstderr[2m | server/research/early-access/cart/supplier-authority.test.ts[2m > [22m[2mA and C: losing the supplier route withdraws the unit from every door[2m > [22m[2mthe shelf holds it, prices it at nothing, and the cart refuses the line
[22m[39m[early-access] Private Early Access is using the in-memory session store. This is for tests and local development only and does not survive a restart.

[90mstderr[2m | server/research/early-access/cart/supplier-authority.test.ts[2m > [22m[2mA and C: losing the supplier route withdraws the unit from every door[2m > [22m[2mno quote means no checkout: an unroutable unit cannot become an order
[22m[39m[early-access] Private Early Access is using the in-memory session store. This is for tests and local development only and does not survive a restart.

[90mstderr[2m | server/research/early-access/cart/supplier-authority.test.ts[2m > [22m[2mA and C: losing the supplier route withdraws the unit from every door[2m > [22m[2ma cart of two lines refuses ONLY the unroutable one, and still creates nothing
[22m[39m[early-access] Private Early Access is using the in-memory session store. This is for tests and local development only and does not survive a restart.

[90mstderr[2m | server/research/early-access/cart/supplier-authority.test.ts[2m > [22m[2mB: catalogue, quote and checkout consult the SAME authority[2m > [22m[2mthe catalogue asks the mounted directory, and so does the quote
[22m[39m[early-access] Private Early Access is using the in-memory session store. This is for tests and local development only and does not survive a restart.

[90mstderr[2m | server/research/early-access/cart/supplier-authority.test.ts[2m > [22m[2mE: a malformed supplier identifier cannot manufacture a route[2m > [22m[2ma blank supplier id withdraws the unit and refuses the line
[22m[39m[early-access] Private Early Access is using the in-memory session store. This is for tests and local development only and does not survive a restart.

[90mstderr[2m | server/research/early-access/cart/supplier-authority.test.ts[2m > [22m[2mE: a malformed supplier identifier cannot manufacture a route[2m > [22m[2ma blank supplier sku withdraws the unit and refuses the line
[22m[39m[early-access] Private Early Access is using the in-memory session store. This is for tests and local development only and does not survive a restart.

[90mstderr[2m | server/research/early-access/cart/supplier-authority.test.ts[2m > [22m[2mE: a malformed supplier identifier cannot manufacture a route[2m > [22m[2mwhitespace in the supplier id withdraws the unit and refuses the line
[22m[39m[early-access] Private Early Access is using the in-memory session store. This is for tests and local development only and does not survive a restart.

[90mstderr[2m | server/research/early-access/cart/supplier-authority.test.ts[2m > [22m[2mE: a malformed supplier identifier cannot manufacture a route[2m > [22m[2ma newline in the supplier sku withdraws the unit and refuses the line
[22m[39m[early-access] Private Early Access is using the in-memory session store. This is for tests and local development only and does not survive a restart.

[90mstderr[2m | server/research/early-access/cart/supplier-authority.test.ts[2m > [22m[2mE: a malformed supplier identifier cannot manufacture a route[2m > [22m[2ma control character withdraws the unit and refuses the line
[22m[39m[early-access] Private Early Access is using the in-memory session store. This is for tests and local development only and does not survive a restart.

[90mstderr[2m | server/research/early-access/cart/supplier-authority.test.ts[2m > [22m[2mE: a malformed supplier identifier cannot manufacture a route[2m > [22m[2man absurdly long identifier withdraws the unit and refuses the line
[22m[39m[early-access] Private Early Access is using the in-memory session store. This is for tests and local development only and does not survive a restart.

[90mstderr[2m | server/research/early-access/cart/supplier-authority.test.ts[2m > [22m[2mF: an expired supplier confirmation fails closed[2m > [22m[2ma lapsed confirmation withdraws the unit rather than selling it
[22m[39m[early-access] Private Early Access is using the in-memory session store. This is for tests and local development only and does not survive a restart.

[90mstderr[2m | server/research/early-access/cart/supplier-authority.test.ts[2m > [22m[2mF: an expired supplier confirmation fails closed[2m > [22m[2mevery unit lapsing empties the shelf of offers rather than selling them all
[22m[39m[early-access] Private Early Access is using the in-memory session store. This is for tests and local development only and does not survive a restart.

[90mstderr[2m | server/research/early-access/cart/supplier-authority.test.ts[2m > [22m[2mD: a founder release cannot waive the supplier requirement[2m > [22m[2mthe ledger refuses a release that tries to waive it
[22m[39m[early-access] Private Early Access is using the in-memory session store. This is for tests and local development only and does not survive a restart.

[90mstderr[2m | server/research/early-access/cart/supplier-authority.test.ts[2m > [22m[2mD: a founder release cannot waive the supplier requirement[2m > [22m[2man APPROVED release and an approved PRICE still do not put an unroutable unit on the shelf
[22m[39m[early-access] Private Early Access is using the in-memory session store. This is for tests and local development only and does not survive a restart.

[90mstderr[2m | server/research/early-access/cart/supplier-authority.test.ts[2m > [22m[2mgate 2 in isolation: the quote refuses even when the shelf did not[2m > [22m[2mwith NO supplier authority mounted at all, the cart still refuses
[22m[39m[early-access] Private Early Access is using the in-memory session store. This is for tests and local development only and does not survive a restart.

[90mstderr[2m | server/research/early-access/cart/supplier-authority.test.ts[2m > [22m[2mthe shelf stays internally consistent under supplier truth[2m > [22m[2mevery purchasable unit has a price and every held unit has none
[22m[39m[early-access] Private Early Access is using the in-memory session store. This is for tests and local development only and does not survive a restart.

 [32m✓[39m server/research/early-access/cart/supplier-authority.test.ts [2m([22m[2m28 tests[22m[2m)[22m[33m 1611[2mms[22m[39m
 [32m✓[39m server/research/providers/shipping.test.ts [2m([22m[2m66 tests[22m[2m)[22m[32m 34[2mms[22m[39m
 [32m✓[39m client/src/research/pages/member/cart-checkout.test.tsx [2m([22m[2m26 tests[22m[2m)[22m[33m 1015[2mms[22m[39m
 [32m✓[39m server/research/early-access/release/product-control-init.test.ts [2m([22m[2m33 tests[22m[2m)[22m[33m 409[2mms[22m[39m
 [32m✓[39m server/research/assisted-order/http-e2e.test.ts [2m([22m[2m10 tests[22m[2m)[22m[32m 132[2mms[22m[39m
 [32m✓[39m server/research/seo/raw-http-document-policy.test.ts [2m([22m[2m23 tests[22m[2m)[22m[32m 59[2mms[22m[39m
[90mstderr[2m | server/research/early-access/cart/cart-settlement-adversarial.test.ts[2m > [22m[2mexternal proof is evidence, not payment[2m > [22m[2mrecording off-platform proof leaves the cart UNPAID, unreceipted and unreleased
[22m[39m[early-access] Private Early Access is using the in-memory session store. This is for tests and local development only and does not survive a restart.

[90mstderr[2m | server/research/early-access/cart/cart-settlement-adversarial.test.ts[2m > [22m[2monly a NAMED admin may settle[2m > [22m[2ma blank identity is refused on both admin doors, and settles nothing
[22m[39m[early-access] Private Early Access is using the in-memory session store. This is for tests and local development only and does not survive a restart.

[90mstderr[2m | server/research/early-access/cart/cart-settlement-adversarial.test.ts[2m > [22m[2monly a NAMED admin may settle[2m > [22m[2man admin whose email the guard blanked out cannot settle 'as someone'
[22m[39m[early-access] Private Early Access is using the in-memory session store. This is for tests and local development only and does not survive a restart.

[90mstderr[2m | server/research/early-access/cart/cart-settlement-adversarial.test.ts[2m > [22m[2mone named confirmation, one settlement, one receipt, every child released[2m > [22m[2msettles a MIXED-supplier cart: one payment, separate supplier release groups
[22m[39m[early-access] Private Early Access is using the in-memory session store. This is for tests and local development only and does not survive a restart.

[90mstderr[2m | server/research/early-access/cart/cart-settlement-adversarial.test.ts[2m > [22m[2mone named confirmation, one settlement, one receipt, every child released[2m > [22m[2ma RETRY is the same settlement: no second receipt, no duplicate child release
[22m[39m[early-access] Private Early Access is using the in-memory session store. This is for tests and local development only and does not survive a restart.

[90mstderr[2m | server/research/early-access/cart/cart-settlement-adversarial.test.ts[2m > [22m[2mone named confirmation, one settlement, one receipt, every child released[2m > [22m[2mignores a client-supplied amount and settles only the durable invoice total
[22m[39m[early-access] Private Early Access is using the in-memory session store. This is for tests and local development only and does not survive a restart.

[90mstderr[2m | server/research/early-access/cart/cart-settlement-adversarial.test.ts[2m > [22m[2mone named confirmation, one settlement, one receipt, every child released[2m > [22m[2mrefuses a settlement whose evidence was never recorded
[22m[39m[early-access] Private Early Access is using the in-memory session store. This is for tests and local development only and does not survive a restart.

[90mstderr[2m | server/research/early-access/cart/cart-settlement-adversarial.test.ts[2m > [22m[2mF2: an UNATTRIBUTED cart settlement emits ZERO affiliate commission events[2m > [22m[2ma complete quote, checkout, proof and settlement records no commission event of any kind
[22m[39m[early-access] Private Early Access is using the in-memory session store. This is for tests and local development only and does not survive a restart.

[90mstderr[2m | server/research/early-access/cart/cart-settlement-adversarial.test.ts[2m > [22m[2ma checkout that cannot commit leaves NOTHING behind[2m > [22m[2ma durable store that FAILS mid-commit yields an unavailable answer, never a hung request or a partial cart
[22m[39m[early-access] Private Early Access is using the in-memory session store. This is for tests and local development only and does not survive a restart.

 [32m✓[39m server/research/early-access/cart/cart-settlement-adversarial.test.ts [2m([22m[2m13 tests[22m[2m)[22m[33m 492[2mms[22m[39m
 [32m✓[39m shared/research/catalog/brand-catalog.test.ts [2m([22m[2m52 tests[22m[2m)[22m[33m 418[2mms[22m[39m
 [32m✓[39m server/research/early-access/cart/quantity-band.test.ts [2m([22m[2m28 tests[22m[2m)[22m[32m 29[2mms[22m[39m
 [32m✓[39m server/research/commerce/webhooks.test.ts [2m([22m[2m35 tests[22m[2m)[22m[32m 22[2mms[22m[39m
[90mstderr[2m | server/research/early-access/routes/session-code-checkout.test.ts[2m > [22m[2mthe code-session identity, through the real registration[2m > [22m[2mderives a distinct opaque eac_ identity per session, ignoring any body-supplied identity
[22m[39m[early-access] Private Early Access is using the in-memory session store. This is for tests and local development only and does not survive a restart.

[90mstderr[2m | server/research/early-access/routes/session-code-checkout.test.ts[2m > [22m[2mthe code-session identity, through the real registration[2m > [22m[2mkeeps the same identity for the same live session across a process restart
[22m[39m[early-access] Private Early Access is using the in-memory session store. This is for tests and local development only and does not survive a restart.

[90mstderr[2m | server/research/early-access/routes/session-code-checkout.test.ts[2m > [22m[2mthe code-session identity, through the real registration[2m > [22m[2mkeeps the same identity for the same live session across a process restart
[22m[39m[early-access] Private Early Access is using the in-memory session store. This is for tests and local development only and does not survive a restart.

[90mstderr[2m | server/research/early-access/routes/session-code-checkout.test.ts[2m > [22m[2mthe code-session identity, through the real registration[2m > [22m[2mrefuses an unauthenticated caller outright
[22m[39m[early-access] Private Early Access is using the in-memory session store. This is for tests and local development only and does not survive a restart.

[90mstderr[2m | server/research/early-access/routes/session-code-checkout.test.ts[2m > [22m[2mthe code-session identity, through the real registration[2m > [22m[2mkeeps the legacy verified-link path in charge when the switch is off
[22m[39m[early-access] Private Early Access is using the in-memory session store. This is for tests and local development only and does not survive a restart.

[90mstderr[2m | server/research/early-access/routes/session-code-checkout.test.ts[2m > [22m[2mcontact is a hard gate at placement[2m > [22m[2mrefuses a placement whose contact is absent, durably writing nothing
[22m[39m[early-access] Private Early Access is using the in-memory session store. This is for tests and local development only and does not survive a restart.

[90mstderr[2m | server/research/early-access/routes/session-code-checkout.test.ts[2m > [22m[2mcontact is a hard gate at placement[2m > [22m[2mrefuses a placement whose contact is empty object, durably writing nothing
[22m[39m[early-access] Private Early Access is using the in-memory session store. This is for tests and local development only and does not survive a restart.

[90mstderr[2m | server/research/early-access/routes/session-code-checkout.test.ts[2m > [22m[2mcontact is a hard gate at placement[2m > [22m[2mrefuses a placement whose contact is bad email, durably writing nothing
[22m[39m[early-access] Private Early Access is using the in-memory session store. This is for tests and local development only and does not survive a restart.

[90mstderr[2m | server/research/early-access/routes/session-code-checkout.test.ts[2m > [22m[2mcontact is a hard gate at placement[2m > [22m[2mrefuses a placement whose contact is bad phone, durably writing nothing
[22m[39m[early-access] Private Early Access is using the in-memory session store. This is for tests and local development only and does not survive a restart.

[90mstderr[2m | server/research/early-access/routes/session-code-checkout.test.ts[2m > [22m[2mcontact is a hard gate at placement[2m > [22m[2mcontact is data, never authorization: it cannot substitute for a session
[22m[39m[early-access] Private Early Access is using the in-memory session store. This is for tests and local development only and does not survive a restart.

[90mstderr[2m | server/research/early-access/routes/session-code-checkout.test.ts[2m > [22m[2mmoney and idempotency under the code-session identity[2m > [22m[2manswers one cent wrong with PRICE_CHANGED and writes nothing durable
[22m[39m[early-access] Private Early Access is using the in-memory session store. This is for tests and local development only and does not survive a restart.

[90mstderr[2m | server/research/early-access/routes/session-code-checkout.test.ts[2m > [22m[2mmoney and idempotency under the code-session identity[2m > [22m[2mreplays the same key for the same request, and refuses the same key for a changed one
[22m[39m[early-access] Private Early Access is using the in-memory session store. This is for tests and local development only and does not survive a restart.

[90mstderr[2m | server/research/early-access/routes/session-code-checkout.test.ts[2m > [22m[2mmoney and idempotency under the code-session identity[2m > [22m[2mtreats a changed address or contact under the same key as a conflict, never a silent replay
[22m[39m[early-access] Private Early Access is using the in-memory session store. This is for tests and local development only and does not survive a restart.

[90mstderr[2m | server/research/early-access/routes/session-code-checkout.test.ts[2m > [22m[2mmoney and idempotency under the code-session identity[2m > [22m[2ma second SESSION replaying the same key is a conflict, never a leak
[22m[39m[early-access] Private Early Access is using the in-memory session store. This is for tests and local development only and does not survive a restart.

[90mstderr[2m | server/research/early-access/routes/session-code-checkout.test.ts[2m > [22m[2mcustomer continuity: the session may rotate, the customer may not[2m > [22m[2missues the continuity credential once, and keeps the same customer through session renewal and code re-entry
[22m[39m[early-access] Private Early Access is using the in-memory session store. This is for tests and local development only and does not survive a restart.

[90mstderr[2m | server/research/early-access/routes/session-code-checkout.test.ts[2m > [22m[2mcustomer continuity: the session may rotate, the customer may not[2m > [22m[2mkeeps a pending-attempt retry replaying the SAME order across a session renewal
[22m[39m[early-access] Private Early Access is using the in-memory session store. This is for tests and local development only and does not survive a restart.

[90mstderr[2m | server/research/early-access/routes/session-code-checkout.test.ts[2m > [22m[2mcustomer continuity: the session may rotate, the customer may not[2m > [22m[2ma later verified identity KEEPS access to the order placed before verification
[22m[39m[early-access] Private Early Access is using the in-memory session store. This is for tests and local development only and does not survive a restart.

[90mstderr[2m | server/research/early-access/routes/session-code-checkout.test.ts[2m > [22m[2mcustomer continuity: the session may rotate, the customer may not[2m > [22m[2msign-out severs continuity: the next customer on this machine is somebody new
[22m[39m[early-access] Private Early Access is using the in-memory session store. This is for tests and local development only and does not survive a restart.

[90mstderr[2m | server/research/early-access/routes/session-code-checkout.test.ts[2m > [22m[2mcustomer continuity: the session may rotate, the customer may not[2m > [22m[2ma forged or cleared continuity credential fails closed to a fresh identity
[22m[39m[early-access] Private Early Access is using the in-memory session store. This is for tests and local development only and does not survive a restart.

[90mstderr[2m | server/research/early-access/routes/session-code-checkout.test.ts[2m > [22m[2mcustomer continuity: the session may rotate, the customer may not[2m > [22m[2ma self-minted credential is worthless: two sessions presenting the same forged token still cannot share orders
[22m[39m[early-access] Private Early Access is using the in-memory session store. This is for tests and local development only and does not survive a restart.

[90mstderr[2m | server/research/early-access/routes/session-code-checkout.test.ts[2m > [22m[2mcustomer continuity: the session may rotate, the customer may not[2m > [22m[2mtwo browsers on the same shared code still get isolated owners with continuity on
[22m[39m[early-access] Private Early Access is using the in-memory session store. This is for tests and local development only and does not survive a restart.

[90mstderr[2m | server/research/early-access/routes/session-code-checkout.test.ts[2m > [22m[2magreement standing is per derived identity, with no verification token anywhere[2m > [22m[2mrecords A's acceptance for A alone, while B remains unaccepted
[22m[39m[early-access] Private Early Access is using the in-memory session store. This is for tests and local development only and does not survive a restart.

 [32m✓[39m server/research/early-access/routes/session-code-checkout.test.ts [2m([22m[2m21 tests[22m[2m)[22m[33m 1420[2mms[22m[39m
[90mstderr[2m | server/research/early-access/routes/order-routes.test.ts[2m > [22m[2mplacing an Early Access order[2m > [22m[2mprices, discounts, invoices and returns the order, all server side
[22m[39m[early-access] Private Early Access is using the in-memory session store. This is for tests and local development only and does not survive a restart.

[90mstderr[2m | server/research/early-access/routes/order-routes.test.ts[2m > [22m[2mplacing an Early Access order[2m > [22m[2manswers with no-store private headers
[22m[39m[early-access] Private Early Access is using the in-memory session store. This is for tests and local development only and does not survive a restart.

[90mstderr[2m | server/research/early-access/routes/order-routes.test.ts[2m > [22m[2mplacing an Early Access order[2m > [22m[2mignores a price, a total and a referral code the client tries to send
[22m[39m[early-access] Private Early Access is using the in-memory session store. This is for tests and local development only and does not survive a restart.

[90mstderr[2m | server/research/early-access/routes/order-routes.test.ts[2m > [22m[2mplacing an Early Access order[2m > [22m[2mreplays one idempotency key instead of placing a second order
[22m[39m[early-access] Private Early Access is using the in-memory session store. This is for tests and local development only and does not survive a restart.

[90mstderr[2m | server/research/early-access/routes/order-routes.test.ts[2m > [22m[2mplacing an Early Access order[2m > [22m[2mrefuses one key reused for a different order
[22m[39m[early-access] Private Early Access is using the in-memory session store. This is for tests and local development only and does not survive a restart.

[90mstderr[2m | server/research/early-access/routes/order-routes.test.ts[2m > [22m[2mthe refusal vocabulary, in the order the checks run[2m > [22m[2mSESSION_REQUIRED without a live Early Access session
[22m[39m[early-access] Private Early Access is using the in-memory session store. This is for tests and local development only and does not survive a restart.

[90mstderr[2m | server/research/early-access/routes/order-routes.test.ts[2m > [22m[2mthe refusal vocabulary, in the order the checks run[2m > [22m[2mSESSION_REQUIRED for a forged cookie, even with an identity on file
[22m[39m[early-access] Private Early Access is using the in-memory session store. This is for tests and local development only and does not survive a restart.

[90mstderr[2m | server/research/early-access/routes/order-routes.test.ts[2m > [22m[2mthe refusal vocabulary, in the order the checks run[2m > [22m[2mIDENTITY_REQUIRED when the session is live but nobody is behind it
[22m[39m[early-access] Private Early Access is using the in-memory session store. This is for tests and local development only and does not survive a restart.

[90mstderr[2m | server/research/early-access/routes/order-routes.test.ts[2m > [22m[2mthe refusal vocabulary, in the order the checks run[2m > [22m[2mAGREEMENT_REQUIRED when the customer has not accepted what they must
[22m[39m[early-access] Private Early Access is using the in-memory session store. This is for tests and local development only and does not survive a restart.

[90mstderr[2m | server/research/early-access/routes/order-routes.test.ts[2m > [22m[2mthe refusal vocabulary, in the order the checks run[2m > [22m[2mPRODUCT_HELD for a unit Product Control holds on its contents
[22m[39m[early-access] Private Early Access is using the in-memory session store. This is for tests and local development only and does not survive a restart.

[90mstderr[2m | server/research/early-access/routes/order-routes.test.ts[2m > [22m[2mthe refusal vocabulary, in the order the checks run[2m > [22m[2mPRODUCT_HELD for a unit that is not in the catalog at all
[22m[39m[early-access] Private Early Access is using the in-memory session store. This is for tests and local development only and does not survive a restart.

[90mstderr[2m | server/research/early-access/routes/order-routes.test.ts[2m > [22m[2mthe refusal vocabulary, in the order the checks run[2m > [22m[2mRELEASE_REQUIRED when no founder has approved the unit
[22m[39m[early-access] Private Early Access is using the in-memory session store. This is for tests and local development only and does not survive a restart.

[90mstderr[2m | server/research/early-access/routes/order-routes.test.ts[2m > [22m[2mthe refusal vocabulary, in the order the checks run[2m > [22m[2mRELEASE_STALE when the product changed after the founder approved it
[22m[39m[early-access] Private Early Access is using the in-memory session store. This is for tests and local development only and does not survive a restart.

[90mstderr[2m | server/research/early-access/routes/order-routes.test.ts[2m > [22m[2mthe refusal vocabulary, in the order the checks run[2m > [22m[2mRELEASE_REVOKED after the founder pulls the unit
[22m[39m[early-access] Private Early Access is using the in-memory session store. This is for tests and local development only and does not survive a restart.

[90mstderr[2m | server/research/early-access/routes/order-routes.test.ts[2m > [22m[2mthe refusal vocabulary, in the order the checks run[2m > [22m[2mPRICE_CHANGED when the customer echoes a price the server no longer holds
[22m[39m[early-access] Private Early Access is using the in-memory session store. This is for tests and local development only and does not survive a restart.

[90mstderr[2m | server/research/early-access/routes/order-routes.test.ts[2m > [22m[2mthe refusal vocabulary, in the order the checks run[2m > [22m[2mQUANTITY_EXCEEDED above the portal ceiling
[22m[39m[early-access] Private Early Access is using the in-memory session store. This is for tests and local development only and does not survive a restart.

[90mstderr[2m | server/research/early-access/routes/order-routes.test.ts[2m > [22m[2mthe refusal vocabulary, in the order the checks run[2m > [22m[2mQUANTITY_EXCEEDED above the per-unit supply cap Product Control recorded
[22m[39m[early-access] Private Early Access is using the in-memory session store. This is for tests and local development only and does not survive a restart.

[90mstderr[2m | server/research/early-access/routes/order-routes.test.ts[2m > [22m[2mthe refusal vocabulary, in the order the checks run[2m > [22m[2mSUPPLIER_UNAVAILABLE when no supplier is assigned to the unit
[22m[39m[early-access] Private Early Access is using the in-memory session store. This is for tests and local development only and does not survive a restart.

[90mstderr[2m | server/research/early-access/routes/order-routes.test.ts[2m > [22m[2mthe refusal vocabulary, in the order the checks run[2m > [22m[2mSHIPPING_UNAVAILABLE when xenios does not serve the destination
[22m[39m[early-access] Private Early Access is using the in-memory session store. This is for tests and local development only and does not survive a restart.

[90mstderr[2m | server/research/early-access/routes/order-routes.test.ts[2m > [22m[2mthe refusal vocabulary, in the order the checks run[2m > [22m[2mREQUEST_INVALID for a malformed shipping destination
[22m[39m[early-access] Private Early Access is using the in-memory session store. This is for tests and local development only and does not survive a restart.

[90mstderr[2m | server/research/early-access/routes/order-routes.test.ts[2m > [22m[2mnothing persists unless everything persists[2m > [22m[2mleaves no order behind when the placement is refused
[22m[39m[early-access] Private Early Access is using the in-memory session store. This is for tests and local development only and does not survive a restart.

[90mstderr[2m | server/research/early-access/routes/order-routes.test.ts[2m > [22m[2mnothing persists unless everything persists[2m > [22m[2mcommits the order and its invoice together, never one without the other
[22m[39m[early-access] Private Early Access is using the in-memory session store. This is for tests and local development only and does not survive a restart.

[90mstderr[2m | server/research/early-access/routes/order-routes.test.ts[2m > [22m[2mnothing persists unless everything persists[2m > [22m[2mtwo concurrent placements under one key produce ONE order
[22m[39m[early-access] Private Early Access is using the in-memory session store. This is for tests and local development only and does not survive a restart.

[90mstderr[2m | server/research/early-access/routes/order-routes.test.ts[2m > [22m[2mreading an order back[2m > [22m[2mreturns the owner's own order
[22m[39m[early-access] Private Early Access is using the in-memory session store. This is for tests and local development only and does not survive a restart.

[90mstderr[2m | server/research/early-access/routes/order-routes.test.ts[2m > [22m[2mreading an order back[2m > [22m[2mreturns the owner's own invoice
[22m[39m[early-access] Private Early Access is using the in-memory session store. This is for tests and local development only and does not survive a restart.

[90mstderr[2m | server/research/early-access/routes/order-routes.test.ts[2m > [22m[2mreading an order back[2m > [22m[2mREFUSES a second signed-in customer reading the first customer's order
[22m[39m[early-access] Private Early Access is using the in-memory session store. This is for tests and local development only and does not survive a restart.

[90mstderr[2m | server/research/early-access/routes/order-routes.test.ts[2m > [22m[2mreading an order back[2m > [22m[2mrefuses a lookup with no session at all
[22m[39m[early-access] Private Early Access is using the in-memory session store. This is for tests and local development only and does not survive a restart.

[90mstderr[2m | server/research/early-access/routes/order-routes.test.ts[2m > [22m[2mreading an order back[2m > [22m[2mexposes no sequential internal id anywhere in the response
[22m[39m[early-access] Private Early Access is using the in-memory session store. This is for tests and local development only and does not survive a restart.

[90mstderr[2m | server/research/early-access/routes/order-routes.test.ts[2m > [22m[2msubmitting payment proof[2m > [22m[2maccepts the metadata and leaves the order UNPAID
[22m[39m[early-access] Private Early Access is using the in-memory session store. This is for tests and local development only and does not survive a restart.

[90mstderr[2m | server/research/early-access/routes/order-routes.test.ts[2m > [22m[2msubmitting payment proof[2m > [22m[2mstores the digest and an opaque storage handle, never a URL
[22m[39m[early-access] Private Early Access is using the in-memory session store. This is for tests and local development only and does not survive a restart.

[90mstderr[2m | server/research/early-access/routes/order-routes.test.ts[2m > [22m[2msubmitting payment proof[2m > [22m[2mrefuses a request that tries to hand the handler bytes
[22m[39m[early-access] Private Early Access is using the in-memory session store. This is for tests and local development only and does not survive a restart.

[90mstderr[2m | server/research/early-access/routes/order-routes.test.ts[2m > [22m[2msubmitting payment proof[2m > [22m[2mrequires the declared type and the extension to agree
[22m[39m[early-access] Private Early Access is using the in-memory session store. This is for tests and local development only and does not survive a restart.

[90mstderr[2m | server/research/early-access/routes/order-routes.test.ts[2m > [22m[2msubmitting payment proof[2m > [22m[2maccepts jpg, jpeg, png and pdf
[22m[39m[early-access] Private Early Access is using the in-memory session store. This is for tests and local development only and does not survive a restart.

[90mstderr[2m | server/research/early-access/routes/order-routes.test.ts[2m > [22m[2msubmitting payment proof[2m > [22m[2maccepts jpg, jpeg, png and pdf
[22m[39m[early-access] Private Early Access is using the in-memory session store. This is for tests and local development only and does not survive a restart.

[90mstderr[2m | server/research/early-access/routes/order-routes.test.ts[2m > [22m[2msubmitting payment proof[2m > [22m[2maccepts jpg, jpeg, png and pdf
[22m[39m[early-access] Private Early Access is using the in-memory session store. This is for tests and local development only and does not survive a restart.

[90mstderr[2m | server/research/early-access/routes/order-routes.test.ts[2m > [22m[2msubmitting payment proof[2m > [22m[2maccepts jpg, jpeg, png and pdf
[22m[39m[early-access] Private Early Access is using the in-memory session store. This is for tests and local development only and does not survive a restart.

[90mstderr[2m | server/research/early-access/routes/order-routes.test.ts[2m > [22m[2msubmitting payment proof[2m > [22m[2maccepts a webp screenshot end to end, the gap the route once had
[22m[39m[early-access] Private Early Access is using the in-memory session store. This is for tests and local development only and does not survive a restart.

[90mstderr[2m | server/research/early-access/routes/order-routes.test.ts[2m > [22m[2msubmitting payment proof[2m > [22m[2menforces the size ceiling
[22m[39m[early-access] Private Early Access is using the in-memory session store. This is for tests and local development only and does not survive a restart.

[90mstderr[2m | server/research/early-access/routes/order-routes.test.ts[2m > [22m[2msubmitting payment proof[2m > [22m[2mrefuses a malformed digest
[22m[39m[early-access] Private Early Access is using the in-memory session store. This is for tests and local development only and does not survive a restart.

[90mstderr[2m | server/research/early-access/routes/order-routes.test.ts[2m > [22m[2msubmitting payment proof[2m > [22m[2mREFUSES a second customer attaching proof to somebody else's order
[22m[39m[early-access] Private Early Access is using the in-memory session store. This is for tests and local development only and does not survive a restart.

[90mstderr[2m | server/research/early-access/routes/order-routes.test.ts[2m > [22m[2msubmitting payment proof[2m > [22m[2mchains a replacement proof and keeps the order under review
[22m[39m[early-access] Private Early Access is using the in-memory session store. This is for tests and local development only and does not survive a restart.

 [32m✓[39m server/research/early-access/routes/order-routes.test.ts [2m([22m[2m38 tests[22m[2m)[22m[33m 2444[2mms[22m[39m
 [32m✓[39m server/research/early-access/commerce/order-service.test.ts [2m([22m[2m44 tests[22m[2m)[22m[33m 1188[2mms[22m[39m
     [33m[2m✓[22m[39m does not drift across the whole supported price range [33m 1149[2mms[22m[39m
 [32m✓[39m server/research/tracker.test.ts [2m([22m[2m22 tests[22m[2m)[22m[33m 308[2mms[22m[39m
 [32m✓[39m client/src/research/pages/activation-page.test.tsx [2m([22m[2m17 tests[22m[2m)[22m[33m 701[2mms[22m[39m
 [32m✓[39m server/research/referrals.test.ts [2m([22m[2m23 tests[22m[2m)[22m[32m 25[2mms[22m[39m
 [32m✓[39m server/research/admin-data-exchange/product-control-csv.test.ts [2m([22m[2m42 tests[22m[2m)[22m[32m 79[2mms[22m[39m
 [32m✓[39m server/research/product-requests-routes.test.ts [2m([22m[2m12 tests[22m[2m)[22m[32m 151[2mms[22m[39m
 [32m✓[39m server/research/catalog-display/routes.test.ts [2m([22m[2m29 tests[22m[2m)[22m[32m 169[2mms[22m[39m
[90mstderr[2m | server/research/access-architecture.test.ts[2m > [22m[2man authenticated member bypasses the shared password on member endpoints only[2m > [22m[2mstill rejects a junk bearer token on activation status
[22m[39m[research members] auth verification rejected: token_rejected

[90mstderr[2m | server/research/access-architecture.test.ts[2m > [22m[2man authenticated member bypasses the shared password on member endpoints only[2m > [22m[2malias invalid bearer: the member-guard denial carries the private headers
[22m[39m[research members] auth verification rejected: token_rejected

[90mstderr[2m | server/research/access-architecture.test.ts[2m > [22m[2man authenticated member bypasses the shared password on member endpoints only[2m > [22m[2mterminates production orders before parser/rawBody capture while preserving member authentication
[22m[39m[research members] auth verification rejected: token_rejected

[90mstderr[2m | server/research/access-architecture.test.ts[2m > [22m[2man authenticated member bypasses the shared password on member endpoints only[2m > [22m[2mcatalog with a junk bearer token is refused (the bypass still verifies)
[22m[39m[research members] auth verification rejected: token_rejected

 [32m✓[39m server/research/access-architecture.test.ts [2m([22m[2m24 tests[22m[2m)[22m[32m 192[2mms[22m[39m
[90mstdout[2m | server/research/membership.test.ts[2m > [22m[2mduplicate email privacy[2m > [22m[2mreturns the identical generic response for new and duplicate submissions, with no token or status
[22m[39m[research membership] application submitted b3bf032d-3324-49ad-a1fb-d3499aa8bde8

[90mstdout[2m | server/research/membership.test.ts[2m > [22m[2mlegitimate verified resubmission[2m > [22m[2ma valid token on an application awaiting information updates it and transitions to resubmitted
[22m[39m[research membership] application resubmitted 7a32b1ff-bf06-473a-87da-3ab1888f718d

[90mstdout[2m | server/research/membership.test.ts[2m > [22m[2mlegitimate verified resubmission[2m > [22m[2ma LATER resubmission cycle notifies again (event keys are bucketed, not permanent)
[22m[39m[research membership] application resubmitted 53dc657a-e7cd-489d-bc92-41ce6270bc8d

[90mstdout[2m | server/research/membership.test.ts[2m > [22m[2mlegitimate verified resubmission[2m > [22m[2ma LATER resubmission cycle notifies again (event keys are bucketed, not permanent)
[22m[39m[research membership] application resubmitted 53dc657a-e7cd-489d-bc92-41ce6270bc8d

 [32m✓[39m server/research/membership.test.ts [2m([22m[2m21 tests[22m[2m)[22m[32m 282[2mms[22m[39m
 [32m✓[39m server/research/member-session-wall.test.ts [2m([22m[2m217 tests[22m[2m)[22m[33m 1060[2mms[22m[39m
 [32m✓[39m server/research/admin-crm-supplier-operations/service.test.ts [2m([22m[2m28 tests[22m[2m)[22m[32m 45[2mms[22m[39m
 [32m✓[39m server/research/commerce/order-payment-fulfillment-persistence.test.ts [2m([22m[2m10 tests[22m[2m)[22m[32m 39[2mms[22m[39m
 [32m✓[39m server/research/commerce/refunds.test.ts [2m([22m[2m58 tests[22m[2m)[22m[32m 34[2mms[22m[39m
 [32m✓[39m server/research/pricing/routes.test.ts [2m([22m[2m37 tests[22m[2m)[22m[32m 183[2mms[22m[39m
 [32m✓[39m server/research/products-diagnostics/variant-strength-write-gate-sql.test.ts [2m([22m[2m32 tests[22m[2m | [22m[33m1 skipped[39m[2m)[22m[32m 29[2mms[22m[39m
 [32m✓[39m server/research/commerce/orders.test.ts [2m([22m[2m43 tests[22m[2m)[22m[32m 35[2mms[22m[39m
 [32m✓[39m server/research/inventory-admin/production.test.ts [2m([22m[2m36 tests[22m[2m)[22m[32m 34[2mms[22m[39m
 [32m✓[39m server/research/providers/fulfillment.test.ts [2m([22m[2m56 tests[22m[2m)[22m[32m 37[2mms[22m[39m
 [32m✓[39m server/research/partners/commissions.test.ts [2m([22m[2m41 tests[22m[2m)[22m[32m 35[2mms[22m[39m
 [32m✓[39m server/research/partners/partners.test.ts [2m([22m[2m33 tests[22m[2m)[22m[32m 36[2mms[22m[39m
 [32m✓[39m server/research/pricing/price-decision-import.test.ts [2m([22m[2m69 tests[22m[2m)[22m[33m 438[2mms[22m[39m
     [33m[2m✓[22m[39m smoke: spawning node on a fixture file dry-runs and refuses --live [33m 407[2mms[22m[39m
 [32m✓[39m server/research/early-access/private-access-route.test.ts [2m([22m[2m47 tests[22m[2m)[22m[32m 55[2mms[22m[39m
 [32m✓[39m server/research/pricing/checkout-recompute.test.ts [2m([22m[2m20 tests[22m[2m)[22m[32m 20[2mms[22m[39m
[90mstderr[2m | server/research/early-access/b2-b3-composition.test.ts[2m > [22m[2mthe registration mounts each door only when its durable port exists[2m > [22m[2mwith NO ports: the settlement POST exists and the three new doors do not
[22m[39m[early-access] Private Early Access is using the in-memory session store. This is for tests and local development only and does not survive a restart.

[90mstderr[2m | server/research/early-access/b2-b3-composition.test.ts[2m > [22m[2mthe registration mounts each door only when its durable port exists[2m > [22m[2mwith every port: GET review, POST fulfilment and POST sweep are mounted
[22m[39m[early-access] Private Early Access is using the in-memory session store. This is for tests and local development only and does not survive a restart.

[90mstderr[2m | server/research/early-access/b2-b3-composition.test.ts[2m > [22m[2mthe registration mounts each door only when its durable port exists[2m > [22m[2mregisters the LITERAL sweep path BEFORE the parameterized admin cart routes
[22m[39m[early-access] Private Early Access is using the in-memory session store. This is for tests and local development only and does not survive a restart.

[90mstderr[2m | server/research/early-access/b2-b3-composition.test.ts[2m > [22m[2mthe registration mounts each door only when its durable port exists[2m > [22m[2mmounts each path EXACTLY ONCE per method, whatever the ports
[22m[39m[early-access] Private Early Access is using the in-memory session store. This is for tests and local development only and does not survive a restart.

[90mstderr[2m | server/research/early-access/b2-b3-composition.test.ts[2m > [22m[2mthe registration mounts each door only when its durable port exists[2m > [22m[2mthe SLA monitor and the shipment door stay mounted when the CART IS OFF
[22m[39m[early-access] Private Early Access is using the in-memory session store. This is for tests and local development only and does not survive a restart.

[90mstderr[2m | server/research/early-access/b2-b3-composition.test.ts[2m > [22m[2mthe registration mounts each door only when its durable port exists[2m > [22m[2mwith the cart OFF and no durable ports, neither new door exists
[22m[39m[early-access] Private Early Access is using the in-memory session store. This is for tests and local development only and does not survive a restart.

[90mstderr[2m | server/research/early-access/b2-b3-composition.test.ts[2m > [22m[2mthe registration mounts each door only when its durable port exists[2m > [22m[2mthe sweep door answers counters and cannot be reached without the admin guard's actor
[22m[39m[early-access] Private Early Access is using the in-memory session store. This is for tests and local development only and does not survive a restart.

[90mstderr[2m | server/research/early-access/b2-b3-composition.test.ts[2m > [22m[2mthe registration mounts each door only when its durable port exists[2m > [22m[2mthe GET review answers the projection, and never a supplier or internal fact
[22m[39m[early-access] Private Early Access is using the in-memory session store. This is for tests and local development only and does not survive a restart.

 [32m✓[39m server/research/early-access/b2-b3-composition.test.ts [2m([22m[2m21 tests[22m[2m)[22m[32m 271[2mms[22m[39m
 [32m✓[39m server/research/partners/organizations.test.ts [2m([22m[2m30 tests[22m[2m)[22m[32m 26[2mms[22m[39m
[90mstdout[2m | server/research/outbox.test.ts[2m > [22m[2madmin outbox endpoints[2m > [22m[2mtest email: sends only to a configured admin address
[22m[39m[outbox] test email to admin address requested by admin

 [32m✓[39m server/research/outbox.test.ts [2m([22m[2m24 tests[22m[2m)[22m[32m 88[2mms[22m[39m
 [32m✓[39m server/research/master-offerings/early-access-catalog-coverage.test.ts [2m([22m[2m12 tests[22m[2m)[22m[33m 4476[2mms[22m[39m
     [33m[2m✓[22m[39m re-resolves EVERY row at submit time to exactly what the catalog showed [33m 4101[2mms[22m[39m
 [32m✓[39m server/research/commerce/cart.test.ts [2m([22m[2m34 tests[22m[2m)[22m[32m 24[2mms[22m[39m
 [32m✓[39m server/critical-endpoint-diff.test.ts [2m([22m[2m34 tests[22m[2m)[22m[32m 254[2mms[22m[39m
 [32m✓[39m server/care/clinical-route-coverage.test.ts [2m([22m[2m39 tests[22m[2m)[22m[32m 127[2mms[22m[39m
 [32m✓[39m server/research/admin-queues.test.ts [2m([22m[2m36 tests[22m[2m)[22m[33m 366[2mms[22m[39m
 [32m✓[39m server/care/clinical-write-gate.test.ts [2m([22m[2m23 tests[22m[2m)[22m[32m 209[2mms[22m[39m
 [32m✓[39m server/research/customer-account/orders-projection.test.ts [2m([22m[2m46 tests[22m[2m)[22m[32m 32[2mms[22m[39m
 [32m✓[39m server/research/products-diagnostics/variant-strength-write-gate.test.ts [2m([22m[2m24 tests[22m[2m)[22m[32m 68[2mms[22m[39m
 [32m✓[39m server/research/agreements.test.ts [2m([22m[2m15 tests[22m[2m)[22m[32m 133[2mms[22m[39m
 [32m✓[39m server/care/tebra-scheduling.test.ts [2m([22m[2m68 tests[22m[2m)[22m[32m 39[2mms[22m[39m
 [32m✓[39m server/research/commerce/cart-product-selection.test.ts [2m([22m[2m16 tests[22m[2m)[22m[32m 34[2mms[22m[39m
 [32m✓[39m server/research/pricing/cart-price-binding.test.ts [2m([22m[2m18 tests[22m[2m)[22m[32m 22[2mms[22m[39m
 [32m✓[39m server/research/partners/member-linkage.test.ts [2m([22m[2m16 tests[22m[2m)[22m[32m 29[2mms[22m[39m
 [32m✓[39m server/research/launch/manual-order-submit-negatives.test.ts [2m([22m[2m17 tests[22m[2m)[22m[32m 24[2mms[22m[39m
 [32m✓[39m shared/research/evidence.test.ts [2m([22m[2m42 tests[22m[2m)[22m[32m 30[2mms[22m[39m
 [32m✓[39m server/research/partners/portal.test.ts [2m([22m[2m29 tests[22m[2m)[22m[32m 21[2mms[22m[39m
 [32m✓[39m server/research/master-offerings/pathway-authority.test.ts [2m([22m[2m25 tests[22m[2m)[22m[32m 72[2mms[22m[39m
 [32m✓[39m server/research/evidence/guides.test.ts [2m([22m[2m24 tests[22m[2m)[22m[32m 27[2mms[22m[39m
[90mstderr[2m | server/research/early-access-wall.test.ts[2m > [22m[2mthe research wall lets Private Early Access reach its own gate[2m > [22m[2mGET /api/research/early-access/session is answered by its own handler, not by the wall
[22m[39m[early-access] Private Early Access is using the in-memory session store. This is for tests and local development only and does not survive a restart.

[90mstderr[2m | server/research/early-access-wall.test.ts[2m > [22m[2mthe research wall lets Private Early Access reach its own gate[2m > [22m[2mGET /api/research/early-access/catalog is answered by its own handler, not by the wall
[22m[39m[early-access] Private Early Access is using the in-memory session store. This is for tests and local development only and does not survive a restart.

[90mstderr[2m | server/research/early-access-wall.test.ts[2m > [22m[2mthe research wall lets Private Early Access reach its own gate[2m > [22m[2mPOST /api/research/early-access/unlock is answered by its own handler, not by the wall
[22m[39m[early-access] Private Early Access is using the in-memory session store. This is for tests and local development only and does not survive a restart.

[90mstderr[2m | server/research/early-access-wall.test.ts[2m > [22m[2mthe research wall lets Private Early Access reach its own gate[2m > [22m[2mPOST /api/research/early-access/logout is answered by its own handler, not by the wall
[22m[39m[early-access] Private Early Access is using the in-memory session store. This is for tests and local development only and does not survive a restart.

[90mstderr[2m | server/research/early-access-wall.test.ts[2m > [22m[2mthe research wall lets Private Early Access reach its own gate[2m > [22m[2mPOST /api/research/early-access/orders is answered by its own handler, not by the wall
[22m[39m[early-access] Private Early Access is using the in-memory session store. This is for tests and local development only and does not survive a restart.

[90mstderr[2m | server/research/early-access-wall.test.ts[2m > [22m[2mthe research wall lets Private Early Access reach its own gate[2m > [22m[2mPOST /api/research/early-access/verification/request is answered by its own handler, not by the wall
[22m[39m[early-access] Private Early Access is using the in-memory session store. This is for tests and local development only and does not survive a restart.

[90mstderr[2m | server/research/early-access-wall.test.ts[2m > [22m[2mthe research wall lets Private Early Access reach its own gate[2m > [22m[2mPOST /api/research/early-access/verify is answered by its own handler, not by the wall
[22m[39m[early-access] Private Early Access is using the in-memory session store. This is for tests and local development only and does not survive a restart.

[90mstderr[2m | server/research/early-access-wall.test.ts[2m > [22m[2mthe research wall lets Private Early Access reach its own gate[2m > [22m[2mPOST /api/research/early-access/agreements/accept is answered by its own handler, not by the wall
[22m[39m[early-access] Private Early Access is using the in-memory session store. This is for tests and local development only and does not survive a restart.

[90mstderr[2m | server/research/early-access-wall.test.ts[2m > [22m[2mthe research wall lets Private Early Access reach its own gate[2m > [22m[2mGET /api/research/early-access/agreements is answered by its own handler, not by the wall
[22m[39m[early-access] Private Early Access is using the in-memory session store. This is for tests and local development only and does not survive a restart.

[90mstderr[2m | server/research/early-access-wall.test.ts[2m > [22m[2mthe research wall lets Private Early Access reach its own gate[2m > [22m[2mGET /api/research/early-access/orders/XEA-7F3K9QW2TM4BXYZ1 is answered by its own handler, not by the wall
[22m[39m[early-access] Private Early Access is using the in-memory session store. This is for tests and local development only and does not survive a restart.

[90mstderr[2m | server/research/early-access-wall.test.ts[2m > [22m[2mthe research wall lets Private Early Access reach its own gate[2m > [22m[2mGET /api/research/early-access/orders/XEA-7F3K9QW2TM4BXYZ1/invoice is answered by its own handler, not by the wall
[22m[39m[early-access] Private Early Access is using the in-memory session store. This is for tests and local development only and does not survive a restart.

[90mstderr[2m | server/research/early-access-wall.test.ts[2m > [22m[2mthe research wall lets Private Early Access reach its own gate[2m > [22m[2mPOST /api/research/early-access/orders/XEA-7F3K9QW2TM4BXYZ1/payment-proof is answered by its own handler, not by the wall
[22m[39m[early-access] Private Early Access is using the in-memory session store. This is for tests and local development only and does not survive a restart.

[90mstderr[2m | server/research/early-access-wall.test.ts[2m > [22m[2mthe research wall lets Private Early Access reach its own gate[2m > [22m[2mGET /api/research/early-access/cart/capability is answered by its own handler, not by the wall
[22m[39m[early-access] Private Early Access is using the in-memory session store. This is for tests and local development only and does not survive a restart.

[90mstderr[2m | server/research/early-access-wall.test.ts[2m > [22m[2mthe research wall lets Private Early Access reach its own gate[2m > [22m[2mPOST /api/research/early-access/cart/quote is answered by its own handler, not by the wall
[22m[39m[early-access] Private Early Access is using the in-memory session store. This is for tests and local development only and does not survive a restart.

[90mstderr[2m | server/research/early-access-wall.test.ts[2m > [22m[2mthe research wall lets Private Early Access reach its own gate[2m > [22m[2mPOST /api/research/early-access/cart/checkout is answered by its own handler, not by the wall
[22m[39m[early-access] Private Early Access is using the in-memory session store. This is for tests and local development only and does not survive a restart.

[90mstderr[2m | server/research/early-access-wall.test.ts[2m > [22m[2mthe research wall lets Private Early Access reach its own gate[2m > [22m[2mGET /api/research/early-access/cart/XEC-063A962A0053A65324F21E7F is answered by its own handler, not by the wall
[22m[39m[early-access] Private Early Access is using the in-memory session store. This is for tests and local development only and does not survive a restart.

[90mstderr[2m | server/research/early-access-wall.test.ts[2m > [22m[2mthe research wall lets Private Early Access reach its own gate[2m > [22m[2mGET /api/research/early-access/cart/XEC-063A962A0053A65324F21E7F/status is answered by its own handler, not by the wall
[22m[39m[early-access] Private Early Access is using the in-memory session store. This is for tests and local development only and does not survive a restart.

[90mstderr[2m | server/research/early-access-wall.test.ts[2m > [22m[2mthe research wall lets Private Early Access reach its own gate[2m > [22m[2mGET /api/research/early-access/cart/XEC-063A962A0053A65324F21E7F/payment-instructions is answered by its own handler, not by the wall
[22m[39m[early-access] Private Early Access is using the in-memory session store. This is for tests and local development only and does not survive a restart.

[90mstderr[2m | server/research/early-access-wall.test.ts[2m > [22m[2mthe research wall lets Private Early Access reach its own gate[2m > [22m[2mPOST /api/research/early-access/cart/XEC-063A962A0053A65324F21E7F/payment-proof is answered by its own handler, not by the wall
[22m[39m[early-access] Private Early Access is using the in-memory session store. This is for tests and local development only and does not survive a restart.

[90mstderr[2m | server/research/early-access-wall.test.ts[2m > [22m[2mthe research wall lets Private Early Access reach its own gate[2m > [22m[2mand the commerce routes refuse on their OWN terms, not the wall's
[22m[39m[early-access] Private Early Access is using the in-memory session store. This is for tests and local development only and does not survive a restart.

[90mstderr[2m | server/research/early-access-wall.test.ts[2m > [22m[2mthe research wall lets Private Early Access reach its own gate[2m > [22m[2mbut the gate is still CLOSED while the flag is false
[22m[39m[early-access] Private Early Access is using the in-memory session store. This is for tests and local development only and does not survive a restart.

[90mstderr[2m | server/research/early-access-wall.test.ts[2m > [22m[2mthe exemption opened nothing else[2m > [22m[2m/api/research/catalog is still walled
[22m[39m[early-access] Private Early Access is using the in-memory session store. This is for tests and local development only and does not survive a restart.

[90mstderr[2m | server/research/early-access-wall.test.ts[2m > [22m[2mthe exemption opened nothing else[2m > [22m[2m/api/research/orders is still walled
[22m[39m[early-access] Private Early Access is using the in-memory session store. This is for tests and local development only and does not survive a restart.

[90mstderr[2m | server/research/early-access-wall.test.ts[2m > [22m[2mthe exemption opened nothing else[2m > [22m[2m/api/research/products is still walled
[22m[39m[early-access] Private Early Access is using the in-memory session store. This is for tests and local development only and does not survive a restart.

[90mstderr[2m | server/research/early-access-wall.test.ts[2m > [22m[2mthe exemption opened nothing else[2m > [22m[2m/api/research/guides is still walled
[22m[39m[early-access] Private Early Access is using the in-memory session store. This is for tests and local development only and does not survive a restart.

[90mstderr[2m | server/research/early-access-wall.test.ts[2m > [22m[2mthe exemption opened nothing else[2m > [22m[2m/api/research/early-access/cart/not-a-number is NOT admitted by the cart exemption
[22m[39m[early-access] Private Early Access is using the in-memory session store. This is for tests and local development only and does not survive a restart.

[90mstderr[2m | server/research/early-access-wall.test.ts[2m > [22m[2mthe exemption opened nothing else[2m > [22m[2m/api/research/early-access/cart/XEC-short is NOT admitted by the cart exemption
[22m[39m[early-access] Private Early Access is using the in-memory session store. This is for tests and local development only and does not survive a restart.

[90mstderr[2m | server/research/early-access-wall.test.ts[2m > [22m[2mthe exemption opened nothing else[2m > [22m[2m/api/research/early-access/cart/xec-063a962a0053a65324f21e7f is NOT admitted by the cart exemption
[22m[39m[early-access] Private Early Access is using the in-memory session store. This is for tests and local development only and does not survive a restart.

[90mstderr[2m | server/research/early-access-wall.test.ts[2m > [22m[2mthe exemption opened nothing else[2m > [22m[2m/api/research/early-access/cart/XEC-063A962A0053A65324F21E7F/admin is NOT admitted by the cart exemption
[22m[39m[early-access] Private Early Access is using the in-memory session store. This is for tests and local development only and does not survive a restart.

[90mstderr[2m | server/research/early-access-wall.test.ts[2m > [22m[2mthe exemption opened nothing else[2m > [22m[2m/api/research/early-access/cart/XEC-063A962A0053A65324F21E7F/status/extra is NOT admitted by the cart exemption
[22m[39m[early-access] Private Early Access is using the in-memory session store. This is for tests and local development only and does not survive a restart.

[90mstderr[2m | server/research/early-access-wall.test.ts[2m > [22m[2mthe exemption opened nothing else[2m > [22m[2m/api/research/early-access/cart/XEC-063A962A0053A65324F21E7F/../orders is NOT admitted by the cart exemption
[22m[39m[early-access] Private Early Access is using the in-memory session store. This is for tests and local development only and does not survive a restart.

[90mstderr[2m | server/research/early-access-wall.test.ts[2m > [22m[2mthe exemption opened nothing else[2m > [22m[2m/api/research/early-access/carts/capability is NOT admitted by the cart exemption
[22m[39m[early-access] Private Early Access is using the in-memory session store. This is for tests and local development only and does not survive a restart.

[90mstderr[2m | server/research/early-access-wall.test.ts[2m > [22m[2mthe exemption opened nothing else[2m > [22m[2m/api/research/early-access/cart/capability/extra is NOT admitted by the cart exemption
[22m[39m[early-access] Private Early Access is using the in-memory session store. This is for tests and local development only and does not survive a restart.

[90mstderr[2m | server/research/early-access-wall.test.ts[2m > [22m[2mthe exemption opened nothing else[2m > [22m[2mthe cart write exemption does not admit a read method, or the reverse
[22m[39m[early-access] Private Early Access is using the in-memory session store. This is for tests and local development only and does not survive a restart.

[90mstderr[2m | server/research/early-access-wall.test.ts[2m > [22m[2mthe exemption opened nothing else[2m > [22m[2mno admin cart door is admitted by this wall's cart exemption
[22m[39m[early-access] Private Early Access is using the in-memory session store. This is for tests and local development only and does not survive a restart.

[90mstderr[2m | server/research/early-access-wall.test.ts[2m > [22m[2mthe exemption opened nothing else[2m > [22m[2mGET /api/research/early-access/unlock is the WRONG method and stays walled
[22m[39m[early-access] Private Early Access is using the in-memory session store. This is for tests and local development only and does not survive a restart.

[90mstderr[2m | server/research/early-access-wall.test.ts[2m > [22m[2mthe exemption opened nothing else[2m > [22m[2mGET /api/research/early-access/logout is the WRONG method and stays walled
[22m[39m[early-access] Private Early Access is using the in-memory session store. This is for tests and local development only and does not survive a restart.

[90mstderr[2m | server/research/early-access-wall.test.ts[2m > [22m[2mthe exemption opened nothing else[2m > [22m[2mPOST /api/research/early-access/session is the WRONG method and stays walled
[22m[39m[early-access] Private Early Access is using the in-memory session store. This is for tests and local development only and does not survive a restart.

[90mstderr[2m | server/research/early-access-wall.test.ts[2m > [22m[2mthe exemption opened nothing else[2m > [22m[2mPOST /api/research/early-access/catalog is the WRONG method and stays walled
[22m[39m[early-access] Private Early Access is using the in-memory session store. This is for tests and local development only and does not survive a restart.

[90mstderr[2m | server/research/early-access-wall.test.ts[2m > [22m[2mthe exemption opened nothing else[2m > [22m[2mGET /api/research/early-access/orders is the WRONG method and stays walled
[22m[39m[early-access] Private Early Access is using the in-memory session store. This is for tests and local development only and does not survive a restart.

[90mstderr[2m | server/research/early-access-wall.test.ts[2m > [22m[2mthe exemption opened nothing else[2m > [22m[2mPOST /api/research/early-access/orders/XEA-7F3K9QW2TM4BXYZ1 is the WRONG method and stays walled
[22m[39m[early-access] Private Early Access is using the in-memory session store. This is for tests and local development only and does not survive a restart.

[90mstderr[2m | server/research/early-access-wall.test.ts[2m > [22m[2mthe exemption opened nothing else[2m > [22m[2mPOST /api/research/early-access/orders/XEA-7F3K9QW2TM4BXYZ1/invoice is the WRONG method and stays walled
[22m[39m[early-access] Private Early Access is using the in-memory session store. This is for tests and local development only and does not survive a restart.

[90mstderr[2m | server/research/early-access-wall.test.ts[2m > [22m[2mthe exemption opened nothing else[2m > [22m[2mGET /api/research/early-access/orders/XEA-7F3K9QW2TM4BXYZ1/payment-proof is the WRONG method and stays walled
[22m[39m[early-access] Private Early Access is using the in-memory session store. This is for tests and local development only and does not survive a restart.

[90mstderr[2m | server/research/early-access-wall.test.ts[2m > [22m[2mthe exemption opened nothing else[2m > [22m[2ma neighbouring path that merely looks similar is walled
[22m[39m[early-access] Private Early Access is using the in-memory session store. This is for tests and local development only and does not survive a restart.

[90mstderr[2m | server/research/early-access-wall.test.ts[2m > [22m[2mthe exemption opened nothing else[2m > [22m[2man order path that is not an order NUMBER is walled
[22m[39m[early-access] Private Early Access is using the in-memory session store. This is for tests and local development only and does not survive a restart.

[90mstderr[2m | server/research/early-access-wall.test.ts[2m > [22m[2mthe exemption opened nothing else[2m > [22m[2ma lookalike order write path is walled
[22m[39m[early-access] Private Early Access is using the in-memory session store. This is for tests and local development only and does not survive a restart.

[90mstderr[2m | server/research/early-access-wall.test.ts[2m > [22m[2ma signed-in member's own claims and subscriptions[2m > [22m[2m/api/research/subscriptions reaches its own member guard rather than the wall
[22m[39m[early-access] Private Early Access is using the in-memory session store. This is for tests and local development only and does not survive a restart.

[90mstderr[2m | server/research/early-access-wall.test.ts[2m > [22m[2ma signed-in member's own claims and subscriptions[2m > [22m[2m/api/research/claims reaches its own member guard rather than the wall
[22m[39m[early-access] Private Early Access is using the in-memory session store. This is for tests and local development only and does not survive a restart.

[90mstderr[2m | server/research/early-access-wall.test.ts[2m > [22m[2ma signed-in member's own claims and subscriptions[2m > [22m[2mstill walls POST /api/research/subscriptions, because only the reads were admitted
[22m[39m[early-access] Private Early Access is using the in-memory session store. This is for tests and local development only and does not survive a restart.

[90mstderr[2m | server/research/early-access-wall.test.ts[2m > [22m[2ma signed-in member's own claims and subscriptions[2m > [22m[2mstill walls POST /api/research/claims, because only the reads were admitted
[22m[39m[early-access] Private Early Access is using the in-memory session store. This is for tests and local development only and does not survive a restart.

[90mstderr[2m | server/research/early-access-wall.test.ts[2m > [22m[2mthe operator routes are not the wall's business[2m > [22m[2mGET /api/admin/research/payments is answered by the admin guard, never by the research wall
[22m[39m[early-access] Private Early Access is using the in-memory session store. This is for tests and local development only and does not survive a restart.

[90mstderr[2m | server/research/early-access-wall.test.ts[2m > [22m[2mthe operator routes are not the wall's business[2m > [22m[2mPOST /api/admin/research/payments/XEA-7F3K9QW2TM4BXYZ1/confirm is answered by the admin guard, never by the research wall
[22m[39m[early-access] Private Early Access is using the in-memory session store. This is for tests and local development only and does not survive a restart.

[90mstderr[2m | server/research/early-access-wall.test.ts[2m > [22m[2mthe operator routes are not the wall's business[2m > [22m[2mGET /api/admin/research/supplier-orders/XEA-7F3K9QW2TM4BXYZ1 is answered by the admin guard, never by the research wall
[22m[39m[early-access] Private Early Access is using the in-memory session store. This is for tests and local development only and does not survive a restart.

[90mstderr[2m | server/research/early-access-wall.test.ts[2m > [22m[2mthe operator routes are not the wall's business[2m > [22m[2mPOST /api/admin/research/supplier-orders/XEA-7F3K9QW2TM4BXYZ1/tracking is answered by the admin guard, never by the research wall
[22m[39m[early-access] Private Early Access is using the in-memory session store. This is for tests and local development only and does not survive a restart.

[90mstderr[2m | server/research/early-access-wall.test.ts[2m > [22m[2mthe assisted order admissions are exact[2m > [22m[2m/api/research/early-access/assisted-orders/config reaches its own handler rather than the wall
[22m[39m[early-access] Private Early Access is using the in-memory session store. This is for tests and local development only and does not survive a restart.

[90mstderr[2m | server/research/early-access-wall.test.ts[2m > [22m[2mthe assisted order admissions are exact[2m > [22m[2m/api/research/early-access/assisted-orders/catalog reaches its own handler rather than the wall
[22m[39m[early-access] Private Early Access is using the in-memory session store. This is for tests and local development only and does not survive a restart.

[90mstderr[2m | server/research/early-access-wall.test.ts[2m > [22m[2mthe assisted order admissions are exact[2m > [22m[2m/api/research/early-access/assisted-orders/XRR-20260815-A1B2C3D4E5 reaches its own handler rather than the wall
[22m[39m[early-access] Private Early Access is using the in-memory session store. This is for tests and local development only and does not survive a restart.

[90mstderr[2m | server/research/early-access-wall.test.ts[2m > [22m[2mthe assisted order admissions are exact[2m > [22m[2mthe submit door is admitted for POST
[22m[39m[early-access] Private Early Access is using the in-memory session store. This is for tests and local development only and does not survive a restart.

[90mstderr[2m | server/research/early-access-wall.test.ts[2m > [22m[2mthe assisted order admissions are exact[2m > [22m[2m/api/research/early-access/assisted-orders/0f9c1a2b-3d4e-4f50-8a1b-2c3d4e5f6071/documents/upload-url is admitted for POST
[22m[39m[early-access] Private Early Access is using the in-memory session store. This is for tests and local development only and does not survive a restart.

[90mstderr[2m | server/research/early-access-wall.test.ts[2m > [22m[2mthe assisted order admissions are exact[2m > [22m[2m/api/research/early-access/assisted-orders/0f9c1a2b-3d4e-4f50-8a1b-2c3d4e5f6071/documents/1a2b3c4d-5e6f-4a7b-8c9d-0e1f2a3b4c5d/complete is admitted for POST
[22m[39m[early-access] Private Early Access is using the in-memory session store. This is for tests and local development only and does not survive a restart.

[90mstderr[2m | server/research/early-access-wall.test.ts[2m > [22m[2mthe assisted order admissions are exact[2m > [22m[2m/api/research/early-access/assisted-orders/not-a-reference is NOT admitted
[22m[39m[early-access] Private Early Access is using the in-memory session store. This is for tests and local development only and does not survive a restart.

[90mstderr[2m | server/research/early-access-wall.test.ts[2m > [22m[2mthe assisted order admissions are exact[2m > [22m[2m/api/research/early-access/assisted-orders/XRR-2026-A1B2C3D4E5 is NOT admitted
[22m[39m[early-access] Private Early Access is using the in-memory session store. This is for tests and local development only and does not survive a restart.

[90mstderr[2m | server/research/early-access-wall.test.ts[2m > [22m[2mthe assisted order admissions are exact[2m > [22m[2m/api/research/early-access/assisted-orders/XRR-20260815-a1b2c3d4e5 is NOT admitted
[22m[39m[early-access] Private Early Access is using the in-memory session store. This is for tests and local development only and does not survive a restart.

[90mstderr[2m | server/research/early-access-wall.test.ts[2m > [22m[2mthe assisted order admissions are exact[2m > [22m[2m/api/research/early-access/assisted-orders/XRR-20260815-A1B2C3D4E5/documents is NOT admitted
[22m[39m[early-access] Private Early Access is using the in-memory session store. This is for tests and local development only and does not survive a restart.

[90mstderr[2m | server/research/early-access-wall.test.ts[2m > [22m[2mthe assisted order admissions are exact[2m > [22m[2m/api/research/early-access/assisted-orders/XRR-20260815-A1B2C3D4E5/admin is NOT admitted
[22m[39m[early-access] Private Early Access is using the in-memory session store. This is for tests and local development only and does not survive a restart.

[90mstderr[2m | server/research/early-access-wall.test.ts[2m > [22m[2mthe assisted order admissions are exact[2m > [22m[2m/api/research/early-access/assisted-order/config is NOT admitted
[22m[39m[early-access] Private Early Access is using the in-memory session store. This is for tests and local development only and does not survive a restart.

[90mstderr[2m | server/research/early-access-wall.test.ts[2m > [22m[2mthe assisted order admissions are exact[2m > [22m[2m/api/research/early-access/assisted-orders/config/extra is NOT admitted
[22m[39m[early-access] Private Early Access is using the in-memory session store. This is for tests and local development only and does not survive a restart.

[90mstderr[2m | server/research/early-access-wall.test.ts[2m > [22m[2mthe assisted order admissions are exact[2m > [22m[2m/api/research/early-access/assisted-orders/catalog/../orders is NOT admitted
[22m[39m[early-access] Private Early Access is using the in-memory session store. This is for tests and local development only and does not survive a restart.

[90mstderr[2m | server/research/early-access-wall.test.ts[2m > [22m[2mthe assisted order admissions are exact[2m > [22m[2ma read door is not admitted for a write method, or the reverse
[22m[39m[early-access] Private Early Access is using the in-memory session store. This is for tests and local development only and does not survive a restart.

[90mstderr[2m | server/research/early-access-wall.test.ts[2m > [22m[2mthe assisted order admissions are exact[2m > [22m[2ma document write path with a non-uuid id stays walled
[22m[39m[early-access] Private Early Access is using the in-memory session store. This is for tests and local development only and does not survive a restart.

[90mstderr[2m | server/research/early-access-wall.test.ts[2m > [22m[2mthe assisted order admissions are exact[2m > [22m[2mno admin assisted-order door is admitted by this wall
[22m[39m[early-access] Private Early Access is using the in-memory session store. This is for tests and local development only and does not survive a restart.

 [32m✓[39m server/research/early-access-wall.test.ts [2m([22m[2m71 tests[22m[2m)[22m[33m 383[2mms[22m[39m
 [32m✓[39m server/research/early-access/private-access-nonce-store.test.ts [2m([22m[2m18 tests[22m[2m)[22m[32m 21[2mms[22m[39m
 [32m✓[39m server/core-site-protection.test.ts [2m([22m[2m35 tests[22m[2m)[22m[32m 46[2mms[22m[39m
 [32m✓[39m server/research/early-access/private-access-session-repository.test.ts [2m([22m[2m28 tests[22m[2m)[22m[32m 23[2mms[22m[39m
 [32m✓[39m server/research/profile.test.ts [2m([22m[2m24 tests[22m[2m)[22m[32m 198[2mms[22m[39m
 [32m✓[39m server/research/master-offerings/catalog-boundaries.test.ts [2m([22m[2m12 tests[22m[2m)[22m[32m 276[2mms[22m[39m
 [32m✓[39m server/research/partners/portal-routes.test.ts [2m([22m[2m25 tests[22m[2m)[22m[32m 27[2mms[22m[39m
 [32m✓[39m server/research/early-access/private-access-session.test.ts [2m([22m[2m40 tests[22m[2m)[22m[32m 27[2mms[22m[39m
[90mstdout[2m | server/research/e2e/account-membership-catalog.acceptance.test.ts[2m > [22m[2mResearch application-to-active-member acceptance[2m > [22m[2mkeeps catalog held until gated application, approval, claim, and dual-reference activation complete
[22m[39m[research membership] application submitted f1949227-c8d6-4939-93f5-56ca3941846d

[90mstdout[2m | server/research/e2e/account-membership-catalog.acceptance.test.ts[2m > [22m[2mResearch application-to-active-member acceptance[2m > [22m[2mkeeps catalog held until gated application, approval, claim, and dual-reference activation complete
[22m[39m[research members] claimed for application f1949227-c8d6-4939-93f5-56ca3941846d

 [32m✓[39m server/research/e2e/account-membership-catalog.acceptance.test.ts [2m([22m[2m1 test[22m[2m)[22m[32m 95[2mms[22m[39m
 [32m✓[39m server/research/account-identity/service.test.ts [2m([22m[2m17 tests[22m[2m)[22m[32m 30[2mms[22m[39m
 [32m✓[39m server/research/media-provider.test.ts [2m([22m[2m19 tests[22m[2m)[22m[32m 21[2mms[22m[39m
 [32m✓[39m server/research/catalog-display/projection.test.ts [2m([22m[2m21 tests[22m[2m)[22m[32m 87[2mms[22m[39m
 [32m✓[39m server/research/master-offerings/sort-facets.test.ts [2m([22m[2m27 tests[22m[2m)[22m[32m 30[2mms[22m[39m
 [32m✓[39m server/research/partners/customer-attribution-binding.test.ts [2m([22m[2m25 tests[22m[2m)[22m[32m 18[2mms[22m[39m
 [32m✓[39m server/research/kris-launch-a/mount.test.ts [2m([22m[2m29 tests[22m[2m)[22m[32m 156[2mms[22m[39m
 [32m✓[39m server/research/early-access/early-access-milestone.test.ts [2m([22m[2m1 test[22m[2m)[22m[32m 12[2mms[22m[39m
 [32m✓[39m server/research/assisted-order/production-boot.test.ts [2m([22m[2m6 tests[22m[2m)[22m[33m 7903[2mms[22m[39m
     [33m[2m✓[22m[39m mounts the assisted-order bridge with the production-baseline audit mode and answers the config door 200 enabled:true [33m 2127[2mms[22m[39m
     [33m[2m✓[22m[39m answers an EXPLICIT disabled state, not a generic 404, when the bridge flag is off [33m 2102[2mms[22m[39m
     [33m[2m✓[22m[39m refuses explicitly (never a generic 404) when durable audit is demanded but its authority is absent [33m 1574[2mms[22m[39m
     [33m[2m✓[22m[39m fails safely on a malformed required-agreements list: explicit unavailable state, no submission possible, no generic 404 [33m 2086[2mms[22m[39m
 [32m✓[39m server/research/assisted-order/service.test.ts [2m([22m[2m50 tests[22m[2m)[22m[32m 47[2mms[22m[39m
 [32m✓[39m server/research/assisted-order/audit-store.test.ts [2m([22m[2m44 tests[22m[2m)[22m[32m 28[2mms[22m[39m
 [32m✓[39m server/research/evidence/member-library.test.ts [2m([22m[2m25 tests[22m[2m)[22m[32m 19[2mms[22m[39m
 [32m✓[39m server/research/telegram-provider.test.ts [2m([22m[2m15 tests[22m[2m)[22m[32m 21[2mms[22m[39m
 [32m✓[39m server/research/fulfillment/register.test.ts [2m([22m[2m16 tests[22m[2m)[22m[32m 139[2mms[22m[39m
 [32m✓[39m server/research/master-offerings/order-intake-matrix.test.ts [2m([22m[2m14 tests[22m[2m)[22m[32m 64[2mms[22m[39m
 [32m✓[39m server/research/membership-activation/legal-import.test.ts [2m([22m[2m19 tests[22m[2m)[22m[32m 59[2mms[22m[39m
 [32m✓[39m server/research/membership-activation/production-deps.test.ts [2m([22m[2m18 tests[22m[2m)[22m[32m 20[2mms[22m[39m
 [32m✓[39m server/research/membership-activation/signatures.test.ts [2m([22m[2m39 tests[22m[2m)[22m[32m 52[2mms[22m[39m
 [32m✓[39m server/research/partners/attribution.test.ts [2m([22m[2m29 tests[22m[2m)[22m[32m 20[2mms[22m[39m
 [32m✓[39m server/research/pricing/authoritative-price-resolver.test.ts [2m([22m[2m16 tests[22m[2m)[22m[32m 17[2mms[22m[39m
 [32m✓[39m server/research/products-diagnostics/routes.test.ts [2m([22m[2m14 tests[22m[2m)[22m[32m 106[2mms[22m[39m
 [32m✓[39m server/research/identity-provider.test.ts [2m([22m[2m15 tests[22m[2m)[22m[32m 21[2mms[22m[39m
 [32m✓[39m server/research/required-inputs.test.ts [2m([22m[2m18 tests[22m[2m)[22m[32m 73[2mms[22m[39m
 [32m✓[39m server/static.test.ts [2m([22m[2m15 tests[22m[2m)[22m[32m 102[2mms[22m[39m
 [32m✓[39m server/research/products-diagnostics/product-admin.test.ts [2m([22m[2m9 tests[22m[2m)[22m[32m 15[2mms[22m[39m
 [32m✓[39m server/research/products-diagnostics/diagnostics.test.ts [2m([22m[2m15 tests[22m[2m)[22m[32m 16[2mms[22m[39m
 [32m✓[39m server/research/admin-data-exchange/csv.test.ts [2m([22m[2m31 tests[22m[2m)[22m[32m 42[2mms[22m[39m
 [32m✓[39m server/research/product-requests.test.ts [2m([22m[2m37 tests[22m[2m)[22m[32m 21[2mms[22m[39m
 [32m✓[39m server/research/product-activation/overlay-source.test.ts [2m([22m[2m20 tests[22m[2m)[22m[32m 43[2mms[22m[39m
 [32m✓[39m server/research/account-identity/buyer-activation.test.ts [2m([22m[2m14 tests[22m[2m)[22m[32m 20[2mms[22m[39m
 [32m✓[39m server/research/membership-activation/payment-methods.test.ts [2m([22m[2m23 tests[22m[2m)[22m[32m 16[2mms[22m[39m
 [32m✓[39m server/research/membership-activation/documents.test.ts [2m([22m[2m28 tests[22m[2m)[22m[32m 29[2mms[22m[39m
 [32m✓[39m server/research/membership-activation/activation.test.ts [2m([22m[2m27 tests[22m[2m)[22m[32m 27[2mms[22m[39m
 [32m✓[39m server/research/assisted-order/production-catalog.test.ts [2m([22m[2m32 tests[22m[2m)[22m[32m 21[2mms[22m[39m
 [32m✓[39m server/research/quality/public-lot-api.test.ts [2m([22m[2m17 tests[22m[2m)[22m[32m 257[2mms[22m[39m
 [32m✓[39m server/research/catalog/member-catalog-projection.test.ts [2m([22m[2m11 tests[22m[2m)[22m[32m 26[2mms[22m[39m
 [32m✓[39m server/research/storefront/routes.test.ts [2m([22m[2m17 tests[22m[2m)[22m[32m 109[2mms[22m[39m
[90mstderr[2m | client/src/research/early-access/EarlyAccessRoute.logout.test.tsx[2m > [22m[2mF6 I: sign-out clears every browser recovery pointer[2m > [22m[2mclears the cart, the cart attempt, the last cart checkout, the pending order and the last order
[22m[39mThe current testing environment is not configured to support act(...)

[90mstderr[2m | client/src/research/early-access/EarlyAccessRoute.logout.test.tsx[2m > [22m[2mF6 I: sign-out clears every browser recovery pointer[2m > [22m[2mclears the cart, the cart attempt, the last cart checkout, the pending order and the last order
[22m[39mThe current testing environment is not configured to support act(...)

[90mstderr[2m | client/src/research/early-access/EarlyAccessRoute.logout.test.tsx[2m > [22m[2mF6 I: sign-out clears every browser recovery pointer[2m > [22m[2mclears the cart, the cart attempt, the last cart checkout, the pending order and the last order
[22m[39mThe current testing environment is not configured to support act(...)

[90mstderr[2m | client/src/research/early-access/EarlyAccessRoute.logout.test.tsx[2m > [22m[2mF6 I: sign-out clears every browser recovery pointer[2m > [22m[2mclears the cart, the cart attempt, the last cart checkout, the pending order and the last order
[22m[39mThe current testing environment is not configured to support act(...)

[90mstderr[2m | client/src/research/early-access/EarlyAccessRoute.logout.test.tsx[2m > [22m[2mF6 I: sign-out clears every browser recovery pointer[2m > [22m[2mclears the cart, the cart attempt, the last cart checkout, the pending order and the last order
[22m[39mThe current testing environment is not configured to support act(...)

[90mstderr[2m | client/src/research/early-access/EarlyAccessRoute.logout.test.tsx[2m > [22m[2mF6 I: sign-out clears every browser recovery pointer[2m > [22m[2mclears the cart, the cart attempt, the last cart checkout, the pending order and the last order
[22m[39mThe current testing environment is not configured to support act(...)
The current testing environment is not configured to support act(...)
The current testing environment is not configured to support act(...)
The current testing environment is not configured to support act(...)

[90mstderr[2m | client/src/research/early-access/EarlyAccessRoute.logout.test.tsx[2m > [22m[2mF6 I: sign-out clears every browser recovery pointer[2m > [22m[2mclears the cart, the cart attempt, the last cart checkout, the pending order and the last order
[22m[39mThe current testing environment is not configured to support act(...)
The current testing environment is not configured to support act(...)
The current testing environment is not configured to support act(...)
The current testing environment is not configured to support act(...)
The current testing environment is not configured to support act(...)
The current testing environment is not configured to support act(...)
The current testing environment is not configured to support act(...)
The current testing environment is not configured to support act(...)
The current testing environment is not configured to support act(...)

[90mstderr[2m | client/src/research/early-access/EarlyAccessRoute.logout.test.tsx[2m > [22m[2mF6 I: sign-out clears every browser recovery pointer[2m > [22m[2mclears the cart, the cart attempt, the last cart checkout, the pending order and the last order
[22m[39mThe current testing environment is not configured to support act(...)

[90mstderr[2m | client/src/research/early-access/EarlyAccessRoute.logout.test.tsx[2m > [22m[2mF6 I: sign-out clears every browser recovery pointer[2m > [22m[2mclears the cart, the cart attempt, the last cart checkout, the pending order and the last order
[22m[39mThe current testing environment is not configured to support act(...)

[90mstderr[2m | client/src/research/early-access/EarlyAccessRoute.logout.test.tsx[2m > [22m[2mF6 I: sign-out clears every browser recovery pointer[2m > [22m[2mclears the cart, the cart attempt, the last cart checkout, the pending order and the last order
[22m[39mThe current testing environment is not configured to support act(...)

[90mstderr[2m | client/src/research/early-access/EarlyAccessRoute.logout.test.tsx[2m > [22m[2mF6 I: sign-out clears every browser recovery pointer[2m > [22m[2mclears the cart, the cart attempt, the last cart checkout, the pending order and the last order
[22m[39mThe current testing environment is not configured to support act(...)

[90mstderr[2m | client/src/research/early-access/EarlyAccessRoute.logout.test.tsx[2m > [22m[2mF6 I: sign-out clears every browser recovery pointer[2m > [22m[2mclears the cart, the cart attempt, the last cart checkout, the pending order and the last order
[22m[39mThe current testing environment is not configured to support act(...)

[90mstderr[2m | client/src/research/early-access/EarlyAccessRoute.logout.test.tsx[2m > [22m[2mF6 I: sign-out clears every browser recovery pointer[2m > [22m[2mclears the cart, the cart attempt, the last cart checkout, the pending order and the last order
[22m[39mThe current testing environment is not configured to support act(...)
The current testing environment is not configured to support act(...)
The current testing environment is not configured to support act(...)
The current testing environment is not configured to support act(...)

[90mstderr[2m | client/src/research/early-access/EarlyAccessRoute.logout.test.tsx[2m > [22m[2mF6 I: sign-out clears every browser recovery pointer[2m > [22m[2mclears the cart, the cart attempt, the last cart checkout, the pending order and the last order
[22m[39mThe current testing environment is not configured to support act(...)

[90mstderr[2m | client/src/research/early-access/EarlyAccessRoute.logout.test.tsx[2m > [22m[2mF6 I: sign-out clears every browser recovery pointer[2m > [22m[2mleaves storage belonging to no one behind: nothing else is written on sign-out
[22m[39mThe current testing environment is not configured to support act(...)

[90mstderr[2m | client/src/research/early-access/EarlyAccessRoute.logout.test.tsx[2m > [22m[2mF6 I: sign-out clears every browser recovery pointer[2m > [22m[2mleaves storage belonging to no one behind: nothing else is written on sign-out
[22m[39mThe current testing environment is not configured to support act(...)

[90mstderr[2m | client/src/research/early-access/EarlyAccessRoute.logout.test.tsx[2m > [22m[2mF6 I: sign-out clears every browser recovery pointer[2m > [22m[2mleaves storage belonging to no one behind: nothing else is written on sign-out
[22m[39mThe current testing environment is not configured to support act(...)

[90mstderr[2m | client/src/research/early-access/EarlyAccessRoute.logout.test.tsx[2m > [22m[2mF6 I: sign-out clears every browser recovery pointer[2m > [22m[2mleaves storage belonging to no one behind: nothing else is written on sign-out
[22m[39mThe current testing environment is not configured to support act(...)

[90mstderr[2m | client/src/research/early-access/EarlyAccessRoute.logout.test.tsx[2m > [22m[2mF6 I: sign-out clears every browser recovery pointer[2m > [22m[2mleaves storage belonging to no one behind: nothing else is written on sign-out
[22m[39mThe current testing environment is not configured to support act(...)

[90mstderr[2m | client/src/research/early-access/EarlyAccessRoute.logout.test.tsx[2m > [22m[2mF6 I: sign-out clears every browser recovery pointer[2m > [22m[2mleaves storage belonging to no one behind: nothing else is written on sign-out
[22m[39mThe current testing environment is not configured to support act(...)
The current testing environment is not configured to support act(...)
The current testing environment is not configured to support act(...)
The current testing environment is not configured to support act(...)

[90mstderr[2m | client/src/research/early-access/EarlyAccessRoute.logout.test.tsx[2m > [22m[2mF6 I: sign-out clears every browser recovery pointer[2m > [22m[2mleaves storage belonging to no one behind: nothing else is written on sign-out
[22m[39mThe current testing environment is not configured to support act(...)
The current testing environment is not configured to support act(...)
The current testing environment is not configured to support act(...)
The current testing environment is not configured to support act(...)
The current testing environment is not configured to support act(...)
The current testing environment is not configured to support act(...)
The current testing environment is not configured to support act(...)
The current testing environment is not configured to support act(...)
The current testing environment is not configured to support act(...)

[90mstderr[2m | client/src/research/early-access/EarlyAccessRoute.logout.test.tsx[2m > [22m[2mF6 I: sign-out clears every browser recovery pointer[2m > [22m[2mleaves storage belonging to no one behind: nothing else is written on sign-out
[22m[39mThe current testing environment is not configured to support act(...)

[90mstderr[2m | client/src/research/early-access/EarlyAccessRoute.logout.test.tsx[2m > [22m[2msign-out clears the entire assisted-order storage family[2m > [22m[2mremoves bearer tokens, receipt/reference state, drafts and future prefixed artifacts
[22m[39mThe current testing environment is not configured to support act(...)

[90mstderr[2m | client/src/research/early-access/EarlyAccessRoute.logout.test.tsx[2m > [22m[2msign-out clears the entire assisted-order storage family[2m > [22m[2mremoves bearer tokens, receipt/reference state, drafts and future prefixed artifacts
[22m[39mThe current testing environment is not configured to support act(...)

[90mstderr[2m | client/src/research/early-access/EarlyAccessRoute.logout.test.tsx[2m > [22m[2msign-out clears the entire assisted-order storage family[2m > [22m[2mremoves bearer tokens, receipt/reference state, drafts and future prefixed artifacts
[22m[39mThe current testing environment is not configured to support act(...)

[90mstderr[2m | client/src/research/early-access/EarlyAccessRoute.logout.test.tsx[2m > [22m[2msign-out clears the entire assisted-order storage family[2m > [22m[2mremoves bearer tokens, receipt/reference state, drafts and future prefixed artifacts
[22m[39mThe current testing environment is not configured to support act(...)

[90mstderr[2m | client/src/research/early-access/EarlyAccessRoute.logout.test.tsx[2m > [22m[2msign-out clears the entire assisted-order storage family[2m > [22m[2mremoves bearer tokens, receipt/reference state, drafts and future prefixed artifacts
[22m[39mThe current testing environment is not configured to support act(...)

[90mstderr[2m | client/src/research/early-access/EarlyAccessRoute.logout.test.tsx[2m > [22m[2msign-out clears the entire assisted-order storage family[2m > [22m[2mremoves bearer tokens, receipt/reference state, drafts and future prefixed artifacts
[22m[39mThe current testing environment is not configured to support act(...)
The current testing environment is not configured to support act(...)
The current testing environment is not configured to support act(...)
The current testing environment is not configured to support act(...)

[90mstderr[2m | client/src/research/early-access/EarlyAccessRoute.logout.test.tsx[2m > [22m[2msign-out clears the entire assisted-order storage family[2m > [22m[2mremoves bearer tokens, receipt/reference state, drafts and future prefixed artifacts
[22m[39mThe current testing environment is not configured to support act(...)
The current testing environment is not configured to support act(...)
The current testing environment is not configured to support act(...)
The current testing environment is not configured to support act(...)
The current testing environment is not configured to support act(...)
The current testing environment is not configured to support act(...)
The current testing environment is not configured to support act(...)
The current testing environment is not configured to support act(...)
The current testing environment is not configured to support act(...)

[90mstderr[2m | client/src/research/early-access/EarlyAccessRoute.logout.test.tsx[2m > [22m[2msign-out clears the entire assisted-order storage family[2m > [22m[2mremoves bearer tokens, receipt/reference state, drafts and future prefixed artifacts
[22m[39mThe current testing environment is not configured to support act(...)

[90mstderr[2m | client/src/research/early-access/EarlyAccessRoute.logout.test.tsx[2m > [22m[2msign-out clears the entire assisted-order storage family[2m > [22m[2mcontinues clearing later credentials and locks the UI when one deletion fails
[22m[39mThe current testing environment is not configured to support act(...)

[90mstderr[2m | client/src/research/early-access/EarlyAccessRoute.logout.test.tsx[2m > [22m[2msign-out clears the entire assisted-order storage family[2m > [22m[2mcontinues clearing later credentials and locks the UI when one deletion fails
[22m[39mThe current testing environment is not configured to support act(...)

[90mstderr[2m | client/src/research/early-access/EarlyAccessRoute.logout.test.tsx[2m > [22m[2msign-out clears the entire assisted-order storage family[2m > [22m[2mcontinues clearing later credentials and locks the UI when one deletion fails
[22m[39mThe current testing environment is not configured to support act(...)

[90mstderr[2m | client/src/research/early-access/EarlyAccessRoute.logout.test.tsx[2m > [22m[2msign-out clears the entire assisted-order storage family[2m > [22m[2mcontinues clearing later credentials and locks the UI when one deletion fails
[22m[39mThe current testing environment is not configured to support act(...)

[90mstderr[2m | client/src/research/early-access/EarlyAccessRoute.logout.test.tsx[2m > [22m[2msign-out clears the entire assisted-order storage family[2m > [22m[2mcontinues clearing later credentials and locks the UI when one deletion fails
[22m[39mThe current testing environment is not configured to support act(...)

[90mstderr[2m | client/src/research/early-access/EarlyAccessRoute.logout.test.tsx[2m > [22m[2msign-out clears the entire assisted-order storage family[2m > [22m[2mcontinues clearing later credentials and locks the UI when one deletion fails
[22m[39mThe current testing environment is not configured to support act(...)
The current testing environment is not configured to support act(...)
The current testing environment is not configured to support act(...)
The current testing environment is not configured to support act(...)

[90mstderr[2m | client/src/research/early-access/EarlyAccessRoute.logout.test.tsx[2m > [22m[2msign-out clears the entire assisted-order storage family[2m > [22m[2mcontinues clearing later credentials and locks the UI when one deletion fails
[22m[39mThe current testing environment is not configured to support act(...)
The current testing environment is not configured to support act(...)
The current testing environment is not configured to support act(...)
The current testing environment is not configured to support act(...)
The current testing environment is not configured to support act(...)
The current testing environment is not configured to support act(...)
The current testing environment is not configured to support act(...)
The current testing environment is not configured to support act(...)
The current testing environment is not configured to support act(...)

[90mstderr[2m | client/src/research/early-access/EarlyAccessRoute.logout.test.tsx[2m > [22m[2msign-out clears the entire assisted-order storage family[2m > [22m[2mcontinues clearing later credentials and locks the UI when one deletion fails
[22m[39mThe current testing environment is not configured to support act(...)

[90mstderr[2m | client/src/research/early-access/EarlyAccessRoute.logout.test.tsx[2m > [22m[2msign-out clears the entire assisted-order storage family[2m > [22m[2mclears credentials synchronously even while the server logout is still pending
[22m[39mThe current testing environment is not configured to support act(...)

[90mstderr[2m | client/src/research/early-access/EarlyAccessRoute.logout.test.tsx[2m > [22m[2msign-out clears the entire assisted-order storage family[2m > [22m[2mclears credentials synchronously even while the server logout is still pending
[22m[39mThe current testing environment is not configured to support act(...)

[90mstderr[2m | client/src/research/early-access/EarlyAccessRoute.logout.test.tsx[2m > [22m[2msign-out clears the entire assisted-order storage family[2m > [22m[2mclears credentials synchronously even while the server logout is still pending
[22m[39mThe current testing environment is not configured to support act(...)

[90mstderr[2m | client/src/research/early-access/EarlyAccessRoute.logout.test.tsx[2m > [22m[2msign-out clears the entire assisted-order storage family[2m > [22m[2mclears credentials synchronously even while the server logout is still pending
[22m[39mThe current testing environment is not configured to support act(...)

[90mstderr[2m | client/src/research/early-access/EarlyAccessRoute.logout.test.tsx[2m > [22m[2msign-out clears the entire assisted-order storage family[2m > [22m[2mclears credentials synchronously even while the server logout is still pending
[22m[39mThe current testing environment is not configured to support act(...)

[90mstderr[2m | client/src/research/early-access/EarlyAccessRoute.logout.test.tsx[2m > [22m[2msign-out clears the entire assisted-order storage family[2m > [22m[2mclears credentials synchronously even while the server logout is still pending
[22m[39mThe current testing environment is not configured to support act(...)
The current testing environment is not configured to support act(...)
The current testing environment is not configured to support act(...)
The current testing environment is not configured to support act(...)

[90mstderr[2m | client/src/research/early-access/EarlyAccessRoute.logout.test.tsx[2m > [22m[2msign-out clears the entire assisted-order storage family[2m > [22m[2mclears credentials synchronously even while the server logout is still pending
[22m[39mThe current testing environment is not configured to support act(...)
The current testing environment is not configured to support act(...)
The current testing environment is not configured to support act(...)
The current testing environment is not configured to support act(...)
The current testing environment is not configured to support act(...)
The current testing environment is not configured to support act(...)
The current testing environment is not configured to support act(...)
The current testing environment is not configured to support act(...)
The current testing environment is not configured to support act(...)

[90mstderr[2m | client/src/research/early-access/EarlyAccessRoute.logout.test.tsx[2m > [22m[2msign-out clears the entire assisted-order storage family[2m > [22m[2mclears credentials synchronously even while the server logout is still pending
[22m[39mThe current testing environment is not configured to support act(...)

[90mstderr[2m | client/src/research/early-access/EarlyAccessRoute.logout.test.tsx[2m > [22m[2msession identity changes clear customer recovery state[2m > [22m[2mclears the previous customer before open access issues a fresh session
[22m[39mThe current testing environment is not configured to support act(...)

[90mstderr[2m | client/src/research/early-access/EarlyAccessRoute.logout.test.tsx[2m > [22m[2msession identity changes clear customer recovery state[2m > [22m[2mclears the previous customer before open access issues a fresh session
[22m[39mThe current testing environment is not configured to support act(...)

[90mstderr[2m | client/src/research/early-access/EarlyAccessRoute.logout.test.tsx[2m > [22m[2msession identity changes clear customer recovery state[2m > [22m[2mclears the previous customer before open access issues a fresh session
[22m[39mThe current testing environment is not configured to support act(...)
The current testing environment is not configured to support act(...)
The current testing environment is not configured to support act(...)
The current testing environment is not configured to support act(...)
The current testing environment is not configured to support act(...)
The current testing environment is not configured to support act(...)
The current testing environment is not configured to support act(...)
The current testing environment is not configured to support act(...)

[90mstderr[2m | client/src/research/early-access/EarlyAccessRoute.logout.test.tsx[2m > [22m[2msession identity changes clear customer recovery state[2m > [22m[2mclears the previous customer before open access issues a fresh session
[22m[39mThe current testing environment is not configured to support act(...)

[90mstderr[2m | client/src/research/early-access/EarlyAccessRoute.logout.test.tsx[2m > [22m[2msession identity changes clear customer recovery state[2m > [22m[2mclears the previous customer before open access issues a fresh session
[22m[39mThe current testing environment is not configured to support act(...)

[90mstderr[2m | client/src/research/early-access/EarlyAccessRoute.logout.test.tsx[2m > [22m[2msession identity changes clear customer recovery state[2m > [22m[2mclears the previous customer before open access issues a fresh session
[22m[39mThe current testing environment is not configured to support act(...)

[90mstderr[2m | client/src/research/early-access/EarlyAccessRoute.logout.test.tsx[2m > [22m[2msession identity changes clear customer recovery state[2m > [22m[2mclears the previous customer before open access issues a fresh session
[22m[39mThe current testing environment is not configured to support act(...)
The current testing environment is not configured to support act(...)
The current testing environment is not configured to support act(...)
The current testing environment is not configured to support act(...)

[90mstderr[2m | client/src/research/early-access/EarlyAccessRoute.logout.test.tsx[2m > [22m[2msession identity changes clear customer recovery state[2m > [22m[2mclears the previous customer before open access issues a fresh session
[22m[39mThe current testing environment is not configured to support act(...)

[90mstderr[2m | client/src/research/early-access/EarlyAccessRoute.logout.test.tsx[2m > [22m[2msession identity changes clear customer recovery state[2m > [22m[2mclears the previous customer when the session endpoint returns 401
[22m[39mThe current testing environment is not configured to support act(...)

[90mstderr[2m | client/src/research/early-access/EarlyAccessRoute.logout.test.tsx[2m > [22m[2msession identity changes clear customer recovery state[2m > [22m[2mclears the previous customer when the session endpoint returns 401
[22m[39mThe current testing environment is not configured to support act(...)

[90mstderr[2m | client/src/research/early-access/EarlyAccessRoute.logout.test.tsx[2m > [22m[2msession identity changes clear customer recovery state[2m > [22m[2mclears the previous customer when the session endpoint returns 401
[22m[39mThe current testing environment is not configured to support act(...)
The current testing environment is not configured to support act(...)
The current testing environment is not configured to support act(...)
The current testing environment is not configured to support act(...)
The current testing environment is not configured to support act(...)
The current testing environment is not configured to support act(...)
The current testing environment is not configured to support act(...)
The current testing environment is not configured to support act(...)
The current testing environment is not configured to support act(...)

[90mstderr[2m | client/src/research/early-access/EarlyAccessRoute.logout.test.tsx[2m > [22m[2msession identity changes clear customer recovery state[2m > [22m[2mclears the previous customer when the session endpoint returns 401
[22m[39mThe current testing environment is not configured to support act(...)

[90mstderr[2m | client/src/research/early-access/EarlyAccessRoute.logout.test.tsx[2m > [22m[2msession identity changes clear customer recovery state[2m > [22m[2mclears the previous customer when the session endpoint returns 403
[22m[39mThe current testing environment is not configured to support act(...)

[90mstderr[2m | client/src/research/early-access/EarlyAccessRoute.logout.test.tsx[2m > [22m[2msession identity changes clear customer recovery state[2m > [22m[2mclears the previous customer when the session endpoint returns 403
[22m[39mThe current testing environment is not configured to support act(...)

[90mstderr[2m | client/src/research/early-access/EarlyAccessRoute.logout.test.tsx[2m > [22m[2msession identity changes clear customer recovery state[2m > [22m[2mclears the previous customer when the session endpoint returns 403
[22m[39mThe current testing environment is not configured to support act(...)
The current testing environment is not configured to support act(...)
The current testing environment is not configured to support act(...)
The current testing environment is not configured to support act(...)
The current testing environment is not configured to support act(...)
The current testing environment is not configured to support act(...)
The current testing environment is not configured to support act(...)
The current testing environment is not configured to support act(...)
The current testing environment is not configured to support act(...)

[90mstderr[2m | client/src/research/early-access/EarlyAccessRoute.logout.test.tsx[2m > [22m[2msession identity changes clear customer recovery state[2m > [22m[2mclears the previous customer when the session endpoint returns 403
[22m[39mThe current testing environment is not configured to support act(...)

[90mstderr[2m | client/src/research/early-access/EarlyAccessRoute.logout.test.tsx[2m > [22m[2msession identity changes clear customer recovery state[2m > [22m[2mpreserves recovery state when session status 404 does not establish a sign-out
[22m[39mThe current testing environment is not configured to support act(...)

[90mstderr[2m | client/src/research/early-access/EarlyAccessRoute.logout.test.tsx[2m > [22m[2msession identity changes clear customer recovery state[2m > [22m[2mpreserves recovery state when session status 404 does not establish a sign-out
[22m[39mThe current testing environment is not configured to support act(...)
The current testing environment is not configured to support act(...)

[90mstderr[2m | client/src/research/early-access/EarlyAccessRoute.logout.test.tsx[2m > [22m[2msession identity changes clear customer recovery state[2m > [22m[2mpreserves recovery state when session status 404 does not establish a sign-out
[22m[39mThe current testing environment is not configured to support act(...)

[90mstderr[2m | client/src/research/early-access/EarlyAccessRoute.logout.test.tsx[2m > [22m[2msession identity changes clear customer recovery state[2m > [22m[2mpreserves recovery state when session status 500 does not establish a sign-out
[22m[39mThe current testing environment is not configured to support act(...)

[90mstderr[2m | client/src/research/early-access/EarlyAccessRoute.logout.test.tsx[2m > [22m[2msession identity changes clear customer recovery state[2m > [22m[2mpreserves recovery state when session status 500 does not establish a sign-out
[22m[39mThe current testing environment is not configured to support act(...)

[90mstderr[2m | client/src/research/early-access/EarlyAccessRoute.logout.test.tsx[2m > [22m[2msession identity changes clear customer recovery state[2m > [22m[2mpreserves recovery state when session status 500 does not establish a sign-out
[22m[39mThe current testing environment is not configured to support act(...)

[90mstderr[2m | client/src/research/early-access/EarlyAccessRoute.logout.test.tsx[2m > [22m[2msession identity changes clear customer recovery state[2m > [22m[2mpreserves recovery state when session status 500 does not establish a sign-out
[22m[39mThe current testing environment is not configured to support act(...)

[90mstderr[2m | client/src/research/early-access/EarlyAccessRoute.logout.test.tsx[2m > [22m[2msession identity changes clear customer recovery state[2m > [22m[2mpreserves recovery state when session status 503 does not establish a sign-out
[22m[39mThe current testing environment is not configured to support act(...)

[90mstderr[2m | client/src/research/early-access/EarlyAccessRoute.logout.test.tsx[2m > [22m[2msession identity changes clear customer recovery state[2m > [22m[2mpreserves recovery state when session status 503 does not establish a sign-out
[22m[39mThe current testing environment is not configured to support act(...)
The current testing environment is not configured to support act(...)

[90mstderr[2m | client/src/research/early-access/EarlyAccessRoute.logout.test.tsx[2m > [22m[2msession identity changes clear customer recovery state[2m > [22m[2mpreserves recovery state when session status 503 does not establish a sign-out
[22m[39mThe current testing environment is not configured to support act(...)

[90mstderr[2m | client/src/research/early-access/EarlyAccessRoute.logout.test.tsx[2m > [22m[2msession identity changes clear customer recovery state[2m > [22m[2mpreserves recovery state when the session request fails
[22m[39mThe current testing environment is not configured to support act(...)

[90mstderr[2m | client/src/research/early-access/EarlyAccessRoute.logout.test.tsx[2m > [22m[2msession identity changes clear customer recovery state[2m > [22m[2mpreserves recovery state when the session request fails
[22m[39mThe current testing environment is not configured to support act(...)
The current testing environment is not configured to support act(...)

[90mstderr[2m | client/src/research/early-access/EarlyAccessRoute.logout.test.tsx[2m > [22m[2msession identity changes clear customer recovery state[2m > [22m[2mpreserves recovery state when the session request fails
[22m[39mThe current testing environment is not configured to support act(...)

[90mstderr[2m | client/src/research/early-access/EarlyAccessRoute.logout.test.tsx[2m > [22m[2msession identity changes clear customer recovery state[2m > [22m[2mclears customer state at the known expiry and obtains a fresh session
[22m[39mThe current testing environment is not configured to support act(...)

[90mstderr[2m | client/src/research/early-access/EarlyAccessRoute.logout.test.tsx[2m > [22m[2msession identity changes clear customer recovery state[2m > [22m[2mclears customer state at the known expiry and obtains a fresh session
[22m[39mThe current testing environment is not configured to support act(...)

[90mstderr[2m | client/src/research/early-access/EarlyAccessRoute.logout.test.tsx[2m > [22m[2msession identity changes clear customer recovery state[2m > [22m[2mclears customer state at the known expiry and obtains a fresh session
[22m[39mThe current testing environment is not configured to support act(...)

[90mstderr[2m | client/src/research/early-access/EarlyAccessRoute.logout.test.tsx[2m > [22m[2msession identity changes clear customer recovery state[2m > [22m[2mclears customer state at the known expiry and obtains a fresh session
[22m[39mThe current testing environment is not configured to support act(...)

[90mstderr[2m | client/src/research/early-access/EarlyAccessRoute.logout.test.tsx[2m > [22m[2msession identity changes clear customer recovery state[2m > [22m[2mclears customer state at the known expiry and obtains a fresh session
[22m[39mThe current testing environment is not configured to support act(...)

[90mstderr[2m | client/src/research/early-access/EarlyAccessRoute.logout.test.tsx[2m > [22m[2msession identity changes clear customer recovery state[2m > [22m[2mclears customer state at the known expiry and obtains a fresh session
[22m[39mThe current testing environment is not configured to support act(...)
The current testing environment is not configured to support act(...)
The current testing environment is not configured to support act(...)
The current testing environment is not configured to support act(...)

[90mstderr[2m | client/src/research/early-access/EarlyAccessRoute.logout.test.tsx[2m > [22m[2msession identity changes clear customer recovery state[2m > [22m[2mclears customer state at the known expiry and obtains a fresh session
[22m[39mThe current testing environment is not configured to support act(...)
The current testing environment is not configured to support act(...)
The current testing environment is not configured to support act(...)
The current testing environment is not configured to support act(...)
The current testing environment is not configured to support act(...)
The current testing environment is not configured to support act(...)
The current testing environment is not configured to support act(...)
The current testing environment is not configured to support act(...)
The current testing environment is not configured to support act(...)

[90mstderr[2m | client/src/research/early-access/EarlyAccessRoute.logout.test.tsx[2m > [22m[2msession identity changes clear customer recovery state[2m > [22m[2mclears customer state at the known expiry and obtains a fresh session
[22m[39mThe current testing environment is not configured to support act(...)
The current testing environment is not configured to support act(...)
The current testing environment is not configured to support act(...)
The current testing environment is not configured to support act(...)
The current testing environment is not configured to support act(...)
The current testing environment is not configured to support act(...)
The current testing environment is not configured to support act(...)
The current testing environment is not configured to support act(...)

[90mstderr[2m | client/src/research/early-access/EarlyAccessRoute.logout.test.tsx[2m > [22m[2msession identity changes clear customer recovery state[2m > [22m[2mclears customer state at the known expiry and obtains a fresh session
[22m[39mThe current testing environment is not configured to support act(...)

[90mstderr[2m | client/src/research/early-access/EarlyAccessRoute.logout.test.tsx[2m > [22m[2msession identity changes clear customer recovery state[2m > [22m[2mclears customer state at the known expiry and obtains a fresh session
[22m[39mThe current testing environment is not configured to support act(...)

[90mstderr[2m | client/src/research/early-access/EarlyAccessRoute.logout.test.tsx[2m > [22m[2msession identity changes clear customer recovery state[2m > [22m[2mclears customer state at the known expiry and obtains a fresh session
[22m[39mThe current testing environment is not configured to support act(...)

[90mstderr[2m | client/src/research/early-access/EarlyAccessRoute.logout.test.tsx[2m > [22m[2msession identity changes clear customer recovery state[2m > [22m[2mclears customer state at the known expiry and obtains a fresh session
[22m[39mThe current testing environment is not configured to support act(...)
The current testing environment is not configured to support act(...)
The current testing environment is not configured to support act(...)
The current testing environment is not configured to support act(...)

[90mstderr[2m | client/src/research/early-access/EarlyAccessRoute.logout.test.tsx[2m > [22m[2msession identity changes clear customer recovery state[2m > [22m[2mclears customer state at the known expiry and obtains a fresh session
[22m[39mThe current testing environment is not configured to support act(...)

[90mstderr[2m | client/src/research/early-access/EarlyAccessRoute.logout.test.tsx[2m > [22m[2msession identity changes clear customer recovery state[2m > [22m[2mrechecks and clears a suspended tab when focus returns after expiry
[22m[39mThe current testing environment is not configured to support act(...)

[90mstderr[2m | client/src/research/early-access/EarlyAccessRoute.logout.test.tsx[2m > [22m[2msession identity changes clear customer recovery state[2m > [22m[2mrechecks and clears a suspended tab when focus returns after expiry
[22m[39mThe current testing environment is not configured to support act(...)

[90mstderr[2m | client/src/research/early-access/EarlyAccessRoute.logout.test.tsx[2m > [22m[2msession identity changes clear customer recovery state[2m > [22m[2mrechecks and clears a suspended tab when focus returns after expiry
[22m[39mThe current testing environment is not configured to support act(...)

[90mstderr[2m | client/src/research/early-access/EarlyAccessRoute.logout.test.tsx[2m > [22m[2msession identity changes clear customer recovery state[2m > [22m[2mrechecks and clears a suspended tab when focus returns after expiry
[22m[39mThe current testing environment is not configured to support act(...)

[90mstderr[2m | client/src/research/early-access/EarlyAccessRoute.logout.test.tsx[2m > [22m[2msession identity changes clear customer recovery state[2m > [22m[2mrechecks and clears a suspended tab when focus returns after expiry
[22m[39mThe current testing environment is not configured to support act(...)

[90mstderr[2m | client/src/research/early-access/EarlyAccessRoute.logout.test.tsx[2m > [22m[2msession identity changes clear customer recovery state[2m > [22m[2mrechecks and clears a suspended tab when focus returns after expiry
[22m[39mThe current testing environment is not configured to support act(...)
The current testing environment is not configured to support act(...)
The current testing environment is not configured to support act(...)
The current testing environment is not configured to support act(...)

[90mstderr[2m | client/src/research/early-access/EarlyAccessRoute.logout.test.tsx[2m > [22m[2msession identity changes clear customer recovery state[2m > [22m[2mrechecks and clears a suspended tab when focus returns after expiry
[22m[39mThe current testing environment is not configured to support act(...)
The current testing environment is not configured to support act(...)
The current testing environment is not configured to support act(...)
The current testing environment is not configured to support act(...)
The current testing environment is not configured to support act(...)
The current testing environment is not configured to support act(...)
The current testing environment is not configured to support act(...)
The current testing environment is not configured to support act(...)
The current testing environment is not configured to support act(...)

[90mstderr[2m | client/src/research/early-access/EarlyAccessRoute.logout.test.tsx[2m > [22m[2msession identity changes clear customer recovery state[2m > [22m[2mrechecks and clears a suspended tab when focus returns after expiry
[22m[39mThe current testing environment is not configured to support act(...)
The current testing environment is not configured to support act(...)
The current testing environment is not configured to support act(...)
The current testing environment is not configured to support act(...)
The current testing environment is not configured to support act(...)
The current testing environment is not configured to support act(...)
The current testing environment is not configured to support act(...)
The current testing environment is not configured to support act(...)

[90mstderr[2m | client/src/research/early-access/EarlyAccessRoute.logout.test.tsx[2m > [22m[2msession identity changes clear customer recovery state[2m > [22m[2mrechecks and clears a suspended tab when focus returns after expiry
[22m[39mThe current testing environment is not configured to support act(...)

[90mstderr[2m | client/src/research/early-access/EarlyAccessRoute.logout.test.tsx[2m > [22m[2msession identity changes clear customer recovery state[2m > [22m[2mrechecks and clears a suspended tab when focus returns after expiry
[22m[39mThe current testing environment is not configured to support act(...)

[90mstderr[2m | client/src/research/early-access/EarlyAccessRoute.logout.test.tsx[2m > [22m[2msession identity changes clear customer recovery state[2m > [22m[2mrechecks and clears a suspended tab when focus returns after expiry
[22m[39mThe current testing environment is not configured to support act(...)

[90mstderr[2m | client/src/research/early-access/EarlyAccessRoute.logout.test.tsx[2m > [22m[2msession identity changes clear customer recovery state[2m > [22m[2mrechecks and clears a suspended tab when focus returns after expiry
[22m[39mThe current testing environment is not configured to support act(...)
The current testing environment is not configured to support act(...)
The current testing environment is not configured to support act(...)
The current testing environment is not configured to support act(...)

[90mstderr[2m | client/src/research/early-access/EarlyAccessRoute.logout.test.tsx[2m > [22m[2msession identity changes clear customer recovery state[2m > [22m[2mrechecks and clears a suspended tab when focus returns after expiry
[22m[39mThe current testing environment is not configured to support act(...)

[90mstderr[2m | client/src/research/early-access/EarlyAccessRoute.logout.test.tsx[2m > [22m[2msession identity changes clear customer recovery state[2m > [22m[2mdoes not recheck or remount the customer journey on focus before expiry
[22m[39mThe current testing environment is not configured to support act(...)

[90mstderr[2m | client/src/research/early-access/EarlyAccessRoute.logout.test.tsx[2m > [22m[2msession identity changes clear customer recovery state[2m > [22m[2mdoes not recheck or remount the customer journey on focus before expiry
[22m[39mThe current testing environment is not configured to support act(...)

[90mstderr[2m | client/src/research/early-access/EarlyAccessRoute.logout.test.tsx[2m > [22m[2msession identity changes clear customer recovery state[2m > [22m[2mdoes not recheck or remount the customer journey on focus before expiry
[22m[39mThe current testing environment is not configured to support act(...)

[90mstderr[2m | client/src/research/early-access/EarlyAccessRoute.logout.test.tsx[2m > [22m[2msession identity changes clear customer recovery state[2m > [22m[2mdoes not recheck or remount the customer journey on focus before expiry
[22m[39mThe current testing environment is not configured to support act(...)

[90mstderr[2m | client/src/research/early-access/EarlyAccessRoute.logout.test.tsx[2m > [22m[2msession identity changes clear customer recovery state[2m > [22m[2mdoes not recheck or remount the customer journey on focus before expiry
[22m[39mThe current testing environment is not configured to support act(...)

[90mstderr[2m | client/src/research/early-access/EarlyAccessRoute.logout.test.tsx[2m > [22m[2msession identity changes clear customer recovery state[2m > [22m[2mdoes not recheck or remount the customer journey on focus before expiry
[22m[39mThe current testing environment is not configured to support act(...)
The current testing environment is not configured to support act(...)
The current testing environment is not configured to support act(...)
The current testing environment is not configured to support act(...)

[90mstderr[2m | client/src/research/early-access/EarlyAccessRoute.logout.test.tsx[2m > [22m[2msession identity changes clear customer recovery state[2m > [22m[2mdoes not recheck or remount the customer journey on focus before expiry
[22m[39mThe current testing environment is not configured to support act(...)

 [32m✓[39m client/src/research/early-access/EarlyAccessRoute.logout.test.tsx [2m([22m[2m15 tests[22m[2m)[22m[33m 378[2mms[22m[39m
 [32m✓[39m server/research/assisted-order/conversion/gate.test.ts [2m([22m[2m32 tests[22m[2m)[22m[32m 18[2mms[22m[39m
 [32m✓[39m server/research/commerce/persistence/orders-store.test.ts [2m([22m[2m35 tests[22m[2m)[22m[32m 18[2mms[22m[39m
 [32m✓[39m server/research/assisted-order/payment/service.test.ts [2m([22m[2m52 tests[22m[2m)[22m[32m 29[2mms[22m[39m
[90mstderr[2m | server/research/early-access/routes/admin-routes.test.ts[2m > [22m[2mthe admin guard sits in front of every operator route[2m > [22m[2mGET /api/admin/research/payments is refused without an admin credential
[22m[39m[early-access] Private Early Access is using the in-memory session store. This is for tests and local development only and does not survive a restart.

[90mstderr[2m | server/research/early-access/routes/admin-routes.test.ts[2m > [22m[2mthe admin guard sits in front of every operator route[2m > [22m[2mPOST /api/admin/research/payments/XEA-0000000000000001/confirm is refused without an admin credential
[22m[39m[early-access] Private Early Access is using the in-memory session store. This is for tests and local development only and does not survive a restart.

[90mstderr[2m | server/research/early-access/routes/admin-routes.test.ts[2m > [22m[2mthe admin guard sits in front of every operator route[2m > [22m[2mGET /api/admin/research/supplier-orders/XEA-0000000000000001 is refused without an admin credential
[22m[39m[early-access] Private Early Access is using the in-memory session store. This is for tests and local development only and does not survive a restart.

[90mstderr[2m | server/research/early-access/routes/admin-routes.test.ts[2m > [22m[2mthe admin guard sits in front of every operator route[2m > [22m[2mPOST /api/admin/research/supplier-orders/XEA-0000000000000001 is refused without an admin credential
[22m[39m[early-access] Private Early Access is using the in-memory session store. This is for tests and local development only and does not survive a restart.

[90mstderr[2m | server/research/early-access/routes/admin-routes.test.ts[2m > [22m[2mthe admin guard sits in front of every operator route[2m > [22m[2mPOST /api/admin/research/supplier-orders/XEA-0000000000000001/notification is refused without an admin credential
[22m[39m[early-access] Private Early Access is using the in-memory session store. This is for tests and local development only and does not survive a restart.

[90mstderr[2m | server/research/early-access/routes/admin-routes.test.ts[2m > [22m[2mthe admin guard sits in front of every operator route[2m > [22m[2mPOST /api/admin/research/supplier-orders/XEA-0000000000000001/acknowledgement is refused without an admin credential
[22m[39m[early-access] Private Early Access is using the in-memory session store. This is for tests and local development only and does not survive a restart.

[90mstderr[2m | server/research/early-access/routes/admin-routes.test.ts[2m > [22m[2mthe admin guard sits in front of every operator route[2m > [22m[2mPOST /api/admin/research/supplier-orders/XEA-0000000000000001/packing is refused without an admin credential
[22m[39m[early-access] Private Early Access is using the in-memory session store. This is for tests and local development only and does not survive a restart.

[90mstderr[2m | server/research/early-access/routes/admin-routes.test.ts[2m > [22m[2mthe admin guard sits in front of every operator route[2m > [22m[2mPOST /api/admin/research/supplier-orders/XEA-0000000000000001/tracking is refused without an admin credential
[22m[39m[early-access] Private Early Access is using the in-memory session store. This is for tests and local development only and does not survive a restart.

[90mstderr[2m | server/research/early-access/routes/admin-routes.test.ts[2m > [22m[2mthe admin guard sits in front of every operator route[2m > [22m[2mPOST /api/admin/research/supplier-orders/XEA-0000000000000001/shipped is refused without an admin credential
[22m[39m[early-access] Private Early Access is using the in-memory session store. This is for tests and local development only and does not survive a restart.

[90mstderr[2m | server/research/early-access/routes/admin-routes.test.ts[2m > [22m[2mthe admin guard sits in front of every operator route[2m > [22m[2man admin who is not a founder or operations admin may not accept money
[22m[39m[early-access] Private Early Access is using the in-memory session store. This is for tests and local development only and does not survive a restart.

[90mstderr[2m | server/research/early-access/routes/admin-routes.test.ts[2m > [22m[2mthe admin guard sits in front of every operator route[2m > [22m[2man operations admin may
[22m[39m[early-access] Private Early Access is using the in-memory session store. This is for tests and local development only and does not survive a restart.

[90mstderr[2m | server/research/early-access/routes/admin-routes.test.ts[2m > [22m[2mthe review queue[2m > [22m[2mlists orders waiting on a human, with the proof that is CURRENT
[22m[39m[early-access] Private Early Access is using the in-memory session store. This is for tests and local development only and does not survive a restart.

[90mstderr[2m | server/research/early-access/routes/admin-routes.test.ts[2m > [22m[2mthe review queue[2m > [22m[2mcarries no shipping address
[22m[39m[early-access] Private Early Access is using the in-memory session store. This is for tests and local development only and does not survive a restart.

[90mstderr[2m | server/research/early-access/routes/admin-routes.test.ts[2m > [22m[2mthe review queue[2m > [22m[2mdrops an order once it has been confirmed
[22m[39m[early-access] Private Early Access is using the in-memory session store. This is for tests and local development only and does not survive a restart.

[90mstderr[2m | server/research/early-access/routes/admin-routes.test.ts[2m > [22m[2mconfirm payment received and release order[2m > [22m[2mproduces the verified payment, the receipt, the supplier order and the outbox row
[22m[39m[early-access] Private Early Access is using the in-memory session store. This is for tests and local development only and does not survive a restart.

[90mstderr[2m | server/research/early-access/routes/admin-routes.test.ts[2m > [22m[2mconfirm payment received and release order[2m > [22m[2mreports an overpayment as an overpayment rather than as bad input
[22m[39m[early-access] Private Early Access is using the in-memory session store. This is for tests and local development only and does not survive a restart.

[90mstderr[2m | server/research/early-access/routes/admin-routes.test.ts[2m > [22m[2mconfirm payment received and release order[2m > [22m[2mreports an underpayment as an underpayment, and settles nothing
[22m[39m[early-access] Private Early Access is using the in-memory session store. This is for tests and local development only and does not survive a restart.

[90mstderr[2m | server/research/early-access/routes/admin-routes.test.ts[2m > [22m[2mconfirm payment received and release order[2m > [22m[2mrefuses a decision made against a proof the customer already replaced
[22m[39m[early-access] Private Early Access is using the in-memory session store. This is for tests and local development only and does not survive a restart.

[90mstderr[2m | server/research/early-access/routes/admin-routes.test.ts[2m > [22m[2mconfirm payment received and release order[2m > [22m[2mrefuses when there is no evidence at all
[22m[39m[early-access] Private Early Access is using the in-memory session store. This is for tests and local development only and does not survive a restart.

[90mstderr[2m | server/research/early-access/routes/admin-routes.test.ts[2m > [22m[2mconfirm payment received and release order[2m > [22m[2mholds a commission exactly once when the order carried an attribution
[22m[39m[early-access] Private Early Access is using the in-memory session store. This is for tests and local development only and does not survive a restart.

[90mstderr[2m | server/research/early-access/routes/admin-routes.test.ts[2m > [22m[2mconfirm payment received and release order[2m > [22m[2mrecords no commission when there is no attribution
[22m[39m[early-access] Private Early Access is using the in-memory session store. This is for tests and local development only and does not survive a restart.

[90mstderr[2m | server/research/early-access/routes/admin-routes.test.ts[2m > [22m[2mexactly once, under pressure[2m > [22m[2mtwo simultaneous confirmations converge on ONE settlement
[22m[39m[early-access] Private Early Access is using the in-memory session store. This is for tests and local development only and does not survive a restart.

[90mstderr[2m | server/research/early-access/routes/admin-routes.test.ts[2m > [22m[2mexactly once, under pressure[2m > [22m[2ma second, later press writes nothing and reports the original
[22m[39m[early-access] Private Early Access is using the in-memory session store. This is for tests and local development only and does not survive a restart.

[90mstderr[2m | server/research/early-access/routes/admin-routes.test.ts[2m > [22m[2mexactly once, under pressure[2m > [22m[2ma duplicate external transaction identifier must not pay two orders
[22m[39m[early-access] Private Early Access is using the in-memory session store. This is for tests and local development only and does not survive a restart.

[90mstderr[2m | server/research/early-access/routes/admin-routes.test.ts[2m > [22m[2mnothing reaches a supplier before a human confirmed the money[2m > [22m[2mthe read route refuses an unpaid order
[22m[39m[early-access] Private Early Access is using the in-memory session store. This is for tests and local development only and does not survive a restart.

[90mstderr[2m | server/research/early-access/routes/admin-routes.test.ts[2m > [22m[2mnothing reaches a supplier before a human confirmed the money[2m > [22m[2mthe ensure route refuses an unpaid order
[22m[39m[early-access] Private Early Access is using the in-memory session store. This is for tests and local development only and does not survive a restart.

[90mstderr[2m | server/research/early-access/routes/admin-routes.test.ts[2m > [22m[2mnothing reaches a supplier before a human confirmed the money[2m > [22m[2mthe notification route refuses an unpaid order
[22m[39m[early-access] Private Early Access is using the in-memory session store. This is for tests and local development only and does not survive a restart.

[90mstderr[2m | server/research/early-access/routes/admin-routes.test.ts[2m > [22m[2mnothing reaches a supplier before a human confirmed the money[2m > [22m[2mthe acknowledgement route refuses an unpaid order
[22m[39m[early-access] Private Early Access is using the in-memory session store. This is for tests and local development only and does not survive a restart.

[90mstderr[2m | server/research/early-access/routes/admin-routes.test.ts[2m > [22m[2mnothing reaches a supplier before a human confirmed the money[2m > [22m[2mthe packing route refuses an unpaid order
[22m[39m[early-access] Private Early Access is using the in-memory session store. This is for tests and local development only and does not survive a restart.

[90mstderr[2m | server/research/early-access/routes/admin-routes.test.ts[2m > [22m[2mnothing reaches a supplier before a human confirmed the money[2m > [22m[2mthe tracking route refuses an unpaid order
[22m[39m[early-access] Private Early Access is using the in-memory session store. This is for tests and local development only and does not survive a restart.

[90mstderr[2m | server/research/early-access/routes/admin-routes.test.ts[2m > [22m[2mnothing reaches a supplier before a human confirmed the money[2m > [22m[2mthe shipped route refuses an unpaid order
[22m[39m[early-access] Private Early Access is using the in-memory session store. This is for tests and local development only and does not survive a restart.

[90mstderr[2m | server/research/early-access/routes/admin-routes.test.ts[2m > [22m[2msupplier release, dispatch and tracking[2m > [22m[2mhands the operator a packet they can send by hand
[22m[39m[early-access] Private Early Access is using the in-memory session store. This is for tests and local development only and does not survive a restart.

[90mstderr[2m | server/research/early-access/routes/admin-routes.test.ts[2m > [22m[2msupplier release, dispatch and tracking[2m > [22m[2ma retry returns the existing supplier order and never creates a second
[22m[39m[early-access] Private Early Access is using the in-memory session store. This is for tests and local development only and does not survive a restart.

[90mstderr[2m | server/research/early-access/routes/admin-routes.test.ts[2m > [22m[2msupplier release, dispatch and tracking[2m > [22m[2ma FAILED dispatch is recorded and does not un-take the money
[22m[39m[early-access] Private Early Access is using the in-memory session store. This is for tests and local development only and does not survive a restart.

[90mstderr[2m | server/research/early-access/routes/admin-routes.test.ts[2m > [22m[2msupplier release, dispatch and tracking[2m > [22m[2mrecords the manual fallback: channel, recipient, timestamp and acknowledgement
[22m[39m[early-access] Private Early Access is using the in-memory session store. This is for tests and local development only and does not survive a restart.

[90mstderr[2m | server/research/early-access/routes/admin-routes.test.ts[2m > [22m[2msupplier release, dispatch and tracking[2m > [22m[2mtracking, then shipped, and shipping twice changes nothing
[22m[39m[early-access] Private Early Access is using the in-memory session store. This is for tests and local development only and does not survive a restart.

[90mstderr[2m | server/research/early-access/routes/admin-routes.test.ts[2m > [22m[2msupplier release, dispatch and tracking[2m > [22m[2mrefuses to ship before a tracking number exists
[22m[39m[early-access] Private Early Access is using the in-memory session store. This is for tests and local development only and does not survive a restart.

[90mstderr[2m | server/research/early-access/routes/admin-routes.test.ts[2m > [22m[2msupplier release, dispatch and tracking[2m > [22m[2mshows the customer the tracking without showing them the supplier
[22m[39m[early-access] Private Early Access is using the in-memory session store. This is for tests and local development only and does not survive a restart.

[90mstderr[2m | server/research/early-access/routes/admin-routes.test.ts[2m > [22m[2mone payment settles one order (Bug Hunter F4)[2m > [22m[2mnames the same external reference on a second order DUPLICATE_TRANSACTION at classification
[22m[39m[early-access] Private Early Access is using the in-memory session store. This is for tests and local development only and does not survive a restart.

 [32m✓[39m server/research/early-access/routes/admin-routes.test.ts [2m([22m[2m39 tests[22m[2m)[22m[33m 1895[2mms[22m[39m
[90mstderr[2m | client/src/research/pages/adminx/LotCoasAdmin.test.tsx[2m > [22m[2mWebsite 4 exact-lot COA editor isolation[2m > [22m[2mdiscards A DOM edits when B is selected and submits only B values
[22m[39mThe current testing environment is not configured to support act(...)

[90mstderr[2m | client/src/research/pages/adminx/LotCoasAdmin.test.tsx[2m > [22m[2mWebsite 4 exact-lot COA editor isolation[2m > [22m[2mdiscards A DOM edits when B is selected and submits only B values
[22m[39mThe current testing environment is not configured to support act(...)
The current testing environment is not configured to support act(...)
The current testing environment is not configured to support act(...)
The current testing environment is not configured to support act(...)

[90mstderr[2m | client/src/research/pages/adminx/LotCoasAdmin.test.tsx[2m > [22m[2mWebsite 4 exact-lot COA editor isolation[2m > [22m[2mdiscards A DOM edits when B is selected and submits only B values
[22m[39mThe current testing environment is not configured to support act(...)

[90mstderr[2m | client/src/research/pages/adminx/LotCoasAdmin.test.tsx[2m > [22m[2mWebsite 4 exact-lot COA editor isolation[2m > [22m[2mdiscards A DOM edits when B is selected and submits only B values
[22m[39mThe current testing environment is not configured to support act(...)

[90mstderr[2m | client/src/research/pages/adminx/LotCoasAdmin.test.tsx[2m > [22m[2mWebsite 4 exact-lot COA editor isolation[2m > [22m[2mdiscards A DOM edits when B is selected and submits only B values
[22m[39mThe current testing environment is not configured to support act(...)
The current testing environment is not configured to support act(...)

[90mstderr[2m | client/src/research/pages/adminx/LotCoasAdmin.test.tsx[2m > [22m[2mWebsite 4 exact-lot COA editor isolation[2m > [22m[2mdiscards A DOM edits when B is selected and submits only B values
[22m[39mThe current testing environment is not configured to support act(...)
The current testing environment is not configured to support act(...)
The current testing environment is not configured to support act(...)

[90mstderr[2m | client/src/research/pages/adminx/LotCoasAdmin.test.tsx[2m > [22m[2mWebsite 4 exact-lot COA editor isolation[2m > [22m[2mdiscards A DOM edits when B is selected and submits only B values
[22m[39mThe current testing environment is not configured to support act(...)
The current testing environment is not configured to support act(...)
The current testing environment is not configured to support act(...)

[90mstderr[2m | client/src/research/pages/adminx/LotCoasAdmin.test.tsx[2m > [22m[2mWebsite 4 exact-lot COA editor isolation[2m > [22m[2mdiscards A DOM edits when B is selected and submits only B values
[22m[39mThe current testing environment is not configured to support act(...)
The current testing environment is not configured to support act(...)

[90mstderr[2m | client/src/research/pages/adminx/LotCoasAdmin.test.tsx[2m > [22m[2mWebsite 4 exact-lot COA editor isolation[2m > [22m[2mdiscards A DOM edits when B is selected and submits only B values
[22m[39mThe current testing environment is not configured to support act(...)

[90mstderr[2m | client/src/research/pages/adminx/LotCoasAdmin.test.tsx[2m > [22m[2mWebsite 4 exact-lot COA editor isolation[2m > [22m[2mreuses one metadata-bound preparation after grant and PUT failures
[22m[39mThe current testing environment is not configured to support act(...)

[90mstderr[2m | client/src/research/pages/adminx/LotCoasAdmin.test.tsx[2m > [22m[2mWebsite 4 exact-lot COA editor isolation[2m > [22m[2mreuses one metadata-bound preparation after grant and PUT failures
[22m[39mThe current testing environment is not configured to support act(...)
The current testing environment is not configured to support act(...)
The current testing environment is not configured to support act(...)
The current testing environment is not configured to support act(...)

[90mstderr[2m | client/src/research/pages/adminx/LotCoasAdmin.test.tsx[2m > [22m[2mWebsite 4 exact-lot COA editor isolation[2m > [22m[2mreuses one metadata-bound preparation after grant and PUT failures
[22m[39mThe current testing environment is not configured to support act(...)
The current testing environment is not configured to support act(...)

[90mstderr[2m | client/src/research/pages/adminx/LotCoasAdmin.test.tsx[2m > [22m[2mWebsite 4 exact-lot COA editor isolation[2m > [22m[2mreuses one metadata-bound preparation after grant and PUT failures
[22m[39mThe current testing environment is not configured to support act(...)

[90mstderr[2m | client/src/research/pages/adminx/LotCoasAdmin.test.tsx[2m > [22m[2mWebsite 4 exact-lot COA editor isolation[2m > [22m[2mreuses one metadata-bound preparation after grant and PUT failures
[22m[39mThe current testing environment is not configured to support act(...)
The current testing environment is not configured to support act(...)

[90mstderr[2m | client/src/research/pages/adminx/LotCoasAdmin.test.tsx[2m > [22m[2mWebsite 4 exact-lot COA editor isolation[2m > [22m[2mreuses one metadata-bound preparation after grant and PUT failures
[22m[39mThe current testing environment is not configured to support act(...)

[90mstderr[2m | client/src/research/pages/adminx/LotCoasAdmin.test.tsx[2m > [22m[2mWebsite 4 exact-lot COA editor isolation[2m > [22m[2mreuses one metadata-bound preparation after grant and PUT failures
[22m[39mThe current testing environment is not configured to support act(...)

[90mstderr[2m | client/src/research/pages/adminx/LotCoasAdmin.test.tsx[2m > [22m[2mWebsite 4 exact-lot COA editor isolation[2m > [22m[2mreuses one metadata-bound preparation after grant and PUT failures
[22m[39mThe current testing environment is not configured to support act(...)
The current testing environment is not configured to support act(...)
The current testing environment is not configured to support act(...)
The current testing environment is not configured to support act(...)
The current testing environment is not configured to support act(...)

[90mstderr[2m | client/src/research/pages/adminx/LotCoasAdmin.test.tsx[2m > [22m[2mWebsite 4 exact-lot COA editor isolation[2m > [22m[2mreuses one metadata-bound preparation after grant and PUT failures
[22m[39mThe current testing environment is not configured to support act(...)
The current testing environment is not configured to support act(...)

[90mstderr[2m | client/src/research/pages/adminx/LotCoasAdmin.test.tsx[2m > [22m[2mWebsite 4 exact-lot COA editor isolation[2m > [22m[2mreuses one metadata-bound preparation after grant and PUT failures
[22m[39mThe current testing environment is not configured to support act(...)

[90mstderr[2m | client/src/research/pages/adminx/LotCoasAdmin.test.tsx[2m > [22m[2mWebsite 4 exact-lot COA editor isolation[2m > [22m[2mreuses one metadata-bound preparation after grant and PUT failures
[22m[39mThe current testing environment is not configured to support act(...)

[90mstderr[2m | client/src/research/pages/adminx/LotCoasAdmin.test.tsx[2m > [22m[2mWebsite 4 exact-lot COA editor isolation[2m > [22m[2mreuses one metadata-bound preparation after grant and PUT failures
[22m[39mThe current testing environment is not configured to support act(...)
The current testing environment is not configured to support act(...)

[90mstderr[2m | client/src/research/pages/adminx/LotCoasAdmin.test.tsx[2m > [22m[2mWebsite 4 exact-lot COA editor isolation[2m > [22m[2mreuses one metadata-bound preparation after grant and PUT failures
[22m[39mThe current testing environment is not configured to support act(...)
The current testing environment is not configured to support act(...)

[90mstderr[2m | client/src/research/pages/adminx/LotCoasAdmin.test.tsx[2m > [22m[2mWebsite 4 exact-lot COA editor isolation[2m > [22m[2mreuses one metadata-bound preparation after grant and PUT failures
[22m[39mThe current testing environment is not configured to support act(...)

[90mstderr[2m | client/src/research/pages/adminx/LotCoasAdmin.test.tsx[2m > [22m[2mWebsite 4 exact-lot COA editor isolation[2m > [22m[2mreuses one metadata-bound preparation after grant and PUT failures
[22m[39mThe current testing environment is not configured to support act(...)

[90mstderr[2m | client/src/research/pages/adminx/LotCoasAdmin.test.tsx[2m > [22m[2mWebsite 4 exact-lot COA editor isolation[2m > [22m[2mreuses one metadata-bound preparation after grant and PUT failures
[22m[39mThe current testing environment is not configured to support act(...)

[90mstderr[2m | client/src/research/pages/adminx/LotCoasAdmin.test.tsx[2m > [22m[2mWebsite 4 exact-lot COA editor isolation[2m > [22m[2mreuses one metadata-bound preparation after grant and PUT failures
[22m[39mThe current testing environment is not configured to support act(...)
The current testing environment is not configured to support act(...)
The current testing environment is not configured to support act(...)
The current testing environment is not configured to support act(...)
The current testing environment is not configured to support act(...)

[90mstderr[2m | client/src/research/pages/adminx/LotCoasAdmin.test.tsx[2m > [22m[2mWebsite 4 exact-lot COA editor isolation[2m > [22m[2mreuses one metadata-bound preparation after grant and PUT failures
[22m[39mThe current testing environment is not configured to support act(...)
The current testing environment is not configured to support act(...)
The current testing environment is not configured to support act(...)

[90mstderr[2m | client/src/research/pages/adminx/LotCoasAdmin.test.tsx[2m > [22m[2mWebsite 4 exact-lot COA editor isolation[2m > [22m[2mreuses one metadata-bound preparation after grant and PUT failures
[22m[39mThe current testing environment is not configured to support act(...)
The current testing environment is not configured to support act(...)

[90mstderr[2m | client/src/research/pages/adminx/LotCoasAdmin.test.tsx[2m > [22m[2mWebsite 4 exact-lot COA editor isolation[2m > [22m[2mreuses one metadata-bound preparation after grant and PUT failures
[22m[39mThe current testing environment is not configured to support act(...)

[90mstderr[2m | client/src/research/pages/adminx/LotCoasAdmin.test.tsx[2m > [22m[2mWebsite 4 exact-lot COA editor isolation[2m > [22m[2mreplays confirmation with the original version and skips a duplicate PUT
[22m[39mThe current testing environment is not configured to support act(...)

[90mstderr[2m | client/src/research/pages/adminx/LotCoasAdmin.test.tsx[2m > [22m[2mWebsite 4 exact-lot COA editor isolation[2m > [22m[2mreplays confirmation with the original version and skips a duplicate PUT
[22m[39mThe current testing environment is not configured to support act(...)
The current testing environment is not configured to support act(...)
The current testing environment is not configured to support act(...)
The current testing environment is not configured to support act(...)

[90mstderr[2m | client/src/research/pages/adminx/LotCoasAdmin.test.tsx[2m > [22m[2mWebsite 4 exact-lot COA editor isolation[2m > [22m[2mreplays confirmation with the original version and skips a duplicate PUT
[22m[39mThe current testing environment is not configured to support act(...)
The current testing environment is not configured to support act(...)

[90mstderr[2m | client/src/research/pages/adminx/LotCoasAdmin.test.tsx[2m > [22m[2mWebsite 4 exact-lot COA editor isolation[2m > [22m[2mreplays confirmation with the original version and skips a duplicate PUT
[22m[39mThe current testing environment is not configured to support act(...)

[90mstderr[2m | client/src/research/pages/adminx/LotCoasAdmin.test.tsx[2m > [22m[2mWebsite 4 exact-lot COA editor isolation[2m > [22m[2mreplays confirmation with the original version and skips a duplicate PUT
[22m[39mThe current testing environment is not configured to support act(...)

[90mstderr[2m | client/src/research/pages/adminx/LotCoasAdmin.test.tsx[2m > [22m[2mWebsite 4 exact-lot COA editor isolation[2m > [22m[2mreplays confirmation with the original version and skips a duplicate PUT
[22m[39mThe current testing environment is not configured to support act(...)

[90mstderr[2m | client/src/research/pages/adminx/LotCoasAdmin.test.tsx[2m > [22m[2mWebsite 4 exact-lot COA editor isolation[2m > [22m[2mreplays confirmation with the original version and skips a duplicate PUT
[22m[39mThe current testing environment is not configured to support act(...)
The current testing environment is not configured to support act(...)

[90mstderr[2m | client/src/research/pages/adminx/LotCoasAdmin.test.tsx[2m > [22m[2mWebsite 4 exact-lot COA editor isolation[2m > [22m[2mreplays confirmation with the original version and skips a duplicate PUT
[22m[39mThe current testing environment is not configured to support act(...)

[90mstderr[2m | client/src/research/pages/adminx/LotCoasAdmin.test.tsx[2m > [22m[2mWebsite 4 exact-lot COA editor isolation[2m > [22m[2mreplays confirmation with the original version and skips a duplicate PUT
[22m[39mThe current testing environment is not configured to support act(...)

[90mstderr[2m | client/src/research/pages/adminx/LotCoasAdmin.test.tsx[2m > [22m[2mWebsite 4 exact-lot COA editor isolation[2m > [22m[2mreplays confirmation with the original version and skips a duplicate PUT
[22m[39mThe current testing environment is not configured to support act(...)
The current testing environment is not configured to support act(...)
The current testing environment is not configured to support act(...)
The current testing environment is not configured to support act(...)
The current testing environment is not configured to support act(...)

[90mstderr[2m | client/src/research/pages/adminx/LotCoasAdmin.test.tsx[2m > [22m[2mWebsite 4 exact-lot COA editor isolation[2m > [22m[2mreplays confirmation with the original version and skips a duplicate PUT
[22m[39mThe current testing environment is not configured to support act(...)
The current testing environment is not configured to support act(...)

[90mstderr[2m | client/src/research/pages/adminx/LotCoasAdmin.test.tsx[2m > [22m[2mWebsite 4 exact-lot COA editor isolation[2m > [22m[2mreplays confirmation with the original version and skips a duplicate PUT
[22m[39mThe current testing environment is not configured to support act(...)

[90mstderr[2m | client/src/research/pages/adminx/LotCoasAdmin.test.tsx[2m > [22m[2mWebsite 4 exact-lot COA editor isolation[2m > [22m[2mreplays confirmation with the original version and skips a duplicate PUT
[22m[39mThe current testing environment is not configured to support act(...)

[90mstderr[2m | client/src/research/pages/adminx/LotCoasAdmin.test.tsx[2m > [22m[2mWebsite 4 exact-lot COA editor isolation[2m > [22m[2mreplays confirmation with the original version and skips a duplicate PUT
[22m[39mThe current testing environment is not configured to support act(...)
The current testing environment is not configured to support act(...)
The current testing environment is not configured to support act(...)
The current testing environment is not configured to support act(...)
The current testing environment is not configured to support act(...)

[90mstderr[2m | client/src/research/pages/adminx/LotCoasAdmin.test.tsx[2m > [22m[2mWebsite 4 exact-lot COA editor isolation[2m > [22m[2mreplays confirmation with the original version and skips a duplicate PUT
[22m[39mThe current testing environment is not configured to support act(...)
The current testing environment is not configured to support act(...)
The current testing environment is not configured to support act(...)

[90mstderr[2m | client/src/research/pages/adminx/LotCoasAdmin.test.tsx[2m > [22m[2mWebsite 4 exact-lot COA editor isolation[2m > [22m[2mreplays confirmation with the original version and skips a duplicate PUT
[22m[39mThe current testing environment is not configured to support act(...)
The current testing environment is not configured to support act(...)

[90mstderr[2m | client/src/research/pages/adminx/LotCoasAdmin.test.tsx[2m > [22m[2mWebsite 4 exact-lot COA editor isolation[2m > [22m[2mreplays confirmation with the original version and skips a duplicate PUT
[22m[39mThe current testing environment is not configured to support act(...)

[90mstderr[2m | client/src/research/pages/adminx/LotCoasAdmin.test.tsx[2m > [22m[2mWebsite 4 exact-lot COA editor isolation[2m > [22m[2mremoves another admin's envelope and lets the new principal start independently
[22m[39mThe current testing environment is not configured to support act(...)

[90mstderr[2m | client/src/research/pages/adminx/LotCoasAdmin.test.tsx[2m > [22m[2mWebsite 4 exact-lot COA editor isolation[2m > [22m[2mremoves another admin's envelope and lets the new principal start independently
[22m[39mThe current testing environment is not configured to support act(...)
The current testing environment is not configured to support act(...)
The current testing environment is not configured to support act(...)
The current testing environment is not configured to support act(...)

[90mstderr[2m | client/src/research/pages/adminx/LotCoasAdmin.test.tsx[2m > [22m[2mWebsite 4 exact-lot COA editor isolation[2m > [22m[2mremoves another admin's envelope and lets the new principal start independently
[22m[39mThe current testing environment is not configured to support act(...)
The current testing environment is not configured to support act(...)

[90mstderr[2m | client/src/research/pages/adminx/LotCoasAdmin.test.tsx[2m > [22m[2mWebsite 4 exact-lot COA editor isolation[2m > [22m[2mremoves another admin's envelope and lets the new principal start independently
[22m[39mThe current testing environment is not configured to support act(...)

[90mstderr[2m | client/src/research/pages/adminx/LotCoasAdmin.test.tsx[2m > [22m[2mWebsite 4 exact-lot COA editor isolation[2m > [22m[2mremoves another admin's envelope and lets the new principal start independently
[22m[39mThe current testing environment is not configured to support act(...)
The current testing environment is not configured to support act(...)

[90mstderr[2m | client/src/research/pages/adminx/LotCoasAdmin.test.tsx[2m > [22m[2mWebsite 4 exact-lot COA editor isolation[2m > [22m[2mremoves another admin's envelope and lets the new principal start independently
[22m[39mThe current testing environment is not configured to support act(...)

[90mstderr[2m | client/src/research/pages/adminx/LotCoasAdmin.test.tsx[2m > [22m[2mWebsite 4 exact-lot COA editor isolation[2m > [22m[2mremoves another admin's envelope and lets the new principal start independently
[22m[39mThe current testing environment is not configured to support act(...)

[90mstderr[2m | client/src/research/pages/adminx/LotCoasAdmin.test.tsx[2m > [22m[2mWebsite 4 exact-lot COA editor isolation[2m > [22m[2mremoves another admin's envelope and lets the new principal start independently
[22m[39mThe current testing environment is not configured to support act(...)
The current testing environment is not configured to support act(...)
The current testing environment is not configured to support act(...)
The current testing environment is not configured to support act(...)

[90mstderr[2m | client/src/research/pages/adminx/LotCoasAdmin.test.tsx[2m > [22m[2mWebsite 4 exact-lot COA editor isolation[2m > [22m[2mremoves another admin's envelope and lets the new principal start independently
[22m[39mThe current testing environment is not configured to support act(...)
The current testing environment is not configured to support act(...)

[90mstderr[2m | client/src/research/pages/adminx/LotCoasAdmin.test.tsx[2m > [22m[2mWebsite 4 exact-lot COA editor isolation[2m > [22m[2mremoves another admin's envelope and lets the new principal start independently
[22m[39mThe current testing environment is not configured to support act(...)

[90mstderr[2m | client/src/research/pages/adminx/LotCoasAdmin.test.tsx[2m > [22m[2mWebsite 4 exact-lot COA editor isolation[2m > [22m[2mremoves another admin's envelope and lets the new principal start independently
[22m[39mThe current testing environment is not configured to support act(...)

[90mstderr[2m | client/src/research/pages/adminx/LotCoasAdmin.test.tsx[2m > [22m[2mWebsite 4 exact-lot COA editor isolation[2m > [22m[2mremoves another admin's envelope and lets the new principal start independently
[22m[39mThe current testing environment is not configured to support act(...)

[90mstderr[2m | client/src/research/pages/adminx/LotCoasAdmin.test.tsx[2m > [22m[2mWebsite 4 exact-lot COA editor isolation[2m > [22m[2mremoves another admin's envelope and lets the new principal start independently
[22m[39mThe current testing environment is not configured to support act(...)
The current testing environment is not configured to support act(...)
The current testing environment is not configured to support act(...)
The current testing environment is not configured to support act(...)
The current testing environment is not configured to support act(...)

[90mstderr[2m | client/src/research/pages/adminx/LotCoasAdmin.test.tsx[2m > [22m[2mWebsite 4 exact-lot COA editor isolation[2m > [22m[2mremoves another admin's envelope and lets the new principal start independently
[22m[39mThe current testing environment is not configured to support act(...)
The current testing environment is not configured to support act(...)
The current testing environment is not configured to support act(...)

[90mstderr[2m | client/src/research/pages/adminx/LotCoasAdmin.test.tsx[2m > [22m[2mWebsite 4 exact-lot COA editor isolation[2m > [22m[2mremoves another admin's envelope and lets the new principal start independently
[22m[39mThe current testing environment is not configured to support act(...)
The current testing environment is not configured to support act(...)

[90mstderr[2m | client/src/research/pages/adminx/LotCoasAdmin.test.tsx[2m > [22m[2mWebsite 4 exact-lot COA editor isolation[2m > [22m[2mremoves another admin's envelope and lets the new principal start independently
[22m[39mThe current testing environment is not configured to support act(...)

[90mstderr[2m | client/src/research/pages/adminx/LotCoasAdmin.test.tsx[2m > [22m[2mWebsite 4 exact-lot COA editor isolation[2m > [22m[2mretires a committed preparation before clearing the envelope on canonical sign-out
[22m[39mThe current testing environment is not configured to support act(...)

[90mstderr[2m | client/src/research/pages/adminx/LotCoasAdmin.test.tsx[2m > [22m[2mWebsite 4 exact-lot COA editor isolation[2m > [22m[2mretires a committed preparation before clearing the envelope on canonical sign-out
[22m[39mThe current testing environment is not configured to support act(...)
The current testing environment is not configured to support act(...)
The current testing environment is not configured to support act(...)
The current testing environment is not configured to support act(...)

[90mstderr[2m | client/src/research/pages/adminx/LotCoasAdmin.test.tsx[2m > [22m[2mWebsite 4 exact-lot COA editor isolation[2m > [22m[2mretires a committed preparation before clearing the envelope on canonical sign-out
[22m[39mThe current testing environment is not configured to support act(...)
The current testing environment is not configured to support act(...)

[90mstderr[2m | client/src/research/pages/adminx/LotCoasAdmin.test.tsx[2m > [22m[2mWebsite 4 exact-lot COA editor isolation[2m > [22m[2mretires a committed preparation before clearing the envelope on canonical sign-out
[22m[39mThe current testing environment is not configured to support act(...)

[90mstderr[2m | client/src/research/pages/adminx/LotCoasAdmin.test.tsx[2m > [22m[2mWebsite 4 exact-lot COA editor isolation[2m > [22m[2mretires a committed preparation before clearing the envelope on canonical sign-out
[22m[39mThe current testing environment is not configured to support act(...)
The current testing environment is not configured to support act(...)

[90mstderr[2m | client/src/research/pages/adminx/LotCoasAdmin.test.tsx[2m > [22m[2mWebsite 4 exact-lot COA editor isolation[2m > [22m[2mretires a committed preparation before clearing the envelope on canonical sign-out
[22m[39mThe current testing environment is not configured to support act(...)

[90mstderr[2m | client/src/research/pages/adminx/LotCoasAdmin.test.tsx[2m > [22m[2mWebsite 4 exact-lot COA editor isolation[2m > [22m[2mretires a committed preparation before clearing the envelope on canonical sign-out
[22m[39mThe current testing environment is not configured to support act(...)

[90mstderr[2m | client/src/research/pages/adminx/LotCoasAdmin.test.tsx[2m > [22m[2mWebsite 4 exact-lot COA editor isolation[2m > [22m[2mretires a committed preparation before clearing the envelope on canonical sign-out
[22m[39mThe current testing environment is not configured to support act(...)

[90mstderr[2m | client/src/research/pages/adminx/LotCoasAdmin.test.tsx[2m > [22m[2mWebsite 4 exact-lot COA editor isolation[2m > [22m[2mretains the exact recovery authority when sign-out cancellation transport fails
[22m[39mThe current testing environment is not configured to support act(...)

[90mstderr[2m | client/src/research/pages/adminx/LotCoasAdmin.test.tsx[2m > [22m[2mWebsite 4 exact-lot COA editor isolation[2m > [22m[2mretains the exact recovery authority when sign-out cancellation transport fails
[22m[39mThe current testing environment is not configured to support act(...)
The current testing environment is not configured to support act(...)
The current testing environment is not configured to support act(...)
The current testing environment is not configured to support act(...)

[90mstderr[2m | client/src/research/pages/adminx/LotCoasAdmin.test.tsx[2m > [22m[2mWebsite 4 exact-lot COA editor isolation[2m > [22m[2mretains the exact recovery authority when sign-out cancellation transport fails
[22m[39mThe current testing environment is not configured to support act(...)
The current testing environment is not configured to support act(...)

[90mstderr[2m | client/src/research/pages/adminx/LotCoasAdmin.test.tsx[2m > [22m[2mWebsite 4 exact-lot COA editor isolation[2m > [22m[2mretains the exact recovery authority when sign-out cancellation transport fails
[22m[39mThe current testing environment is not configured to support act(...)

[90mstderr[2m | client/src/research/pages/adminx/LotCoasAdmin.test.tsx[2m > [22m[2mWebsite 4 exact-lot COA editor isolation[2m > [22m[2mretains the exact recovery authority when sign-out cancellation transport fails
[22m[39mThe current testing environment is not configured to support act(...)
The current testing environment is not configured to support act(...)

[90mstderr[2m | client/src/research/pages/adminx/LotCoasAdmin.test.tsx[2m > [22m[2mWebsite 4 exact-lot COA editor isolation[2m > [22m[2mretains the exact recovery authority when sign-out cancellation transport fails
[22m[39mThe current testing environment is not configured to support act(...)

[90mstderr[2m | client/src/research/pages/adminx/LotCoasAdmin.test.tsx[2m > [22m[2mWebsite 4 exact-lot COA editor isolation[2m > [22m[2mretains the exact recovery authority when sign-out cancellation transport fails
[22m[39mThe current testing environment is not configured to support act(...)

[90mstderr[2m | client/src/research/pages/adminx/LotCoasAdmin.test.tsx[2m > [22m[2mWebsite 4 exact-lot COA editor isolation[2m > [22m[2mretains the exact recovery authority when sign-out cancellation transport fails
[22m[39mThe current testing environment is not configured to support act(...)

[90mstderr[2m | client/src/research/pages/adminx/LotCoasAdmin.test.tsx[2m > [22m[2mWebsite 4 exact-lot COA editor isolation[2m > [22m[2mretains the exact recovery authority when sign-out cancellation transport fails
[22m[39mThe current testing environment is not configured to support act(...)

[90mstderr[2m | client/src/research/pages/adminx/LotCoasAdmin.test.tsx[2m > [22m[2mWebsite 4 exact-lot COA editor isolation[2m > [22m[2mretains the exact recovery authority when sign-out cancellation transport fails
[22m[39mThe current testing environment is not configured to support act(...)

[90mstderr[2m | client/src/research/pages/adminx/LotCoasAdmin.test.tsx[2m > [22m[2mWebsite 4 exact-lot COA editor isolation[2m > [22m[2mretains the exact recovery authority when sign-out cancellation transport fails
[22m[39mThe current testing environment is not configured to support act(...)
The current testing environment is not configured to support act(...)
The current testing environment is not configured to support act(...)
The current testing environment is not configured to support act(...)

[90mstderr[2m | client/src/research/pages/adminx/LotCoasAdmin.test.tsx[2m > [22m[2mWebsite 4 exact-lot COA editor isolation[2m > [22m[2mretains the exact recovery authority when sign-out cancellation transport fails
[22m[39mThe current testing environment is not configured to support act(...)

[90mstderr[2m | client/src/research/pages/adminx/LotCoasAdmin.test.tsx[2m > [22m[2mWebsite 4 exact-lot COA editor isolation[2m > [22m[2mstarts a new preparation when normalized upload metadata changes
[22m[39mThe current testing environment is not configured to support act(...)

[90mstderr[2m | client/src/research/pages/adminx/LotCoasAdmin.test.tsx[2m > [22m[2mWebsite 4 exact-lot COA editor isolation[2m > [22m[2mstarts a new preparation when normalized upload metadata changes
[22m[39mThe current testing environment is not configured to support act(...)
The current testing environment is not configured to support act(...)
The current testing environment is not configured to support act(...)
The current testing environment is not configured to support act(...)

[90mstderr[2m | client/src/research/pages/adminx/LotCoasAdmin.test.tsx[2m > [22m[2mWebsite 4 exact-lot COA editor isolation[2m > [22m[2mstarts a new preparation when normalized upload metadata changes
[22m[39mThe current testing environment is not configured to support act(...)
The current testing environment is not configured to support act(...)

[90mstderr[2m | client/src/research/pages/adminx/LotCoasAdmin.test.tsx[2m > [22m[2mWebsite 4 exact-lot COA editor isolation[2m > [22m[2mstarts a new preparation when normalized upload metadata changes
[22m[39mThe current testing environment is not configured to support act(...)

[90mstderr[2m | client/src/research/pages/adminx/LotCoasAdmin.test.tsx[2m > [22m[2mWebsite 4 exact-lot COA editor isolation[2m > [22m[2mstarts a new preparation when normalized upload metadata changes
[22m[39mThe current testing environment is not configured to support act(...)
The current testing environment is not configured to support act(...)

[90mstderr[2m | client/src/research/pages/adminx/LotCoasAdmin.test.tsx[2m > [22m[2mWebsite 4 exact-lot COA editor isolation[2m > [22m[2mstarts a new preparation when normalized upload metadata changes
[22m[39mThe current testing environment is not configured to support act(...)
The current testing environment is not configured to support act(...)

[90mstderr[2m | client/src/research/pages/adminx/LotCoasAdmin.test.tsx[2m > [22m[2mWebsite 4 exact-lot COA editor isolation[2m > [22m[2mstarts a new preparation when normalized upload metadata changes
[22m[39mThe current testing environment is not configured to support act(...)

[90mstderr[2m | client/src/research/pages/adminx/LotCoasAdmin.test.tsx[2m > [22m[2mWebsite 4 exact-lot COA editor isolation[2m > [22m[2mstarts a new preparation when normalized upload metadata changes
[22m[39mThe current testing environment is not configured to support act(...)

[90mstderr[2m | client/src/research/pages/adminx/LotCoasAdmin.test.tsx[2m > [22m[2mWebsite 4 exact-lot COA editor isolation[2m > [22m[2mstarts a new preparation when normalized upload metadata changes
[22m[39mThe current testing environment is not configured to support act(...)

[90mstderr[2m | client/src/research/pages/adminx/LotCoasAdmin.test.tsx[2m > [22m[2mWebsite 4 exact-lot COA editor isolation[2m > [22m[2mstarts a new preparation when normalized upload metadata changes
[22m[39mThe current testing environment is not configured to support act(...)
The current testing environment is not configured to support act(...)
The current testing environment is not configured to support act(...)
The current testing environment is not configured to support act(...)
The current testing environment is not configured to support act(...)

[90mstderr[2m | client/src/research/pages/adminx/LotCoasAdmin.test.tsx[2m > [22m[2mWebsite 4 exact-lot COA editor isolation[2m > [22m[2mstarts a new preparation when normalized upload metadata changes
[22m[39mThe current testing environment is not configured to support act(...)
The current testing environment is not configured to support act(...)
The current testing environment is not configured to support act(...)

[90mstderr[2m | client/src/research/pages/adminx/LotCoasAdmin.test.tsx[2m > [22m[2mWebsite 4 exact-lot COA editor isolation[2m > [22m[2mstarts a new preparation when normalized upload metadata changes
[22m[39mThe current testing environment is not configured to support act(...)
The current testing environment is not configured to support act(...)

[90mstderr[2m | client/src/research/pages/adminx/LotCoasAdmin.test.tsx[2m > [22m[2mWebsite 4 exact-lot COA editor isolation[2m > [22m[2mstarts a new preparation when normalized upload metadata changes
[22m[39mThe current testing environment is not configured to support act(...)

 [32m✓[39m client/src/research/pages/adminx/LotCoasAdmin.test.tsx [2m([22m[2m7 tests[22m[2m)[22m[33m 410[2mms[22m[39m
 [32m✓[39m server/research/early-access/catalog/eligibility.test.ts [2m([22m[2m37 tests[22m[2m)[22m[32m 34[2mms[22m[39m
 [32m✓[39m server/research/commerce/persistence/partners-store.test.ts [2m([22m[2m39 tests[22m[2m)[22m[32m 19[2mms[22m[39m
 [32m✓[39m server/research/early-access/proof/submission-service.test.ts [2m([22m[2m31 tests[22m[2m)[22m[32m 34[2mms[22m[39m
 [32m✓[39m server/research/early-access/catalog/product-control-source.test.ts [2m([22m[2m34 tests[22m[2m)[22m[32m 31[2mms[22m[39m
 [32m✓[39m server/research/commerce/persistence/commissions-store.test.ts [2m([22m[2m30 tests[22m[2m)[22m[32m 22[2mms[22m[39m
 [32m✓[39m server/research/early-access/commerce/release-service.test.ts [2m([22m[2m25 tests[22m[2m)[22m[32m 77[2mms[22m[39m
 [32m✓[39m server/research/commerce/persistence/store-credit-store.test.ts [2m([22m[2m28 tests[22m[2m)[22m[32m 18[2mms[22m[39m
 [32m✓[39m server/research/early-access/commerce/verification-service.test.ts [2m([22m[2m28 tests[22m[2m)[22m[32m 70[2mms[22m[39m
 [32m✓[39m server/research/early-access/commerce/payment-verification.test.ts [2m([22m[2m35 tests[22m[2m)[22m[32m 36[2mms[22m[39m
 [32m✓[39m server/research/early-access/catalog/declared-facts-source.test.ts [2m([22m[2m27 tests[22m[2m)[22m[32m 20[2mms[22m[39m
 [32m✓[39m server/research/commerce/persistence/claims-store.test.ts [2m([22m[2m26 tests[22m[2m)[22m[32m 16[2mms[22m[39m
[90mstderr[2m | client/src/research/recovery-isolation.test.tsx[2m > [22m[2mreset page session hygiene[2m > [22m[2mpagehide clears the recovery session once before unmount can double-fire
[22m[39mAn update to ResearchProvider inside a test was not wrapped in act(...).

When testing, code that causes React state updates should be wrapped into act(...):

act(() => {
  /* fire events that update state */
});
/* assert on the output */

This ensures that you're testing the behavior the user would see in the browser. Learn more at https://react.dev/link/wrap-tests-with-act
An update to ResearchProvider inside a test was not wrapped in act(...).

When testing, code that causes React state updates should be wrapped into act(...):

act(() => {
  /* fire events that update state */
});
/* assert on the output */

This ensures that you're testing the behavior the user would see in the browser. Learn more at https://react.dev/link/wrap-tests-with-act
An update to ResearchProvider inside a test was not wrapped in act(...).

When testing, code that causes React state updates should be wrapped into act(...):

act(() => {
  /* fire events that update state */
});
/* assert on the output */

This ensures that you're testing the behavior the user would see in the browser. Learn more at https://react.dev/link/wrap-tests-with-act
An update to ResearchProvider inside a test was not wrapped in act(...).

When testing, code that causes React state updates should be wrapped into act(...):

act(() => {
  /* fire events that update state */
});
/* assert on the output */

This ensures that you're testing the behavior the user would see in the browser. Learn more at https://react.dev/link/wrap-tests-with-act
An update to ResearchProvider inside a test was not wrapped in act(...).

When testing, code that causes React state updates should be wrapped into act(...):

act(() => {
  /* fire events that update state */
});
/* assert on the output */

This ensures that you're testing the behavior the user would see in the browser. Learn more at https://react.dev/link/wrap-tests-with-act
An update to ResearchProvider inside a test was not wrapped in act(...).

When testing, code that causes React state updates should be wrapped into act(...):

act(() => {
  /* fire events that update state */
});
/* assert on the output */

This ensures that you're testing the behavior the user would see in the browser. Learn more at https://react.dev/link/wrap-tests-with-act

[90mstderr[2m | client/src/research/recovery-isolation.test.tsx[2m > [22m[2mreset page session hygiene[2m > [22m[2mvery-fast pagehide uses the synchronously captured provider token before async session lookup finishes
[22m[39mAn update to ResearchProvider inside a test was not wrapped in act(...).

When testing, code that causes React state updates should be wrapped into act(...):

act(() => {
  /* fire events that update state */
});
/* assert on the output */

This ensures that you're testing the behavior the user would see in the browser. Learn more at https://react.dev/link/wrap-tests-with-act
An update to ResearchProvider inside a test was not wrapped in act(...).

When testing, code that causes React state updates should be wrapped into act(...):

act(() => {
  /* fire events that update state */
});
/* assert on the output */

This ensures that you're testing the behavior the user would see in the browser. Learn more at https://react.dev/link/wrap-tests-with-act
An update to ResearchProvider inside a test was not wrapped in act(...).

When testing, code that causes React state updates should be wrapped into act(...):

act(() => {
  /* fire events that update state */
});
/* assert on the output */

This ensures that you're testing the behavior the user would see in the browser. Learn more at https://react.dev/link/wrap-tests-with-act
An update to ResearchProvider inside a test was not wrapped in act(...).

When testing, code that causes React state updates should be wrapped into act(...):

act(() => {
  /* fire events that update state */
});
/* assert on the output */

This ensures that you're testing the behavior the user would see in the browser. Learn more at https://react.dev/link/wrap-tests-with-act
An update to ResearchProvider inside a test was not wrapped in act(...).

When testing, code that causes React state updates should be wrapped into act(...):

act(() => {
  /* fire events that update state */
});
/* assert on the output */

This ensures that you're testing the behavior the user would see in the browser. Learn more at https://react.dev/link/wrap-tests-with-act
An update to ResearchProvider inside a test was not wrapped in act(...).

When testing, code that causes React state updates should be wrapped into act(...):

act(() => {
  /* fire events that update state */
});
/* assert on the output */

This ensures that you're testing the behavior the user would see in the browser. Learn more at https://react.dev/link/wrap-tests-with-act

[90mstderr[2m | client/src/research/recovery-isolation.test.tsx[2m > [22m[2mreset page session hygiene[2m > [22m[2mvery-fast pagehide uses the synchronously captured provider token before async session lookup finishes
[22m[39mAn update to ResearchProvider inside a test was not wrapped in act(...).

When testing, code that causes React state updates should be wrapped into act(...):

act(() => {
  /* fire events that update state */
});
/* assert on the output */

This ensures that you're testing the behavior the user would see in the browser. Learn more at https://react.dev/link/wrap-tests-with-act
An update to ResearchProvider inside a test was not wrapped in act(...).

When testing, code that causes React state updates should be wrapped into act(...):

act(() => {
  /* fire events that update state */
});
/* assert on the output */

This ensures that you're testing the behavior the user would see in the browser. Learn more at https://react.dev/link/wrap-tests-with-act

[90mstderr[2m | client/src/research/recovery-isolation.test.tsx[2m > [22m[2mreset page session hygiene[2m > [22m[2mnever captures or revokes a newer normal password session as recovery cleanup
[22m[39mAn update to ResearchProvider inside a test was not wrapped in act(...).

When testing, code that causes React state updates should be wrapped into act(...):

act(() => {
  /* fire events that update state */
});
/* assert on the output */

This ensures that you're testing the behavior the user would see in the browser. Learn more at https://react.dev/link/wrap-tests-with-act
An update to ResearchProvider inside a test was not wrapped in act(...).

When testing, code that causes React state updates should be wrapped into act(...):

act(() => {
  /* fire events that update state */
});
/* assert on the output */

This ensures that you're testing the behavior the user would see in the browser. Learn more at https://react.dev/link/wrap-tests-with-act
An update to ResearchProvider inside a test was not wrapped in act(...).

When testing, code that causes React state updates should be wrapped into act(...):

act(() => {
  /* fire events that update state */
});
/* assert on the output */

This ensures that you're testing the behavior the user would see in the browser. Learn more at https://react.dev/link/wrap-tests-with-act
An update to ResearchProvider inside a test was not wrapped in act(...).

When testing, code that causes React state updates should be wrapped into act(...):

act(() => {
  /* fire events that update state */
});
/* assert on the output */

This ensures that you're testing the behavior the user would see in the browser. Learn more at https://react.dev/link/wrap-tests-with-act
An update to ResearchProvider inside a test was not wrapped in act(...).

When testing, code that causes React state updates should be wrapped into act(...):

act(() => {
  /* fire events that update state */
});
/* assert on the output */

This ensures that you're testing the behavior the user would see in the browser. Learn more at https://react.dev/link/wrap-tests-with-act
An update to ResearchProvider inside a test was not wrapped in act(...).

When testing, code that causes React state updates should be wrapped into act(...):

act(() => {
  /* fire events that update state */
});
/* assert on the output */

This ensures that you're testing the behavior the user would see in the browser. Learn more at https://react.dev/link/wrap-tests-with-act

 [32m✓[39m client/src/research/recovery-isolation.test.tsx [2m([22m[2m18 tests[22m[2m)[22m[33m 464[2mms[22m[39m
 [32m✓[39m server/research/early-access/catalog/early-access-catalog.test.ts [2m([22m[2m27 tests[22m[2m)[22m[32m 35[2mms[22m[39m
 [32m✓[39m server/research/commerce/persistence/admin-queues-store.test.ts [2m([22m[2m21 tests[22m[2m)[22m[32m 21[2mms[22m[39m
[90mstderr[2m | server/research/early-access/release/founder-first-release-live-api.test.ts[2m > [22m[2mthe founder first-release seed against the founder-locked catalog[2m > [22m[2mresolves all 22 units exactly, with nothing unresolved and nothing bent
[22m[39m[early-access] Private Early Access is using the in-memory session store. This is for tests and local development only and does not survive a restart.

[90mstderr[2m | server/research/early-access/release/founder-first-release-live-api.test.ts[2m > [22m[2mGET /api/research/early-access/catalog, mounted and live[2m > [22m[2mreturns every seeded row to a bound approved customer, priced and truthfully held
[22m[39m[early-access] Private Early Access is using the in-memory session store. This is for tests and local development only and does not survive a restart.

[90mstdout[2m | server/research/early-access/release/founder-first-release-live-api.test.ts[2m > [22m[2mGET /api/research/early-access/catalog, mounted and live[2m > [22m[2mreturns every seeded row to a bound approved customer, priced and truthfully held
[22m[39m[live-22 proof] rows: [33m22[39m split: {"AVAILABLE":0,"AVAILABILITY_CONFIRMATION_REQUIRED":19,"TEMPORARILY_HELD":3} rows detail: AOD-9604 Research Material 5 mg 5600 AVAILABILITY_CONFIRMATION_REQUIRED; BPC-157 Research Material 10 mg 4750 AVAILABILITY_CONFIRMATION_REQUIRED; BPC-157 Research Material 5 mg 3350 AVAILABILITY_CONFIRMATION_REQUIRED; Cagrilintide 10 mg - AVAILABILITY_CONFIRMATION_REQUIRED; DSIP Research Material 10 mg 7000 AVAILABILITY_CONFIRMATION_REQUIRED; GHK-Cu Research Material 100 mg 4200 AVAILABILITY_CONFIRMATION_REQUIRED; GHK-Cu Research Material 50 mg 2250 AVAILABILITY_CONFIRMATION_REQUIRED; Glutathione Research Material 500 mg 4475 AVAILABILITY_CONFIRMATION_REQUIRED; Hexarelin 10 mg 8400 AVAILABILITY_CONFIRMATION_REQUIRED; Ipamorelin Research Material 10 mg 4750 AVAILABILITY_CONFIRMATION_REQUIRED; Kisspeptin-10 Research Material 10 mg 7000 AVAILABILITY_CONFIRMATION_REQUIRED; KPV Research Material 10 mg 5050 AVAILABILITY_CONFIRMATION_REQUIRED; MOTS-C Research Material 10 mg - TEMPORARILY_HELD; NAD+ Research Material 1000 mg 10075 AVAILABILITY_CONFIRMATION_REQUIRED; NAD+ Research Material 500 mg - TEMPORARILY_HELD; Oxytocin 5 mg 4475 AVAILABILITY_CONFIRMATION_REQUIRED; PT-141 Research Material 10 mg 3925 AVAILABILITY_CONFIRMATION_REQUIRED; Selank Research Material 10 mg 5325 AVAILABILITY_CONFIRMATION_REQUIRED; Semax Research Material 10 mg 5325 AVAILABILITY_CONFIRMATION_REQUIRED; Sermorelin Research Material 5 mg 5050 AVAILABILITY_CONFIRMATION_REQUIRED; Tesamorelin Research Material 10 mg - TEMPORARILY_HELD; Thymosin Alpha-1 Research Material 10 mg 10650 AVAILABILITY_CONFIRMATION_REQUIRED

[90mstderr[2m | server/research/early-access/release/founder-first-release-live-api.test.ts[2m > [22m[2mGET /api/research/early-access/catalog, mounted and live[2m > [22m[2manswers a password-only session with zero authorized rows, all held on audience
[22m[39m[early-access] Private Early Access is using the in-memory session store. This is for tests and local development only and does not survive a restart.

[90mstderr[2m | server/research/early-access/release/founder-first-release-live-api.test.ts[2m > [22m[2mwith Raw Peptides supply confirmed: the finish line[2m > [22m[2msells: confirmed supply plus founder release makes real units AVAILABLE, and an order lands
[22m[39m[early-access] Private Early Access is using the in-memory session store. This is for tests and local development only and does not survive a restart.

[90mstdout[2m | server/research/early-access/release/founder-first-release-live-api.test.ts[2m > [22m[2mwith Raw Peptides supply confirmed: the finish line[2m > [22m[2msells: confirmed supply plus founder release makes real units AVAILABLE, and an order lands
[22m[39m[finish-line] available: [33m18[39m held: [33m4[39m order: XEA-0000000000000001 payable: [33m9420[39m

 [32m✓[39m server/research/early-access/release/founder-first-release-live-api.test.ts [2m([22m[2m5 tests[22m[2m)[22m[33m 356[2mms[22m[39m
[90mstderr[2m | client/src/research/early-access/EarlyAccessAgreementSection.test.tsx[2m > [22m[2mwhat the customer is shown[2m > [22m[2mrenders the served Research Use Policy in full
[22m[39mThe current testing environment is not configured to support act(...)

[90mstderr[2m | client/src/research/early-access/EarlyAccessAgreementSection.test.tsx[2m > [22m[2mwhat the customer is shown[2m > [22m[2mrenders the served Research Use Policy in full
[22m[39mThe current testing environment is not configured to support act(...)
The current testing environment is not configured to support act(...)

[90mstderr[2m | client/src/research/early-access/EarlyAccessAgreementSection.test.tsx[2m > [22m[2mwhat the customer is shown[2m > [22m[2mrenders the served Research Use Policy in full
[22m[39mThe current testing environment is not configured to support act(...)

[90mstderr[2m | client/src/research/early-access/EarlyAccessAgreementSection.test.tsx[2m > [22m[2mwhat the customer is shown[2m > [22m[2mshows the research-use policy and NOT the draft Terms or draft Privacy documents
[22m[39mThe current testing environment is not configured to support act(...)

[90mstderr[2m | client/src/research/early-access/EarlyAccessAgreementSection.test.tsx[2m > [22m[2mwhat the customer is shown[2m > [22m[2mshows the research-use policy and NOT the draft Terms or draft Privacy documents
[22m[39mThe current testing environment is not configured to support act(...)
The current testing environment is not configured to support act(...)

[90mstderr[2m | client/src/research/early-access/EarlyAccessAgreementSection.test.tsx[2m > [22m[2mwhat the customer is shown[2m > [22m[2mshows the research-use policy and NOT the draft Terms or draft Privacy documents
[22m[39mThe current testing environment is not configured to support act(...)

[90mstderr[2m | client/src/research/early-access/EarlyAccessAgreementSection.test.tsx[2m > [22m[2mwhat the customer is shown[2m > [22m[2muses the exact assent line, and does not combine it with anything else
[22m[39mThe current testing environment is not configured to support act(...)

[90mstderr[2m | client/src/research/early-access/EarlyAccessAgreementSection.test.tsx[2m > [22m[2mwhat the customer is shown[2m > [22m[2muses the exact assent line, and does not combine it with anything else
[22m[39mThe current testing environment is not configured to support act(...)
The current testing environment is not configured to support act(...)

[90mstderr[2m | client/src/research/early-access/EarlyAccessAgreementSection.test.tsx[2m > [22m[2mwhat the customer is shown[2m > [22m[2muses the exact assent line, and does not combine it with anything else
[22m[39mThe current testing environment is not configured to support act(...)

[90mstderr[2m | client/src/research/early-access/EarlyAccessAgreementSection.test.tsx[2m > [22m[2mwhat the customer is shown[2m > [22m[2mshows a loading state before the policy arrives
[22m[39mThe current testing environment is not configured to support act(...)

[90mstderr[2m | client/src/research/early-access/EarlyAccessAgreementSection.test.tsx[2m > [22m[2mwhat the customer is shown[2m > [22m[2mshows a loading state before the policy arrives
[22m[39mThe current testing environment is not configured to support act(...)

[90mstderr[2m | client/src/research/early-access/EarlyAccessAgreementSection.test.tsx[2m > [22m[2mwhat the customer is shown[2m > [22m[2mrefuses to collect agreement to a policy that did not load
[22m[39mThe current testing environment is not configured to support act(...)

[90mstderr[2m | client/src/research/early-access/EarlyAccessAgreementSection.test.tsx[2m > [22m[2mwhat the customer is shown[2m > [22m[2mrefuses to collect agreement to a policy that did not load
[22m[39mThe current testing environment is not configured to support act(...)
The current testing environment is not configured to support act(...)

[90mstderr[2m | client/src/research/early-access/EarlyAccessAgreementSection.test.tsx[2m > [22m[2mwhat the customer is shown[2m > [22m[2mrefuses to collect agreement to a policy that did not load
[22m[39mThe current testing environment is not configured to support act(...)

[90mstderr[2m | client/src/research/early-access/EarlyAccessAgreementSection.test.tsx[2m > [22m[2mwhat the customer is shown[2m > [22m[2msays the session lapsed rather than showing an unanswerable form
[22m[39mThe current testing environment is not configured to support act(...)

[90mstderr[2m | client/src/research/early-access/EarlyAccessAgreementSection.test.tsx[2m > [22m[2mwhat the customer is shown[2m > [22m[2msays the session lapsed rather than showing an unanswerable form
[22m[39mThe current testing environment is not configured to support act(...)
The current testing environment is not configured to support act(...)

[90mstderr[2m | client/src/research/early-access/EarlyAccessAgreementSection.test.tsx[2m > [22m[2mwhat the customer is shown[2m > [22m[2msays the session lapsed rather than showing an unanswerable form
[22m[39mThe current testing environment is not configured to support act(...)

[90mstderr[2m | client/src/research/early-access/EarlyAccessAgreementSection.test.tsx[2m > [22m[2magreeing on purpose[2m > [22m[2mstarts unchecked, every time
[22m[39mThe current testing environment is not configured to support act(...)

[90mstderr[2m | client/src/research/early-access/EarlyAccessAgreementSection.test.tsx[2m > [22m[2magreeing on purpose[2m > [22m[2mstarts unchecked, every time
[22m[39mThe current testing environment is not configured to support act(...)
The current testing environment is not configured to support act(...)

[90mstderr[2m | client/src/research/early-access/EarlyAccessAgreementSection.test.tsx[2m > [22m[2magreeing on purpose[2m > [22m[2mstarts unchecked, every time
[22m[39mThe current testing environment is not configured to support act(...)

[90mstderr[2m | client/src/research/early-access/EarlyAccessAgreementSection.test.tsx[2m > [22m[2magreeing on purpose[2m > [22m[2mkeeps the continuation unavailable until the box is ticked AND the write succeeds
[22m[39mThe current testing environment is not configured to support act(...)

[90mstderr[2m | client/src/research/early-access/EarlyAccessAgreementSection.test.tsx[2m > [22m[2magreeing on purpose[2m > [22m[2mkeeps the continuation unavailable until the box is ticked AND the write succeeds
[22m[39mThe current testing environment is not configured to support act(...)
The current testing environment is not configured to support act(...)

[90mstderr[2m | client/src/research/early-access/EarlyAccessAgreementSection.test.tsx[2m > [22m[2magreeing on purpose[2m > [22m[2mkeeps the continuation unavailable until the box is ticked AND the write succeeds
[22m[39mThe current testing environment is not configured to support act(...)

[90mstderr[2m | client/src/research/early-access/EarlyAccessAgreementSection.test.tsx[2m > [22m[2magreeing on purpose[2m > [22m[2mkeeps the continuation unavailable until the box is ticked AND the write succeeds
[22m[39mThe current testing environment is not configured to support act(...)

[90mstderr[2m | client/src/research/early-access/EarlyAccessAgreementSection.test.tsx[2m > [22m[2magreeing on purpose[2m > [22m[2mdoes not report an acceptance the server has not confirmed
[22m[39mThe current testing environment is not configured to support act(...)

[90mstderr[2m | client/src/research/early-access/EarlyAccessAgreementSection.test.tsx[2m > [22m[2magreeing on purpose[2m > [22m[2mdoes not report an acceptance the server has not confirmed
[22m[39mThe current testing environment is not configured to support act(...)
The current testing environment is not configured to support act(...)

[90mstderr[2m | client/src/research/early-access/EarlyAccessAgreementSection.test.tsx[2m > [22m[2magreeing on purpose[2m > [22m[2mdoes not report an acceptance the server has not confirmed
[22m[39mThe current testing environment is not configured to support act(...)

[90mstderr[2m | client/src/research/early-access/EarlyAccessAgreementSection.test.tsx[2m > [22m[2magreeing on purpose[2m > [22m[2mdoes not report an acceptance the server has not confirmed
[22m[39mThe current testing environment is not configured to support act(...)

[90mstderr[2m | client/src/research/early-access/EarlyAccessAgreementSection.test.tsx[2m > [22m[2magreeing on purpose[2m > [22m[2mrecords the acceptance and unlocks continuation
[22m[39mThe current testing environment is not configured to support act(...)

[90mstderr[2m | client/src/research/early-access/EarlyAccessAgreementSection.test.tsx[2m > [22m[2magreeing on purpose[2m > [22m[2mrecords the acceptance and unlocks continuation
[22m[39mThe current testing environment is not configured to support act(...)
The current testing environment is not configured to support act(...)

[90mstderr[2m | client/src/research/early-access/EarlyAccessAgreementSection.test.tsx[2m > [22m[2magreeing on purpose[2m > [22m[2mrecords the acceptance and unlocks continuation
[22m[39mThe current testing environment is not configured to support act(...)
The current testing environment is not configured to support act(...)

[90mstderr[2m | client/src/research/early-access/EarlyAccessAgreementSection.test.tsx[2m > [22m[2magreeing on purpose[2m > [22m[2mrecords the acceptance and unlocks continuation
[22m[39mThe current testing environment is not configured to support act(...)

[90mstderr[2m | client/src/research/early-access/EarlyAccessAgreementSection.test.tsx[2m > [22m[2magreeing on purpose[2m > [22m[2mrecords the acceptance and unlocks continuation
[22m[39mThe current testing environment is not configured to support act(...)

[90mstderr[2m | client/src/research/early-access/EarlyAccessAgreementSection.test.tsx[2m > [22m[2magreeing on purpose[2m > [22m[2mtreats a DUPLICATE acceptance as success, with no error shown
[22m[39mThe current testing environment is not configured to support act(...)

[90mstderr[2m | client/src/research/early-access/EarlyAccessAgreementSection.test.tsx[2m > [22m[2magreeing on purpose[2m > [22m[2mtreats a DUPLICATE acceptance as success, with no error shown
[22m[39mThe current testing environment is not configured to support act(...)
The current testing environment is not configured to support act(...)

[90mstderr[2m | client/src/research/early-access/EarlyAccessAgreementSection.test.tsx[2m > [22m[2magreeing on purpose[2m > [22m[2mtreats a DUPLICATE acceptance as success, with no error shown
[22m[39mThe current testing environment is not configured to support act(...)
The current testing environment is not configured to support act(...)

[90mstderr[2m | client/src/research/early-access/EarlyAccessAgreementSection.test.tsx[2m > [22m[2magreeing on purpose[2m > [22m[2mtreats a DUPLICATE acceptance as success, with no error shown
[22m[39mThe current testing environment is not configured to support act(...)

[90mstderr[2m | client/src/research/early-access/EarlyAccessAgreementSection.test.tsx[2m > [22m[2magreeing on purpose[2m > [22m[2mtreats a DUPLICATE acceptance as success, with no error shown
[22m[39mThe current testing environment is not configured to support act(...)

[90mstderr[2m | client/src/research/early-access/EarlyAccessAgreementSection.test.tsx[2m > [22m[2magreeing on purpose[2m > [22m[2mfails closed when the write genuinely fails
[22m[39mThe current testing environment is not configured to support act(...)

[90mstderr[2m | client/src/research/early-access/EarlyAccessAgreementSection.test.tsx[2m > [22m[2magreeing on purpose[2m > [22m[2mfails closed when the write genuinely fails
[22m[39mThe current testing environment is not configured to support act(...)
The current testing environment is not configured to support act(...)

[90mstderr[2m | client/src/research/early-access/EarlyAccessAgreementSection.test.tsx[2m > [22m[2magreeing on purpose[2m > [22m[2mfails closed when the write genuinely fails
[22m[39mThe current testing environment is not configured to support act(...)
The current testing environment is not configured to support act(...)

[90mstderr[2m | client/src/research/early-access/EarlyAccessAgreementSection.test.tsx[2m > [22m[2magreeing on purpose[2m > [22m[2mfails closed when the write genuinely fails
[22m[39mThe current testing environment is not configured to support act(...)

[90mstderr[2m | client/src/research/early-access/EarlyAccessAgreementSection.test.tsx[2m > [22m[2magreeing on purpose[2m > [22m[2mfails closed when the write genuinely fails
[22m[39mThe current testing environment is not configured to support act(...)

[90mstderr[2m | client/src/research/early-access/EarlyAccessAgreementSection.test.tsx[2m > [22m[2macceptance survives a refresh, because the server remembers it[2m > [22m[2mreads the acceptance back from the server on mount
[22m[39mThe current testing environment is not configured to support act(...)

[90mstderr[2m | client/src/research/early-access/EarlyAccessAgreementSection.test.tsx[2m > [22m[2macceptance survives a refresh, because the server remembers it[2m > [22m[2mreads the acceptance back from the server on mount
[22m[39mThe current testing environment is not configured to support act(...)
The current testing environment is not configured to support act(...)

[90mstderr[2m | client/src/research/early-access/EarlyAccessAgreementSection.test.tsx[2m > [22m[2macceptance survives a refresh, because the server remembers it[2m > [22m[2mreads the acceptance back from the server on mount
[22m[39mThe current testing environment is not configured to support act(...)

[90mstderr[2m | client/src/research/early-access/EarlyAccessAgreementSection.test.tsx[2m > [22m[2macceptance survives a refresh, because the server remembers it[2m > [22m[2mwrites nothing to browser storage
[22m[39mThe current testing environment is not configured to support act(...)

[90mstderr[2m | client/src/research/early-access/EarlyAccessAgreementSection.test.tsx[2m > [22m[2macceptance survives a refresh, because the server remembers it[2m > [22m[2mwrites nothing to browser storage
[22m[39mThe current testing environment is not configured to support act(...)
The current testing environment is not configured to support act(...)

[90mstderr[2m | client/src/research/early-access/EarlyAccessAgreementSection.test.tsx[2m > [22m[2macceptance survives a refresh, because the server remembers it[2m > [22m[2mwrites nothing to browser storage
[22m[39mThe current testing environment is not configured to support act(...)
The current testing environment is not configured to support act(...)

[90mstderr[2m | client/src/research/early-access/EarlyAccessAgreementSection.test.tsx[2m > [22m[2macceptance survives a refresh, because the server remembers it[2m > [22m[2mwrites nothing to browser storage
[22m[39mThe current testing environment is not configured to support act(...)

[90mstderr[2m | client/src/research/early-access/EarlyAccessAgreementSection.test.tsx[2m > [22m[2macceptance survives a refresh, because the server remembers it[2m > [22m[2mwrites nothing to browser storage
[22m[39mThe current testing environment is not configured to support act(...)

[90mstderr[2m | client/src/research/early-access/EarlyAccessAgreementSection.test.tsx[2m > [22m[2mkeyboard, focus and small screens[2m > [22m[2mgives the assent a real label bound to a real checkbox
[22m[39mThe current testing environment is not configured to support act(...)

[90mstderr[2m | client/src/research/early-access/EarlyAccessAgreementSection.test.tsx[2m > [22m[2mkeyboard, focus and small screens[2m > [22m[2mgives the assent a real label bound to a real checkbox
[22m[39mThe current testing environment is not configured to support act(...)
The current testing environment is not configured to support act(...)

[90mstderr[2m | client/src/research/early-access/EarlyAccessAgreementSection.test.tsx[2m > [22m[2mkeyboard, focus and small screens[2m > [22m[2mgives the assent a real label bound to a real checkbox
[22m[39mThe current testing environment is not configured to support act(...)

[90mstderr[2m | client/src/research/early-access/EarlyAccessAgreementSection.test.tsx[2m > [22m[2mkeyboard, focus and small screens[2m > [22m[2mkeeps the tick and the continuation in the tab order, and the button natively focusable
[22m[39mThe current testing environment is not configured to support act(...)

[90mstderr[2m | client/src/research/early-access/EarlyAccessAgreementSection.test.tsx[2m > [22m[2mkeyboard, focus and small screens[2m > [22m[2mkeeps the tick and the continuation in the tab order, and the button natively focusable
[22m[39mThe current testing environment is not configured to support act(...)
The current testing environment is not configured to support act(...)

[90mstderr[2m | client/src/research/early-access/EarlyAccessAgreementSection.test.tsx[2m > [22m[2mkeyboard, focus and small screens[2m > [22m[2mkeeps the tick and the continuation in the tab order, and the button natively focusable
[22m[39mThe current testing environment is not configured to support act(...)

[90mstderr[2m | client/src/research/early-access/EarlyAccessAgreementSection.test.tsx[2m > [22m[2mkeyboard, focus and small screens[2m > [22m[2mkeeps the tick and the continuation in the tab order, and the button natively focusable
[22m[39mThe current testing environment is not configured to support act(...)

[90mstderr[2m | client/src/research/early-access/EarlyAccessAgreementSection.test.tsx[2m > [22m[2mkeyboard, focus and small screens[2m > [22m[2mannounces the outcome politely rather than silently swapping the screen
[22m[39mThe current testing environment is not configured to support act(...)

[90mstderr[2m | client/src/research/early-access/EarlyAccessAgreementSection.test.tsx[2m > [22m[2mkeyboard, focus and small screens[2m > [22m[2mannounces the outcome politely rather than silently swapping the screen
[22m[39mThe current testing environment is not configured to support act(...)
The current testing environment is not configured to support act(...)

[90mstderr[2m | client/src/research/early-access/EarlyAccessAgreementSection.test.tsx[2m > [22m[2mkeyboard, focus and small screens[2m > [22m[2mannounces the outcome politely rather than silently swapping the screen
[22m[39mThe current testing environment is not configured to support act(...)

[90mstderr[2m | client/src/research/early-access/EarlyAccessAgreementSection.test.tsx[2m > [22m[2mkeyboard, focus and small screens[2m > [22m[2mconstrains its own width and never forces the page to scroll sideways
[22m[39mThe current testing environment is not configured to support act(...)

[90mstderr[2m | client/src/research/early-access/EarlyAccessAgreementSection.test.tsx[2m > [22m[2mkeyboard, focus and small screens[2m > [22m[2mconstrains its own width and never forces the page to scroll sideways
[22m[39mThe current testing environment is not configured to support act(...)
The current testing environment is not configured to support act(...)

[90mstderr[2m | client/src/research/early-access/EarlyAccessAgreementSection.test.tsx[2m > [22m[2mkeyboard, focus and small screens[2m > [22m[2mconstrains its own width and never forces the page to scroll sideways
[22m[39mThe current testing environment is not configured to support act(...)

[90mstderr[2m | client/src/research/early-access/EarlyAccessAgreementSection.test.tsx[2m > [22m[2mit reads the policy and the standing once[2m > [22m[2mdoes not re-read itself forever when it uses its own default loaders
[22m[39mThe current testing environment is not configured to support act(...)

[90mstderr[2m | client/src/research/early-access/EarlyAccessAgreementSection.test.tsx[2m > [22m[2mit reads the policy and the standing once[2m > [22m[2mdoes not re-read itself forever when it uses its own default loaders
[22m[39mThe current testing environment is not configured to support act(...)
The current testing environment is not configured to support act(...)

[90mstderr[2m | client/src/research/early-access/EarlyAccessAgreementSection.test.tsx[2m > [22m[2mit reads the policy and the standing once[2m > [22m[2mdoes not re-read itself forever when it uses its own default loaders
[22m[39mThe current testing environment is not configured to support act(...)

[90mstderr[2m | client/src/research/early-access/EarlyAccessAgreementSection.test.tsx[2m > [22m[2msigned in, but not verified against an approved account[2m > [22m[2mdoes not claim the session ended, and offers no checkbox
[22m[39mThe current testing environment is not configured to support act(...)

[90mstderr[2m | client/src/research/early-access/EarlyAccessAgreementSection.test.tsx[2m > [22m[2msigned in, but not verified against an approved account[2m > [22m[2mdoes not claim the session ended, and offers no checkbox
[22m[39mThe current testing environment is not configured to support act(...)
The current testing environment is not configured to support act(...)

[90mstderr[2m | client/src/research/early-access/EarlyAccessAgreementSection.test.tsx[2m > [22m[2msigned in, but not verified against an approved account[2m > [22m[2mdoes not claim the session ended, and offers no checkbox
[22m[39mThe current testing environment is not configured to support act(...)

[90mstderr[2m | client/src/research/early-access/EarlyAccessAgreementSection.test.tsx[2m > [22m[2msigned in, but not verified against an approved account[2m > [22m[2mtells the surrounding journey why, so the page cannot contradict itself
[22m[39mThe current testing environment is not configured to support act(...)

[90mstderr[2m | client/src/research/early-access/EarlyAccessAgreementSection.test.tsx[2m > [22m[2msigned in, but not verified against an approved account[2m > [22m[2mtells the surrounding journey why, so the page cannot contradict itself
[22m[39mThe current testing environment is not configured to support act(...)
The current testing environment is not configured to support act(...)

[90mstderr[2m | client/src/research/early-access/EarlyAccessAgreementSection.test.tsx[2m > [22m[2msigned in, but not verified against an approved account[2m > [22m[2mtells the surrounding journey why, so the page cannot contradict itself
[22m[39mThe current testing environment is not configured to support act(...)

[90mstderr[2m | client/src/research/early-access/EarlyAccessAgreementSection.test.tsx[2m > [22m[2msigned in, but not verified against an approved account[2m > [22m[2mreports an unverified acceptance attempt without unlocking anything
[22m[39mThe current testing environment is not configured to support act(...)

[90mstderr[2m | client/src/research/early-access/EarlyAccessAgreementSection.test.tsx[2m > [22m[2msigned in, but not verified against an approved account[2m > [22m[2mreports an unverified acceptance attempt without unlocking anything
[22m[39mThe current testing environment is not configured to support act(...)
The current testing environment is not configured to support act(...)

[90mstderr[2m | client/src/research/early-access/EarlyAccessAgreementSection.test.tsx[2m > [22m[2msigned in, but not verified against an approved account[2m > [22m[2mreports an unverified acceptance attempt without unlocking anything
[22m[39mThe current testing environment is not configured to support act(...)
The current testing environment is not configured to support act(...)

[90mstderr[2m | client/src/research/early-access/EarlyAccessAgreementSection.test.tsx[2m > [22m[2msigned in, but not verified against an approved account[2m > [22m[2mreports an unverified acceptance attempt without unlocking anything
[22m[39mThe current testing environment is not configured to support act(...)

[90mstderr[2m | client/src/research/early-access/EarlyAccessAgreementSection.test.tsx[2m > [22m[2msigned in, but not verified against an approved account[2m > [22m[2mreports an unverified acceptance attempt without unlocking anything
[22m[39mThe current testing environment is not configured to support act(...)

[90mstderr[2m | client/src/research/early-access/EarlyAccessAgreementSection.test.tsx[2m > [22m[2monce accepted, the policy collapses instead of burying the catalogue[2m > [22m[2mdoes not render the policy expanded by default
[22m[39mThe current testing environment is not configured to support act(...)

[90mstderr[2m | client/src/research/early-access/EarlyAccessAgreementSection.test.tsx[2m > [22m[2monce accepted, the policy collapses instead of burying the catalogue[2m > [22m[2mdoes not render the policy expanded by default
[22m[39mThe current testing environment is not configured to support act(...)
The current testing environment is not configured to support act(...)

[90mstderr[2m | client/src/research/early-access/EarlyAccessAgreementSection.test.tsx[2m > [22m[2monce accepted, the policy collapses instead of burying the catalogue[2m > [22m[2mdoes not render the policy expanded by default
[22m[39mThe current testing environment is not configured to support act(...)

[90mstderr[2m | client/src/research/early-access/EarlyAccessAgreementSection.test.tsx[2m > [22m[2monce accepted, the policy collapses instead of burying the catalogue[2m > [22m[2mstill offers the exact policy through View policy, word for word
[22m[39mThe current testing environment is not configured to support act(...)

[90mstderr[2m | client/src/research/early-access/EarlyAccessAgreementSection.test.tsx[2m > [22m[2monce accepted, the policy collapses instead of burying the catalogue[2m > [22m[2mstill offers the exact policy through View policy, word for word
[22m[39mThe current testing environment is not configured to support act(...)
The current testing environment is not configured to support act(...)

[90mstderr[2m | client/src/research/early-access/EarlyAccessAgreementSection.test.tsx[2m > [22m[2monce accepted, the policy collapses instead of burying the catalogue[2m > [22m[2mstill offers the exact policy through View policy, word for word
[22m[39mThe current testing environment is not configured to support act(...)

[90mstderr[2m | client/src/research/early-access/EarlyAccessAgreementSection.test.tsx[2m > [22m[2monce accepted, the policy collapses instead of burying the catalogue[2m > [22m[2mstill shows the whole policy expanded BEFORE acceptance
[22m[39mThe current testing environment is not configured to support act(...)

[90mstderr[2m | client/src/research/early-access/EarlyAccessAgreementSection.test.tsx[2m > [22m[2monce accepted, the policy collapses instead of burying the catalogue[2m > [22m[2mstill shows the whole policy expanded BEFORE acceptance
[22m[39mThe current testing environment is not configured to support act(...)
The current testing environment is not configured to support act(...)

[90mstderr[2m | client/src/research/early-access/EarlyAccessAgreementSection.test.tsx[2m > [22m[2monce accepted, the policy collapses instead of burying the catalogue[2m > [22m[2mstill shows the whole policy expanded BEFORE acceptance
[22m[39mThe current testing environment is not configured to support act(...)

 [32m✓[39m client/src/research/early-access/EarlyAccessAgreementSection.test.tsx [2m([22m[2m25 tests[22m[2m)[22m[32m 230[2mms[22m[39m
 [32m✓[39m client/src/research/master-offerings/full-catalog.test.tsx [2m([22m[2m14 tests[22m[2m)[22m[32m 273[2mms[22m[39m
 [32m✓[39m client/src/research/early-access/EarlyAccessCheckoutJourney.test.tsx [2m([22m[2m14 tests[22m[2m)[22m[33m 1082[2mms[22m[39m
[90mstderr[2m | server/research/early-access/proof/mount.test.ts[2m > [22m[2mthe door only exists where it can keep a submission[2m > [22m[2mis NOT mounted when the durable dependencies were not supplied
[22m[39m[early-access] Private Early Access is using the in-memory session store. This is for tests and local development only and does not survive a restart.

[90mstderr[2m | server/research/early-access/proof/mount.test.ts[2m > [22m[2mthe door only exists where it can keep a submission[2m > [22m[2mis NOT mounted when the cart flag is off
[22m[39m[early-access] Private Early Access is using the in-memory session store. This is for tests and local development only and does not survive a restart.

[90mstderr[2m | server/research/early-access/proof/mount.test.ts[2m > [22m[2mthe mounted door, over HTTP[2m > [22m[2mrefuses an unauthenticated caller before it looks at anything
[22m[39m[early-access] Private Early Access is using the in-memory session store. This is for tests and local development only and does not survive a restart.

[90mstderr[2m | server/research/early-access/proof/mount.test.ts[2m > [22m[2mthe mounted door, over HTTP[2m > [22m[2manswers 404, not 403, for a checkout that is not the caller's
[22m[39m[early-access] Private Early Access is using the in-memory session store. This is for tests and local development only and does not survive a restart.

[90mstderr[2m | server/research/early-access/proof/mount.test.ts[2m > [22m[2mthe mounted door, over HTTP[2m > [22m[2maccepts a real upload, sends exactly one internal email, and names the product
[22m[39m[early-access] Private Early Access is using the in-memory session store. This is for tests and local development only and does not survive a restart.

[90mstderr[2m | server/research/early-access/proof/mount.test.ts[2m > [22m[2mthe mounted door, over HTTP[2m > [22m[2mrecords metadata only: no proof bytes reach the store
[22m[39m[early-access] Private Early Access is using the in-memory session store. This is for tests and local development only and does not survive a restart.

[90mstderr[2m | server/research/early-access/proof/mount.test.ts[2m > [22m[2mthe mounted door, over HTTP[2m > [22m[2manswers a repeat of the same claim with 200 and sends no second email
[22m[39m[early-access] Private Early Access is using the in-memory session store. This is for tests and local development only and does not survive a restart.

[90mstderr[2m | server/research/early-access/proof/mount.test.ts[2m > [22m[2mthe mounted door, over HTTP[2m > [22m[2mrefuses when the agreement standing is not satisfied, and sends nothing
[22m[39m[early-access] Private Early Access is using the in-memory session store. This is for tests and local development only and does not survive a restart.

[90mstderr[2m | server/research/early-access/proof/mount.test.ts[2m > [22m[2mthe mounted door, over HTTP[2m > [22m[2mrefuses a method the live presentation does not enable
[22m[39m[early-access] Private Early Access is using the in-memory session store. This is for tests and local development only and does not survive a restart.

[90mstderr[2m | server/research/early-access/proof/mount.test.ts[2m > [22m[2mthe mounted door, over HTTP[2m > [22m[2mrefuses with no method at all rather than defaulting to one
[22m[39m[early-access] Private Early Access is using the in-memory session store. This is for tests and local development only and does not survive a restart.

[90mstderr[2m | server/research/early-access/proof/mount.test.ts[2m > [22m[2mthe raw body seam[2m > [22m[2mrefuses an unaccepted content type with 415 and never parses it
[22m[39m[early-access] Private Early Access is using the in-memory session store. This is for tests and local development only and does not survive a restart.

[90mstderr[2m | server/research/early-access/proof/mount.test.ts[2m > [22m[2mthe raw body seam[2m > [22m[2maccepts a content type carrying a parameter, without widening the allowlist
[22m[39m[early-access] Private Early Access is using the in-memory session store. This is for tests and local development only and does not survive a restart.

[90mstderr[2m | server/research/early-access/proof/mount.test.ts[2m > [22m[2mthe raw body seam[2m > [22m[2manswers an oversized upload with a JSON 413 from the scoped handler, not HTML
[22m[39m[early-access] Private Early Access is using the in-memory session store. This is for tests and local development only and does not survive a restart.

[90mstderr[2m | server/research/early-access/proof/mount.test.ts[2m > [22m[2mthe raw body seam[2m > [22m[2mleaves the global 2 MB JSON limit exactly where it was
[22m[39m[early-access] Private Early Access is using the in-memory session store. This is for tests and local development only and does not survive a restart.

[90mstderr[2m | server/research/early-access/proof/mount.test.ts[2m > [22m[2mthe raw body seam[2m > [22m[2mdoes not mount a door one segment further down
[22m[39m[early-access] Private Early Access is using the in-memory session store. This is for tests and local development only and does not survive a restart.

 [32m✓[39m server/research/early-access/proof/mount.test.ts [2m([22m[2m21 tests[22m[2m)[22m[33m 1254[2mms[22m[39m
 [32m✓[39m client/src/research/adapters/member.test.ts [2m([22m[2m174 tests[22m[2m)[22m[32m 167[2mms[22m[39m
 [32m✓[39m server/research/early-access/legal/m63-signability.test.ts [2m([22m[2m20 tests[22m[2m)[22m[32m 23[2mms[22m[39m
[90mstderr[2m | client/src/research/early-access/cart/journey-agreements-submit.test.tsx[2m > [22m[2mRequired Agreements is a step between shipping and review[2m > [22m[2mleaving the contact form lands on Required Agreements and QUOTES NOTHING
[22m[39mThe current testing environment is not configured to support act(...)

[90mstderr[2m | client/src/research/early-access/cart/journey-agreements-submit.test.tsx[2m > [22m[2mRequired Agreements is a step between shipping and review[2m > [22m[2mleaving the contact form lands on Required Agreements and QUOTES NOTHING
[22m[39mThe current testing environment is not configured to support act(...)
The current testing environment is not configured to support act(...)
The current testing environment is not configured to support act(...)

[90mstderr[2m | client/src/research/early-access/cart/journey-agreements-submit.test.tsx[2m > [22m[2mRequired Agreements is a step between shipping and review[2m > [22m[2mleaving the contact form lands on Required Agreements and QUOTES NOTHING
[22m[39mThe current testing environment is not configured to support act(...)
The current testing environment is not configured to support act(...)

[90mstderr[2m | client/src/research/early-access/cart/journey-agreements-submit.test.tsx[2m > [22m[2mRequired Agreements is a step between shipping and review[2m > [22m[2mleaving the contact form lands on Required Agreements and QUOTES NOTHING
[22m[39mThe current testing environment is not configured to support act(...)

[90mstderr[2m | client/src/research/early-access/cart/journey-agreements-submit.test.tsx[2m > [22m[2mRequired Agreements is a step between shipping and review[2m > [22m[2mleaving the contact form lands on Required Agreements and QUOTES NOTHING
[22m[39mThe current testing environment is not configured to support act(...)
The current testing environment is not configured to support act(...)

[90mstderr[2m | client/src/research/early-access/cart/journey-agreements-submit.test.tsx[2m > [22m[2mRequired Agreements is a step between shipping and review[2m > [22m[2mleaving the contact form lands on Required Agreements and QUOTES NOTHING
[22m[39mThe current testing environment is not configured to support act(...)
The current testing environment is not configured to support act(...)

[90mstderr[2m | client/src/research/early-access/cart/journey-agreements-submit.test.tsx[2m > [22m[2mRequired Agreements is a step between shipping and review[2m > [22m[2mleaving the contact form lands on Required Agreements and QUOTES NOTHING
[22m[39mThe current testing environment is not configured to support act(...)
The current testing environment is not configured to support act(...)
The current testing environment is not configured to support act(...)
The current testing environment is not configured to support act(...)
The current testing environment is not configured to support act(...)
The current testing environment is not configured to support act(...)
The current testing environment is not configured to support act(...)

[90mstderr[2m | client/src/research/early-access/cart/journey-agreements-submit.test.tsx[2m > [22m[2mRequired Agreements is a step between shipping and review[2m > [22m[2mleaving the contact form lands on Required Agreements and QUOTES NOTHING
[22m[39mThe current testing environment is not configured to support act(...)
The current testing environment is not configured to support act(...)
The current testing environment is not configured to support act(...)

[90mstderr[2m | client/src/research/early-access/cart/journey-agreements-submit.test.tsx[2m > [22m[2mRequired Agreements is a step between shipping and review[2m > [22m[2mleaving the contact form lands on Required Agreements and QUOTES NOTHING
[22m[39mThe current testing environment is not configured to support act(...)
The current testing environment is not configured to support act(...)
The current testing environment is not configured to support act(...)
The current testing environment is not configured to support act(...)

[90mstderr[2m | client/src/research/early-access/cart/journey-agreements-submit.test.tsx[2m > [22m[2mRequired Agreements is a step between shipping and review[2m > [22m[2mleaving the contact form lands on Required Agreements and QUOTES NOTHING
[22m[39mThe current testing environment is not configured to support act(...)
The current testing environment is not configured to support act(...)

[90mstderr[2m | client/src/research/early-access/cart/journey-agreements-submit.test.tsx[2m > [22m[2mRequired Agreements is a step between shipping and review[2m > [22m[2mleaving the contact form lands on Required Agreements and QUOTES NOTHING
[22m[39mThe current testing environment is not configured to support act(...)

[90mstderr[2m | client/src/research/early-access/cart/journey-agreements-submit.test.tsx[2m > [22m[2mRequired Agreements is a step between shipping and review[2m > [22m[2mthe quote is taken only when the SERVER says the agreements are on file
[22m[39mThe current testing environment is not configured to support act(...)

[90mstderr[2m | client/src/research/early-access/cart/journey-agreements-submit.test.tsx[2m > [22m[2mRequired Agreements is a step between shipping and review[2m > [22m[2mthe quote is taken only when the SERVER says the agreements are on file
[22m[39mThe current testing environment is not configured to support act(...)
The current testing environment is not configured to support act(...)
The current testing environment is not configured to support act(...)

[90mstderr[2m | client/src/research/early-access/cart/journey-agreements-submit.test.tsx[2m > [22m[2mRequired Agreements is a step between shipping and review[2m > [22m[2mthe quote is taken only when the SERVER says the agreements are on file
[22m[39mThe current testing environment is not configured to support act(...)
The current testing environment is not configured to support act(...)

[90mstderr[2m | client/src/research/early-access/cart/journey-agreements-submit.test.tsx[2m > [22m[2mRequired Agreements is a step between shipping and review[2m > [22m[2mthe quote is taken only when the SERVER says the agreements are on file
[22m[39mThe current testing environment is not configured to support act(...)

[90mstderr[2m | client/src/research/early-access/cart/journey-agreements-submit.test.tsx[2m > [22m[2mRequired Agreements is a step between shipping and review[2m > [22m[2mthe quote is taken only when the SERVER says the agreements are on file
[22m[39mThe current testing environment is not configured to support act(...)
The current testing environment is not configured to support act(...)

[90mstderr[2m | client/src/research/early-access/cart/journey-agreements-submit.test.tsx[2m > [22m[2mRequired Agreements is a step between shipping and review[2m > [22m[2mthe quote is taken only when the SERVER says the agreements are on file
[22m[39mThe current testing environment is not configured to support act(...)
The current testing environment is not configured to support act(...)

[90mstderr[2m | client/src/research/early-access/cart/journey-agreements-submit.test.tsx[2m > [22m[2mRequired Agreements is a step between shipping and review[2m > [22m[2mthe quote is taken only when the SERVER says the agreements are on file
[22m[39mThe current testing environment is not configured to support act(...)
The current testing environment is not configured to support act(...)
The current testing environment is not configured to support act(...)
The current testing environment is not configured to support act(...)
The current testing environment is not configured to support act(...)
The current testing environment is not configured to support act(...)
The current testing environment is not configured to support act(...)

[90mstderr[2m | client/src/research/early-access/cart/journey-agreements-submit.test.tsx[2m > [22m[2mRequired Agreements is a step between shipping and review[2m > [22m[2mthe quote is taken only when the SERVER says the agreements are on file
[22m[39mThe current testing environment is not configured to support act(...)
The current testing environment is not configured to support act(...)
The current testing environment is not configured to support act(...)

[90mstderr[2m | client/src/research/early-access/cart/journey-agreements-submit.test.tsx[2m > [22m[2mRequired Agreements is a step between shipping and review[2m > [22m[2mthe quote is taken only when the SERVER says the agreements are on file
[22m[39mThe current testing environment is not configured to support act(...)
The current testing environment is not configured to support act(...)
The current testing environment is not configured to support act(...)
The current testing environment is not configured to support act(...)

[90mstderr[2m | client/src/research/early-access/cart/journey-agreements-submit.test.tsx[2m > [22m[2mRequired Agreements is a step between shipping and review[2m > [22m[2mthe quote is taken only when the SERVER says the agreements are on file
[22m[39mThe current testing environment is not configured to support act(...)
The current testing environment is not configured to support act(...)

[90mstderr[2m | client/src/research/early-access/cart/journey-agreements-submit.test.tsx[2m > [22m[2mRequired Agreements is a step between shipping and review[2m > [22m[2mthe quote is taken only when the SERVER says the agreements are on file
[22m[39mThe current testing environment is not configured to support act(...)
The current testing environment is not configured to support act(...)
The current testing environment is not configured to support act(...)
The current testing environment is not configured to support act(...)

[90mstderr[2m | client/src/research/early-access/cart/journey-agreements-submit.test.tsx[2m > [22m[2mRequired Agreements is a step between shipping and review[2m > [22m[2mthe quote is taken only when the SERVER says the agreements are on file
[22m[39mThe current testing environment is not configured to support act(...)
The current testing environment is not configured to support act(...)
The current testing environment is not configured to support act(...)
The current testing environment is not configured to support act(...)

[90mstderr[2m | client/src/research/early-access/cart/journey-agreements-submit.test.tsx[2m > [22m[2mRequired Agreements is a step between shipping and review[2m > [22m[2mthe quote is taken only when the SERVER says the agreements are on file
[22m[39mThe current testing environment is not configured to support act(...)

[90mstderr[2m | client/src/research/early-access/cart/journey-agreements-submit.test.tsx[2m > [22m[2mRequired Agreements is a step between shipping and review[2m > [22m[2mwith the standing unsatisfied there is NO continue control and no quote
[22m[39mThe current testing environment is not configured to support act(...)

[90mstderr[2m | client/src/research/early-access/cart/journey-agreements-submit.test.tsx[2m > [22m[2mRequired Agreements is a step between shipping and review[2m > [22m[2mwith the standing unsatisfied there is NO continue control and no quote
[22m[39mThe current testing environment is not configured to support act(...)
The current testing environment is not configured to support act(...)
The current testing environment is not configured to support act(...)

[90mstderr[2m | client/src/research/early-access/cart/journey-agreements-submit.test.tsx[2m > [22m[2mRequired Agreements is a step between shipping and review[2m > [22m[2mwith the standing unsatisfied there is NO continue control and no quote
[22m[39mThe current testing environment is not configured to support act(...)

[90mstderr[2m | client/src/research/early-access/cart/journey-agreements-submit.test.tsx[2m > [22m[2mRequired Agreements is a step between shipping and review[2m > [22m[2mwith the standing unsatisfied there is NO continue control and no quote
[22m[39mThe current testing environment is not configured to support act(...)

[90mstderr[2m | client/src/research/early-access/cart/journey-agreements-submit.test.tsx[2m > [22m[2mRequired Agreements is a step between shipping and review[2m > [22m[2mwith the standing unsatisfied there is NO continue control and no quote
[22m[39mThe current testing environment is not configured to support act(...)
The current testing environment is not configured to support act(...)

[90mstderr[2m | client/src/research/early-access/cart/journey-agreements-submit.test.tsx[2m > [22m[2mRequired Agreements is a step between shipping and review[2m > [22m[2mwith the standing unsatisfied there is NO continue control and no quote
[22m[39mThe current testing environment is not configured to support act(...)
The current testing environment is not configured to support act(...)
The current testing environment is not configured to support act(...)

[90mstderr[2m | client/src/research/early-access/cart/journey-agreements-submit.test.tsx[2m > [22m[2mRequired Agreements is a step between shipping and review[2m > [22m[2mwith the standing unsatisfied there is NO continue control and no quote
[22m[39mThe current testing environment is not configured to support act(...)
The current testing environment is not configured to support act(...)
The current testing environment is not configured to support act(...)

[90mstderr[2m | client/src/research/early-access/cart/journey-agreements-submit.test.tsx[2m > [22m[2mRequired Agreements is a step between shipping and review[2m > [22m[2mwith the standing unsatisfied there is NO continue control and no quote
[22m[39mThe current testing environment is not configured to support act(...)

[90mstderr[2m | client/src/research/early-access/cart/journey-agreements-submit.test.tsx[2m > [22m[2mRequired Agreements is a step between shipping and review[2m > [22m[2mwith the standing unsatisfied there is NO continue control and no quote
[22m[39mThe current testing environment is not configured to support act(...)

[90mstderr[2m | client/src/research/early-access/cart/journey-agreements-submit.test.tsx[2m > [22m[2mBack, Forward and refresh across the new steps never buy[2m > [22m[2ma popstate onto agreements or submit POSTs nothing at all
[22m[39mThe current testing environment is not configured to support act(...)

[90mstderr[2m | client/src/research/early-access/cart/journey-agreements-submit.test.tsx[2m > [22m[2mBack, Forward and refresh across the new steps never buy[2m > [22m[2ma popstate onto agreements or submit POSTs nothing at all
[22m[39mThe current testing environment is not configured to support act(...)
The current testing environment is not configured to support act(...)
The current testing environment is not configured to support act(...)

[90mstderr[2m | client/src/research/early-access/cart/journey-agreements-submit.test.tsx[2m > [22m[2mBack, Forward and refresh across the new steps never buy[2m > [22m[2ma popstate onto agreements or submit POSTs nothing at all
[22m[39mThe current testing environment is not configured to support act(...)
The current testing environment is not configured to support act(...)

[90mstderr[2m | client/src/research/early-access/cart/journey-agreements-submit.test.tsx[2m > [22m[2mBack, Forward and refresh across the new steps never buy[2m > [22m[2ma popstate onto agreements or submit POSTs nothing at all
[22m[39mThe current testing environment is not configured to support act(...)

[90mstderr[2m | client/src/research/early-access/cart/journey-agreements-submit.test.tsx[2m > [22m[2mBack, Forward and refresh across the new steps never buy[2m > [22m[2ma popstate onto agreements or submit POSTs nothing at all
[22m[39mThe current testing environment is not configured to support act(...)
The current testing environment is not configured to support act(...)

[90mstderr[2m | client/src/research/early-access/cart/journey-agreements-submit.test.tsx[2m > [22m[2mBack, Forward and refresh across the new steps never buy[2m > [22m[2ma popstate onto agreements or submit POSTs nothing at all
[22m[39mThe current testing environment is not configured to support act(...)
The current testing environment is not configured to support act(...)

[90mstderr[2m | client/src/research/early-access/cart/journey-agreements-submit.test.tsx[2m > [22m[2mBack, Forward and refresh across the new steps never buy[2m > [22m[2ma popstate onto agreements or submit POSTs nothing at all
[22m[39mThe current testing environment is not configured to support act(...)
The current testing environment is not configured to support act(...)
The current testing environment is not configured to support act(...)
The current testing environment is not configured to support act(...)
The current testing environment is not configured to support act(...)
The current testing environment is not configured to support act(...)
The current testing environment is not configured to support act(...)

[90mstderr[2m | client/src/research/early-access/cart/journey-agreements-submit.test.tsx[2m > [22m[2mBack, Forward and refresh across the new steps never buy[2m > [22m[2ma popstate onto agreements or submit POSTs nothing at all
[22m[39mThe current testing environment is not configured to support act(...)
The current testing environment is not configured to support act(...)
The current testing environment is not configured to support act(...)

[90mstderr[2m | client/src/research/early-access/cart/journey-agreements-submit.test.tsx[2m > [22m[2mBack, Forward and refresh across the new steps never buy[2m > [22m[2ma popstate onto agreements or submit POSTs nothing at all
[22m[39mThe current testing environment is not configured to support act(...)
The current testing environment is not configured to support act(...)
The current testing environment is not configured to support act(...)
The current testing environment is not configured to support act(...)

[90mstderr[2m | client/src/research/early-access/cart/journey-agreements-submit.test.tsx[2m > [22m[2mBack, Forward and refresh across the new steps never buy[2m > [22m[2ma popstate onto agreements or submit POSTs nothing at all
[22m[39mThe current testing environment is not configured to support act(...)
The current testing environment is not configured to support act(...)

[90mstderr[2m | client/src/research/early-access/cart/journey-agreements-submit.test.tsx[2m > [22m[2mBack, Forward and refresh across the new steps never buy[2m > [22m[2ma popstate onto agreements or submit POSTs nothing at all
[22m[39mThe current testing environment is not configured to support act(...)

[90mstderr[2m | client/src/research/early-access/cart/journey-agreements-submit.test.tsx[2m > [22m[2mBack, Forward and refresh across the new steps never buy[2m > [22m[2ma popstate onto agreements or submit POSTs nothing at all
[22m[39mThe current testing environment is not configured to support act(...)
The current testing environment is not configured to support act(...)

[90mstderr[2m | client/src/research/early-access/cart/journey-agreements-submit.test.tsx[2m > [22m[2mBack, Forward and refresh across the new steps never buy[2m > [22m[2ma popstate onto agreements or submit POSTs nothing at all
[22m[39mThe current testing environment is not configured to support act(...)
The current testing environment is not configured to support act(...)
The current testing environment is not configured to support act(...)

[90mstderr[2m | client/src/research/early-access/cart/journey-agreements-submit.test.tsx[2m > [22m[2mBack, Forward and refresh across the new steps never buy[2m > [22m[2ma popstate onto agreements or submit POSTs nothing at all
[22m[39mThe current testing environment is not configured to support act(...)
The current testing environment is not configured to support act(...)

[90mstderr[2m | client/src/research/early-access/cart/journey-agreements-submit.test.tsx[2m > [22m[2mBack, Forward and refresh across the new steps never buy[2m > [22m[2ma popstate onto agreements or submit POSTs nothing at all
[22m[39mThe current testing environment is not configured to support act(...)

[90mstderr[2m | client/src/research/early-access/cart/journey-agreements-submit.test.tsx[2m > [22m[2mBack, Forward and refresh across the new steps never buy[2m > [22m[2ma popstate onto agreements or submit POSTs nothing at all
[22m[39mThe current testing environment is not configured to support act(...)
The current testing environment is not configured to support act(...)

[90mstderr[2m | client/src/research/early-access/cart/journey-agreements-submit.test.tsx[2m > [22m[2mBack, Forward and refresh across the new steps never buy[2m > [22m[2ma popstate onto agreements or submit POSTs nothing at all
[22m[39mThe current testing environment is not configured to support act(...)

[90mstderr[2m | client/src/research/early-access/cart/journey-agreements-submit.test.tsx[2m > [22m[2mBack, Forward and refresh across the new steps never buy[2m > [22m[2magreements restored after a refresh, with contact gone, walks back to the form
[22m[39mThe current testing environment is not configured to support act(...)

[90mstderr[2m | client/src/research/early-access/cart/journey-agreements-submit.test.tsx[2m > [22m[2mBack, Forward and refresh across the new steps never buy[2m > [22m[2magreements restored after a refresh, with contact gone, walks back to the form
[22m[39mThe current testing environment is not configured to support act(...)

[90mstderr[2m | client/src/research/early-access/cart/journey-agreements-submit.test.tsx[2m > [22m[2mBack, Forward and refresh across the new steps never buy[2m > [22m[2magreements restored after a refresh, with contact gone, walks back to the form
[22m[39mThe current testing environment is not configured to support act(...)

[90mstderr[2m | client/src/research/early-access/cart/journey-agreements-submit.test.tsx[2m > [22m[2mBack, Forward and refresh across the new steps never buy[2m > [22m[2magreements restored after a refresh, with contact gone, walks back to the form
[22m[39mThe current testing environment is not configured to support act(...)

[90mstderr[2m | client/src/research/early-access/cart/journey-agreements-submit.test.tsx[2m > [22m[2mBack, Forward and refresh across the new steps never buy[2m > [22m[2msubmit restored after a refresh with no checkout falls back to a reachable step
[22m[39mThe current testing environment is not configured to support act(...)

[90mstderr[2m | client/src/research/early-access/cart/journey-agreements-submit.test.tsx[2m > [22m[2mBack, Forward and refresh across the new steps never buy[2m > [22m[2msubmit restored after a refresh with no checkout falls back to a reachable step
[22m[39mThe current testing environment is not configured to support act(...)

[90mstderr[2m | client/src/research/early-access/cart/journey-agreements-submit.test.tsx[2m > [22m[2mBack, Forward and refresh across the new steps never buy[2m > [22m[2msubmit restored after a refresh with no checkout falls back to a reachable step
[22m[39mThe current testing environment is not configured to support act(...)
The current testing environment is not configured to support act(...)
The current testing environment is not configured to support act(...)

[90mstderr[2m | client/src/research/early-access/cart/journey-agreements-submit.test.tsx[2m > [22m[2mBack, Forward and refresh across the new steps never buy[2m > [22m[2msubmit restored after a refresh with no checkout falls back to a reachable step
[22m[39mThe current testing environment is not configured to support act(...)
The current testing environment is not configured to support act(...)

[90mstderr[2m | client/src/research/early-access/cart/journey-agreements-submit.test.tsx[2m > [22m[2mBack, Forward and refresh across the new steps never buy[2m > [22m[2msubmit restored after a refresh with no checkout falls back to a reachable step
[22m[39mThe current testing environment is not configured to support act(...)

[90mstderr[2m | client/src/research/early-access/cart/journey-agreements-submit.test.tsx[2m > [22m[2mone checkout, one invoice, one payment reference[2m > [22m[2mpressing Confirm twice while the FIRST request is still in flight posts one checkout
[22m[39mThe current testing environment is not configured to support act(...)

[90mstderr[2m | client/src/research/early-access/cart/journey-agreements-submit.test.tsx[2m > [22m[2mone checkout, one invoice, one payment reference[2m > [22m[2mpressing Confirm twice while the FIRST request is still in flight posts one checkout
[22m[39mThe current testing environment is not configured to support act(...)
The current testing environment is not configured to support act(...)
The current testing environment is not configured to support act(...)

[90mstderr[2m | client/src/research/early-access/cart/journey-agreements-submit.test.tsx[2m > [22m[2mone checkout, one invoice, one payment reference[2m > [22m[2mpressing Confirm twice while the FIRST request is still in flight posts one checkout
[22m[39mThe current testing environment is not configured to support act(...)
The current testing environment is not configured to support act(...)

[90mstderr[2m | client/src/research/early-access/cart/journey-agreements-submit.test.tsx[2m > [22m[2mone checkout, one invoice, one payment reference[2m > [22m[2mpressing Confirm twice while the FIRST request is still in flight posts one checkout
[22m[39mThe current testing environment is not configured to support act(...)

[90mstderr[2m | client/src/research/early-access/cart/journey-agreements-submit.test.tsx[2m > [22m[2mone checkout, one invoice, one payment reference[2m > [22m[2mpressing Confirm twice while the FIRST request is still in flight posts one checkout
[22m[39mThe current testing environment is not configured to support act(...)
The current testing environment is not configured to support act(...)

[90mstderr[2m | client/src/research/early-access/cart/journey-agreements-submit.test.tsx[2m > [22m[2mone checkout, one invoice, one payment reference[2m > [22m[2mpressing Confirm twice while the FIRST request is still in flight posts one checkout
[22m[39mThe current testing environment is not configured to support act(...)
The current testing environment is not configured to support act(...)

[90mstderr[2m | client/src/research/early-access/cart/journey-agreements-submit.test.tsx[2m > [22m[2mone checkout, one invoice, one payment reference[2m > [22m[2mpressing Confirm twice while the FIRST request is still in flight posts one checkout
[22m[39mThe current testing environment is not configured to support act(...)
The current testing environment is not configured to support act(...)
The current testing environment is not configured to support act(...)
The current testing environment is not configured to support act(...)
The current testing environment is not configured to support act(...)
The current testing environment is not configured to support act(...)
The current testing environment is not configured to support act(...)

[90mstderr[2m | client/src/research/early-access/cart/journey-agreements-submit.test.tsx[2m > [22m[2mone checkout, one invoice, one payment reference[2m > [22m[2mpressing Confirm twice while the FIRST request is still in flight posts one checkout
[22m[39mThe current testing environment is not configured to support act(...)
The current testing environment is not configured to support act(...)
The current testing environment is not configured to support act(...)

[90mstderr[2m | client/src/research/early-access/cart/journey-agreements-submit.test.tsx[2m > [22m[2mone checkout, one invoice, one payment reference[2m > [22m[2mpressing Confirm twice while the FIRST request is still in flight posts one checkout
[22m[39mThe current testing environment is not configured to support act(...)
The current testing environment is not configured to support act(...)
The current testing environment is not configured to support act(...)
The current testing environment is not configured to support act(...)

[90mstderr[2m | client/src/research/early-access/cart/journey-agreements-submit.test.tsx[2m > [22m[2mone checkout, one invoice, one payment reference[2m > [22m[2mpressing Confirm twice while the FIRST request is still in flight posts one checkout
[22m[39mThe current testing environment is not configured to support act(...)
The current testing environment is not configured to support act(...)

[90mstderr[2m | client/src/research/early-access/cart/journey-agreements-submit.test.tsx[2m > [22m[2mone checkout, one invoice, one payment reference[2m > [22m[2mpressing Confirm twice while the FIRST request is still in flight posts one checkout
[22m[39mThe current testing environment is not configured to support act(...)
The current testing environment is not configured to support act(...)
The current testing environment is not configured to support act(...)
The current testing environment is not configured to support act(...)

[90mstderr[2m | client/src/research/early-access/cart/journey-agreements-submit.test.tsx[2m > [22m[2mone checkout, one invoice, one payment reference[2m > [22m[2mpressing Confirm twice while the FIRST request is still in flight posts one checkout
[22m[39mThe current testing environment is not configured to support act(...)
The current testing environment is not configured to support act(...)
The current testing environment is not configured to support act(...)
The current testing environment is not configured to support act(...)

[90mstderr[2m | client/src/research/early-access/cart/journey-agreements-submit.test.tsx[2m > [22m[2mone checkout, one invoice, one payment reference[2m > [22m[2mpressing Confirm twice while the FIRST request is still in flight posts one checkout
[22m[39mThe current testing environment is not configured to support act(...)
The current testing environment is not configured to support act(...)

[90mstderr[2m | client/src/research/early-access/cart/journey-agreements-submit.test.tsx[2m > [22m[2mone checkout, one invoice, one payment reference[2m > [22m[2mpressing Confirm twice while the FIRST request is still in flight posts one checkout
[22m[39mThe current testing environment is not configured to support act(...)
The current testing environment is not configured to support act(...)
The current testing environment is not configured to support act(...)
The current testing environment is not configured to support act(...)
The current testing environment is not configured to support act(...)
The current testing environment is not configured to support act(...)

[90mstderr[2m | client/src/research/early-access/cart/journey-agreements-submit.test.tsx[2m > [22m[2mone checkout, one invoice, one payment reference[2m > [22m[2mpressing Confirm twice while the FIRST request is still in flight posts one checkout
[22m[39mThe current testing environment is not configured to support act(...)

[90mstderr[2m | client/src/research/early-access/cart/journey-agreements-submit.test.tsx[2m > [22m[2mone checkout, one invoice, one payment reference[2m > [22m[2mpressing Confirm twice while the FIRST request is still in flight posts one checkout
[22m[39mThe current testing environment is not configured to support act(...)

[90mstderr[2m | client/src/research/early-access/cart/journey-agreements-submit.test.tsx[2m > [22m[2mone checkout, one invoice, one payment reference[2m > [22m[2mevery checkout request in one journey carries the SAME cart attempt key
[22m[39mThe current testing environment is not configured to support act(...)

[90mstderr[2m | client/src/research/early-access/cart/journey-agreements-submit.test.tsx[2m > [22m[2mone checkout, one invoice, one payment reference[2m > [22m[2mevery checkout request in one journey carries the SAME cart attempt key
[22m[39mThe current testing environment is not configured to support act(...)
The current testing environment is not configured to support act(...)
The current testing environment is not configured to support act(...)

[90mstderr[2m | client/src/research/early-access/cart/journey-agreements-submit.test.tsx[2m > [22m[2mone checkout, one invoice, one payment reference[2m > [22m[2mevery checkout request in one journey carries the SAME cart attempt key
[22m[39mThe current testing environment is not configured to support act(...)
The current testing environment is not configured to support act(...)

[90mstderr[2m | client/src/research/early-access/cart/journey-agreements-submit.test.tsx[2m > [22m[2mone checkout, one invoice, one payment reference[2m > [22m[2mevery checkout request in one journey carries the SAME cart attempt key
[22m[39mThe current testing environment is not configured to support act(...)

[90mstderr[2m | client/src/research/early-access/cart/journey-agreements-submit.test.tsx[2m > [22m[2mone checkout, one invoice, one payment reference[2m > [22m[2mevery checkout request in one journey carries the SAME cart attempt key
[22m[39mThe current testing environment is not configured to support act(...)
The current testing environment is not configured to support act(...)

[90mstderr[2m | client/src/research/early-access/cart/journey-agreements-submit.test.tsx[2m > [22m[2mone checkout, one invoice, one payment reference[2m > [22m[2mevery checkout request in one journey carries the SAME cart attempt key
[22m[39mThe current testing environment is not configured to support act(...)
The current testing environment is not configured to support act(...)

[90mstderr[2m | client/src/research/early-access/cart/journey-agreements-submit.test.tsx[2m > [22m[2mone checkout, one invoice, one payment reference[2m > [22m[2mevery checkout request in one journey carries the SAME cart attempt key
[22m[39mThe current testing environment is not configured to support act(...)
The current testing environment is not configured to support act(...)
The current testing environment is not configured to support act(...)
The current testing environment is not configured to support act(...)
The current testing environment is not configured to support act(...)
The current testing environment is not configured to support act(...)
The current testing environment is not configured to support act(...)

[90mstderr[2m | client/src/research/early-access/cart/journey-agreements-submit.test.tsx[2m > [22m[2mone checkout, one invoice, one payment reference[2m > [22m[2mevery checkout request in one journey carries the SAME cart attempt key
[22m[39mThe current testing environment is not configured to support act(...)
The current testing environment is not configured to support act(...)
The current testing environment is not configured to support act(...)

[90mstderr[2m | client/src/research/early-access/cart/journey-agreements-submit.test.tsx[2m > [22m[2mone checkout, one invoice, one payment reference[2m > [22m[2mevery checkout request in one journey carries the SAME cart attempt key
[22m[39mThe current testing environment is not configured to support act(...)
The current testing environment is not configured to support act(...)
The current testing environment is not configured to support act(...)
The current testing environment is not configured to support act(...)

[90mstderr[2m | client/src/research/early-access/cart/journey-agreements-submit.test.tsx[2m > [22m[2mone checkout, one invoice, one payment reference[2m > [22m[2mevery checkout request in one journey carries the SAME cart attempt key
[22m[39mThe current testing environment is not configured to support act(...)
The current testing environment is not configured to support act(...)

[90mstderr[2m | client/src/research/early-access/cart/journey-agreements-submit.test.tsx[2m > [22m[2mone checkout, one invoice, one payment reference[2m > [22m[2mevery checkout request in one journey carries the SAME cart attempt key
[22m[39mThe current testing environment is not configured to support act(...)
The current testing environment is not configured to support act(...)
The current testing environment is not configured to support act(...)
The current testing environment is not configured to support act(...)

[90mstderr[2m | client/src/research/early-access/cart/journey-agreements-submit.test.tsx[2m > [22m[2mone checkout, one invoice, one payment reference[2m > [22m[2mevery checkout request in one journey carries the SAME cart attempt key
[22m[39mThe current testing environment is not configured to support act(...)
The current testing environment is not configured to support act(...)
The current testing environment is not configured to support act(...)
The current testing environment is not configured to support act(...)

[90mstderr[2m | client/src/research/early-access/cart/journey-agreements-submit.test.tsx[2m > [22m[2mone checkout, one invoice, one payment reference[2m > [22m[2mevery checkout request in one journey carries the SAME cart attempt key
[22m[39mThe current testing environment is not configured to support act(...)
The current testing environment is not configured to support act(...)

[90mstderr[2m | client/src/research/early-access/cart/journey-agreements-submit.test.tsx[2m > [22m[2mone checkout, one invoice, one payment reference[2m > [22m[2mevery checkout request in one journey carries the SAME cart attempt key
[22m[39mThe current testing environment is not configured to support act(...)
The current testing environment is not configured to support act(...)
The current testing environment is not configured to support act(...)
The current testing environment is not configured to support act(...)
The current testing environment is not configured to support act(...)
The current testing environment is not configured to support act(...)

[90mstderr[2m | client/src/research/early-access/cart/journey-agreements-submit.test.tsx[2m > [22m[2mone checkout, one invoice, one payment reference[2m > [22m[2mevery checkout request in one journey carries the SAME cart attempt key
[22m[39mThe current testing environment is not configured to support act(...)

[90mstderr[2m | client/src/research/early-access/cart/journey-agreements-submit.test.tsx[2m > [22m[2mone checkout, one invoice, one payment reference[2m > [22m[2mevery checkout request in one journey carries the SAME cart attempt key
[22m[39mThe current testing environment is not configured to support act(...)

[90mstderr[2m | client/src/research/early-access/cart/journey-agreements-submit.test.tsx[2m > [22m[2mone checkout, one invoice, one payment reference[2m > [22m[2mconfirming twice creates exactly one checkout, and the submit step reuses it
[22m[39mThe current testing environment is not configured to support act(...)

[90mstderr[2m | client/src/research/early-access/cart/journey-agreements-submit.test.tsx[2m > [22m[2mone checkout, one invoice, one payment reference[2m > [22m[2mconfirming twice creates exactly one checkout, and the submit step reuses it
[22m[39mThe current testing environment is not configured to support act(...)
The current testing environment is not configured to support act(...)
The current testing environment is not configured to support act(...)

[90mstderr[2m | client/src/research/early-access/cart/journey-agreements-submit.test.tsx[2m > [22m[2mone checkout, one invoice, one payment reference[2m > [22m[2mconfirming twice creates exactly one checkout, and the submit step reuses it
[22m[39mThe current testing environment is not configured to support act(...)
The current testing environment is not configured to support act(...)

[90mstderr[2m | client/src/research/early-access/cart/journey-agreements-submit.test.tsx[2m > [22m[2mone checkout, one invoice, one payment reference[2m > [22m[2mconfirming twice creates exactly one checkout, and the submit step reuses it
[22m[39mThe current testing environment is not configured to support act(...)

[90mstderr[2m | client/src/research/early-access/cart/journey-agreements-submit.test.tsx[2m > [22m[2mone checkout, one invoice, one payment reference[2m > [22m[2mconfirming twice creates exactly one checkout, and the submit step reuses it
[22m[39mThe current testing environment is not configured to support act(...)
The current testing environment is not configured to support act(...)

[90mstderr[2m | client/src/research/early-access/cart/journey-agreements-submit.test.tsx[2m > [22m[2mone checkout, one invoice, one payment reference[2m > [22m[2mconfirming twice creates exactly one checkout, and the submit step reuses it
[22m[39mThe current testing environment is not configured to support act(...)
The current testing environment is not configured to support act(...)

[90mstderr[2m | client/src/research/early-access/cart/journey-agreements-submit.test.tsx[2m > [22m[2mone checkout, one invoice, one payment reference[2m > [22m[2mconfirming twice creates exactly one checkout, and the submit step reuses it
[22m[39mThe current testing environment is not configured to support act(...)
The current testing environment is not configured to support act(...)
The current testing environment is not configured to support act(...)
The current testing environment is not configured to support act(...)
The current testing environment is not configured to support act(...)
The current testing environment is not configured to support act(...)
The current testing environment is not configured to support act(...)

[90mstderr[2m | client/src/research/early-access/cart/journey-agreements-submit.test.tsx[2m > [22m[2mone checkout, one invoice, one payment reference[2m > [22m[2mconfirming twice creates exactly one checkout, and the submit step reuses it
[22m[39mThe current testing environment is not configured to support act(...)
The current testing environment is not configured to support act(...)
The current testing environment is not configured to support act(...)

[90mstderr[2m | client/src/research/early-access/cart/journey-agreements-submit.test.tsx[2m > [22m[2mone checkout, one invoice, one payment reference[2m > [22m[2mconfirming twice creates exactly one checkout, and the submit step reuses it
[22m[39mThe current testing environment is not configured to support act(...)
The current testing environment is not configured to support act(...)
The current testing environment is not configured to support act(...)
The current testing environment is not configured to support act(...)

[90mstderr[2m | client/src/research/early-access/cart/journey-agreements-submit.test.tsx[2m > [22m[2mone checkout, one invoice, one payment reference[2m > [22m[2mconfirming twice creates exactly one checkout, and the submit step reuses it
[22m[39mThe current testing environment is not configured to support act(...)
The current testing environment is not configured to support act(...)

[90mstderr[2m | client/src/research/early-access/cart/journey-agreements-submit.test.tsx[2m > [22m[2mone checkout, one invoice, one payment reference[2m > [22m[2mconfirming twice creates exactly one checkout, and the submit step reuses it
[22m[39mThe current testing environment is not configured to support act(...)
The current testing environment is not configured to support act(...)
The current testing environment is not configured to support act(...)
The current testing environment is not configured to support act(...)

[90mstderr[2m | client/src/research/early-access/cart/journey-agreements-submit.test.tsx[2m > [22m[2mone checkout, one invoice, one payment reference[2m > [22m[2mconfirming twice creates exactly one checkout, and the submit step reuses it
[22m[39mThe current testing environment is not configured to support act(...)
The current testing environment is not configured to support act(...)
The current testing environment is not configured to support act(...)
The current testing environment is not configured to support act(...)

[90mstderr[2m | client/src/research/early-access/cart/journey-agreements-submit.test.tsx[2m > [22m[2mone checkout, one invoice, one payment reference[2m > [22m[2mconfirming twice creates exactly one checkout, and the submit step reuses it
[22m[39mThe current testing environment is not configured to support act(...)
The current testing environment is not configured to support act(...)

[90mstderr[2m | client/src/research/early-access/cart/journey-agreements-submit.test.tsx[2m > [22m[2mone checkout, one invoice, one payment reference[2m > [22m[2mconfirming twice creates exactly one checkout, and the submit step reuses it
[22m[39mThe current testing environment is not configured to support act(...)
The current testing environment is not configured to support act(...)
The current testing environment is not configured to support act(...)
The current testing environment is not configured to support act(...)
The current testing environment is not configured to support act(...)
The current testing environment is not configured to support act(...)

[90mstderr[2m | client/src/research/early-access/cart/journey-agreements-submit.test.tsx[2m > [22m[2mone checkout, one invoice, one payment reference[2m > [22m[2mconfirming twice creates exactly one checkout, and the submit step reuses it
[22m[39mThe current testing environment is not configured to support act(...)

[90mstderr[2m | client/src/research/early-access/cart/journey-agreements-submit.test.tsx[2m > [22m[2mone checkout, one invoice, one payment reference[2m > [22m[2mconfirming twice creates exactly one checkout, and the submit step reuses it
[22m[39mThe current testing environment is not configured to support act(...)

[90mstderr[2m | client/src/research/early-access/cart/journey-agreements-submit.test.tsx[2m > [22m[2mone checkout, one invoice, one payment reference[2m > [22m[2mconfirming twice creates exactly one checkout, and the submit step reuses it
[22m[39mThe current testing environment is not configured to support act(...)

[90mstderr[2m | client/src/research/early-access/cart/journey-agreements-submit.test.tsx[2m > [22m[2mone checkout, one invoice, one payment reference[2m > [22m[2mconfirming twice creates exactly one checkout, and the submit step reuses it
[22m[39mThe current testing environment is not configured to support act(...)

[90mstderr[2m | client/src/research/early-access/cart/journey-agreements-submit.test.tsx[2m > [22m[2mthe status screen reports the server, not the browser[2m > [22m[2mwith nothing submitted it says RESERVED and offers the submit route
[22m[39mThe current testing environment is not configured to support act(...)

[90mstderr[2m | client/src/research/early-access/cart/journey-agreements-submit.test.tsx[2m > [22m[2mthe status screen reports the server, not the browser[2m > [22m[2mwith nothing submitted it says RESERVED and offers the submit route
[22m[39mThe current testing environment is not configured to support act(...)

[90mstderr[2m | client/src/research/early-access/cart/journey-agreements-submit.test.tsx[2m > [22m[2mthe status screen reports the server, not the browser[2m > [22m[2mwith nothing submitted it says RESERVED and offers the submit route
[22m[39mThe current testing environment is not configured to support act(...)
The current testing environment is not configured to support act(...)
The current testing environment is not configured to support act(...)

[90mstderr[2m | client/src/research/early-access/cart/journey-agreements-submit.test.tsx[2m > [22m[2mthe status screen reports the server, not the browser[2m > [22m[2mwith nothing submitted it says RESERVED and offers the submit route
[22m[39mThe current testing environment is not configured to support act(...)
The current testing environment is not configured to support act(...)
The current testing environment is not configured to support act(...)

[90mstderr[2m | client/src/research/early-access/cart/journey-agreements-submit.test.tsx[2m > [22m[2mthe status screen reports the server, not the browser[2m > [22m[2mwith nothing submitted it says RESERVED and offers the submit route
[22m[39mThe current testing environment is not configured to support act(...)
The current testing environment is not configured to support act(...)

[90mstderr[2m | client/src/research/early-access/cart/journey-agreements-submit.test.tsx[2m > [22m[2mthe status screen reports the server, not the browser[2m > [22m[2mwith nothing submitted it says RESERVED and offers the submit route
[22m[39mThe current testing environment is not configured to support act(...)

[90mstderr[2m | client/src/research/early-access/cart/journey-agreements-submit.test.tsx[2m > [22m[2mthe status screen reports the server, not the browser[2m > [22m[2mwith nothing submitted it says RESERVED and offers the submit route
[22m[39mThe current testing environment is not configured to support act(...)
The current testing environment is not configured to support act(...)

[90mstderr[2m | client/src/research/early-access/cart/journey-agreements-submit.test.tsx[2m > [22m[2mthe status screen reports the server, not the browser[2m > [22m[2mwith nothing submitted it says RESERVED and offers the submit route
[22m[39mThe current testing environment is not configured to support act(...)

[90mstderr[2m | client/src/research/early-access/cart/journey-agreements-submit.test.tsx[2m > [22m[2mthe status screen reports the server, not the browser[2m > [22m[2monce the SERVER records a proof it says submitted, and withdraws the submit route
[22m[39mThe current testing environment is not configured to support act(...)

[90mstderr[2m | client/src/research/early-access/cart/journey-agreements-submit.test.tsx[2m > [22m[2mthe status screen reports the server, not the browser[2m > [22m[2monce the SERVER records a proof it says submitted, and withdraws the submit route
[22m[39mThe current testing environment is not configured to support act(...)

[90mstderr[2m | client/src/research/early-access/cart/journey-agreements-submit.test.tsx[2m > [22m[2mthe status screen reports the server, not the browser[2m > [22m[2monce the SERVER records a proof it says submitted, and withdraws the submit route
[22m[39mThe current testing environment is not configured to support act(...)
The current testing environment is not configured to support act(...)
The current testing environment is not configured to support act(...)

[90mstderr[2m | client/src/research/early-access/cart/journey-agreements-submit.test.tsx[2m > [22m[2mthe status screen reports the server, not the browser[2m > [22m[2monce the SERVER records a proof it says submitted, and withdraws the submit route
[22m[39mThe current testing environment is not configured to support act(...)
The current testing environment is not configured to support act(...)
The current testing environment is not configured to support act(...)

[90mstderr[2m | client/src/research/early-access/cart/journey-agreements-submit.test.tsx[2m > [22m[2mthe status screen reports the server, not the browser[2m > [22m[2monce the SERVER records a proof it says submitted, and withdraws the submit route
[22m[39mThe current testing environment is not configured to support act(...)
The current testing environment is not configured to support act(...)

[90mstderr[2m | client/src/research/early-access/cart/journey-agreements-submit.test.tsx[2m > [22m[2mthe status screen reports the server, not the browser[2m > [22m[2monce the SERVER records a proof it says submitted, and withdraws the submit route
[22m[39mThe current testing environment is not configured to support act(...)

[90mstderr[2m | client/src/research/early-access/cart/journey-agreements-submit.test.tsx[2m > [22m[2mthe status screen reports the server, not the browser[2m > [22m[2monce the SERVER records a proof it says submitted, and withdraws the submit route
[22m[39mThe current testing environment is not configured to support act(...)
The current testing environment is not configured to support act(...)

[90mstderr[2m | client/src/research/early-access/cart/journey-agreements-submit.test.tsx[2m > [22m[2mthe status screen reports the server, not the browser[2m > [22m[2monce the SERVER records a proof it says submitted, and withdraws the submit route
[22m[39mThe current testing environment is not configured to support act(...)

 [32m✓[39m client/src/research/early-access/cart/journey-agreements-submit.test.tsx [2m([22m[2m11 tests[22m[2m)[22m[33m 720[2mms[22m[39m
 [32m✓[39m server/research/membership-activation/esign/persistence/esign-store.test.ts [2m([22m[2m22 tests[22m[2m)[22m[32m 25[2mms[22m[39m
 [32m✓[39m client/src/research/pages/adminx/commerce-queues.test.tsx [2m([22m[2m12 tests[22m[2m)[22m[33m 822[2mms[22m[39m
[90mstderr[2m | client/src/research/early-access/cart/EarlyAccessMultiCartJourney.test.tsx[2m > [22m[2mthe cart holds several different products[2m > [22m[2madds two DIFFERENT products, counts them, and survives a search and a filter
[22m[39mThe current testing environment is not configured to support act(...)

[90mstderr[2m | client/src/research/early-access/cart/EarlyAccessMultiCartJourney.test.tsx[2m > [22m[2mthe cart holds several different products[2m > [22m[2madds two DIFFERENT products, counts them, and survives a search and a filter
[22m[39mThe current testing environment is not configured to support act(...)
The current testing environment is not configured to support act(...)
The current testing environment is not configured to support act(...)

[90mstderr[2m | client/src/research/early-access/cart/EarlyAccessMultiCartJourney.test.tsx[2m > [22m[2mthe cart holds several different products[2m > [22m[2madds two DIFFERENT products, counts them, and survives a search and a filter
[22m[39mThe current testing environment is not configured to support act(...)
The current testing environment is not configured to support act(...)

[90mstderr[2m | client/src/research/early-access/cart/EarlyAccessMultiCartJourney.test.tsx[2m > [22m[2mthe cart holds several different products[2m > [22m[2madds two DIFFERENT products, counts them, and survives a search and a filter
[22m[39mThe current testing environment is not configured to support act(...)

[90mstderr[2m | client/src/research/early-access/cart/EarlyAccessMultiCartJourney.test.tsx[2m > [22m[2mthe cart holds several different products[2m > [22m[2madds two DIFFERENT products, counts them, and survives a search and a filter
[22m[39mThe current testing environment is not configured to support act(...)

[90mstderr[2m | client/src/research/early-access/cart/EarlyAccessMultiCartJourney.test.tsx[2m > [22m[2mthe cart holds several different products[2m > [22m[2madds two DIFFERENT products, counts them, and survives a search and a filter
[22m[39mThe current testing environment is not configured to support act(...)

[90mstderr[2m | client/src/research/early-access/cart/EarlyAccessMultiCartJourney.test.tsx[2m > [22m[2mthe cart holds several different products[2m > [22m[2madds two DIFFERENT products, counts them, and survives a search and a filter
[22m[39mThe current testing environment is not configured to support act(...)

[90mstderr[2m | client/src/research/early-access/cart/EarlyAccessMultiCartJourney.test.tsx[2m > [22m[2mthe cart holds several different products[2m > [22m[2madds two DIFFERENT products, counts them, and survives a search and a filter
[22m[39mThe current testing environment is not configured to support act(...)

[90mstderr[2m | client/src/research/early-access/cart/EarlyAccessMultiCartJourney.test.tsx[2m > [22m[2mthe cart holds several different products[2m > [22m[2madds two DIFFERENT products, counts them, and survives a search and a filter
[22m[39mThe current testing environment is not configured to support act(...)

[90mstderr[2m | client/src/research/early-access/cart/EarlyAccessMultiCartJourney.test.tsx[2m > [22m[2mthe cart holds several different products[2m > [22m[2mrefuses to add a HELD product: there is no control to add it
[22m[39mThe current testing environment is not configured to support act(...)

[90mstderr[2m | client/src/research/early-access/cart/EarlyAccessMultiCartJourney.test.tsx[2m > [22m[2mthe cart holds several different products[2m > [22m[2mrefuses to add a HELD product: there is no control to add it
[22m[39mThe current testing environment is not configured to support act(...)
The current testing environment is not configured to support act(...)
The current testing environment is not configured to support act(...)

[90mstderr[2m | client/src/research/early-access/cart/EarlyAccessMultiCartJourney.test.tsx[2m > [22m[2mthe cart holds several different products[2m > [22m[2mrefuses to add a HELD product: there is no control to add it
[22m[39mThe current testing environment is not configured to support act(...)
The current testing environment is not configured to support act(...)

[90mstderr[2m | client/src/research/early-access/cart/EarlyAccessMultiCartJourney.test.tsx[2m > [22m[2mthe cart holds several different products[2m > [22m[2mrefuses to add a HELD product: there is no control to add it
[22m[39mThe current testing environment is not configured to support act(...)

[90mstderr[2m | client/src/research/early-access/cart/EarlyAccessMultiCartJourney.test.tsx[2m > [22m[2mthe cart holds several different products[2m > [22m[2medits a quantity and removes a line from the cart panel
[22m[39mThe current testing environment is not configured to support act(...)

[90mstderr[2m | client/src/research/early-access/cart/EarlyAccessMultiCartJourney.test.tsx[2m > [22m[2mthe cart holds several different products[2m > [22m[2medits a quantity and removes a line from the cart panel
[22m[39mThe current testing environment is not configured to support act(...)
The current testing environment is not configured to support act(...)
The current testing environment is not configured to support act(...)

[90mstderr[2m | client/src/research/early-access/cart/EarlyAccessMultiCartJourney.test.tsx[2m > [22m[2mthe cart holds several different products[2m > [22m[2medits a quantity and removes a line from the cart panel
[22m[39mThe current testing environment is not configured to support act(...)
The current testing environment is not configured to support act(...)

[90mstderr[2m | client/src/research/early-access/cart/EarlyAccessMultiCartJourney.test.tsx[2m > [22m[2mthe cart holds several different products[2m > [22m[2medits a quantity and removes a line from the cart panel
[22m[39mThe current testing environment is not configured to support act(...)

[90mstderr[2m | client/src/research/early-access/cart/EarlyAccessMultiCartJourney.test.tsx[2m > [22m[2mthe cart holds several different products[2m > [22m[2medits a quantity and removes a line from the cart panel
[22m[39mThe current testing environment is not configured to support act(...)

[90mstderr[2m | client/src/research/early-access/cart/EarlyAccessMultiCartJourney.test.tsx[2m > [22m[2mthe cart holds several different products[2m > [22m[2medits a quantity and removes a line from the cart panel
[22m[39mThe current testing environment is not configured to support act(...)
The current testing environment is not configured to support act(...)

[90mstderr[2m | client/src/research/early-access/cart/EarlyAccessMultiCartJourney.test.tsx[2m > [22m[2mthe cart holds several different products[2m > [22m[2medits a quantity and removes a line from the cart panel
[22m[39mThe current testing environment is not configured to support act(...)

[90mstderr[2m | client/src/research/early-access/cart/EarlyAccessMultiCartJourney.test.tsx[2m > [22m[2mthe cart holds several different products[2m > [22m[2medits a quantity and removes a line from the cart panel
[22m[39mThe current testing environment is not configured to support act(...)

[90mstderr[2m | client/src/research/early-access/cart/EarlyAccessMultiCartJourney.test.tsx[2m > [22m[2mthe cart holds several different products[2m > [22m[2medits a quantity and removes a line from the cart panel
[22m[39mThe current testing environment is not configured to support act(...)

[90mstderr[2m | client/src/research/early-access/cart/EarlyAccessMultiCartJourney.test.tsx[2m > [22m[2mthe cart holds several different products[2m > [22m[2mrestores the cart after a REFRESH, from the browser store alone
[22m[39mThe current testing environment is not configured to support act(...)

[90mstderr[2m | client/src/research/early-access/cart/EarlyAccessMultiCartJourney.test.tsx[2m > [22m[2mthe cart holds several different products[2m > [22m[2mrestores the cart after a REFRESH, from the browser store alone
[22m[39mThe current testing environment is not configured to support act(...)
The current testing environment is not configured to support act(...)
The current testing environment is not configured to support act(...)

[90mstderr[2m | client/src/research/early-access/cart/EarlyAccessMultiCartJourney.test.tsx[2m > [22m[2mthe cart holds several different products[2m > [22m[2mrestores the cart after a REFRESH, from the browser store alone
[22m[39mThe current testing environment is not configured to support act(...)
The current testing environment is not configured to support act(...)

[90mstderr[2m | client/src/research/early-access/cart/EarlyAccessMultiCartJourney.test.tsx[2m > [22m[2mthe cart holds several different products[2m > [22m[2mrestores the cart after a REFRESH, from the browser store alone
[22m[39mThe current testing environment is not configured to support act(...)

[90mstderr[2m | client/src/research/early-access/cart/EarlyAccessMultiCartJourney.test.tsx[2m > [22m[2mthe cart holds several different products[2m > [22m[2mrestores the cart after a REFRESH, from the browser store alone
[22m[39mThe current testing environment is not configured to support act(...)

[90mstderr[2m | client/src/research/early-access/cart/EarlyAccessMultiCartJourney.test.tsx[2m > [22m[2mthe cart holds several different products[2m > [22m[2mrestores the cart after a REFRESH, from the browser store alone
[22m[39mThe current testing environment is not configured to support act(...)

[90mstderr[2m | client/src/research/early-access/cart/EarlyAccessMultiCartJourney.test.tsx[2m > [22m[2mthe cart holds several different products[2m > [22m[2mrestores the cart after a REFRESH, from the browser store alone
[22m[39mThe current testing environment is not configured to support act(...)

[90mstderr[2m | client/src/research/early-access/cart/EarlyAccessMultiCartJourney.test.tsx[2m > [22m[2mthe cart holds several different products[2m > [22m[2mrestores the cart after a REFRESH, from the browser store alone
[22m[39mThe current testing environment is not configured to support act(...)
The current testing environment is not configured to support act(...)
The current testing environment is not configured to support act(...)

[90mstderr[2m | client/src/research/early-access/cart/EarlyAccessMultiCartJourney.test.tsx[2m > [22m[2mthe cart holds several different products[2m > [22m[2mrestores the cart after a REFRESH, from the browser store alone
[22m[39mThe current testing environment is not configured to support act(...)
The current testing environment is not configured to support act(...)

[90mstderr[2m | client/src/research/early-access/cart/EarlyAccessMultiCartJourney.test.tsx[2m > [22m[2mthe cart holds several different products[2m > [22m[2mrestores the cart after a REFRESH, from the browser store alone
[22m[39mThe current testing environment is not configured to support act(...)

[90mstderr[2m | client/src/research/early-access/cart/EarlyAccessMultiCartJourney.test.tsx[2m > [22m[2mthe agreement stands between the cart and a quote[2m > [22m[2mrefuses Continue to shipping until the policy is accepted, and says where it is
[22m[39mThe current testing environment is not configured to support act(...)

[90mstderr[2m | client/src/research/early-access/cart/EarlyAccessMultiCartJourney.test.tsx[2m > [22m[2mthe agreement stands between the cart and a quote[2m > [22m[2mrefuses Continue to shipping until the policy is accepted, and says where it is
[22m[39mThe current testing environment is not configured to support act(...)
The current testing environment is not configured to support act(...)
The current testing environment is not configured to support act(...)

[90mstderr[2m | client/src/research/early-access/cart/EarlyAccessMultiCartJourney.test.tsx[2m > [22m[2mthe agreement stands between the cart and a quote[2m > [22m[2mrefuses Continue to shipping until the policy is accepted, and says where it is
[22m[39mThe current testing environment is not configured to support act(...)

[90mstderr[2m | client/src/research/early-access/cart/EarlyAccessMultiCartJourney.test.tsx[2m > [22m[2mthe agreement stands between the cart and a quote[2m > [22m[2mrefuses Continue to shipping until the policy is accepted, and says where it is
[22m[39mThe current testing environment is not configured to support act(...)

[90mstderr[2m | client/src/research/early-access/cart/EarlyAccessMultiCartJourney.test.tsx[2m > [22m[2mthe agreement stands between the cart and a quote[2m > [22m[2mrefuses Continue to shipping until the policy is accepted, and says where it is
[22m[39mThe current testing environment is not configured to support act(...)
The current testing environment is not configured to support act(...)

[90mstderr[2m | client/src/research/early-access/cart/EarlyAccessMultiCartJourney.test.tsx[2m > [22m[2mthe agreement stands between the cart and a quote[2m > [22m[2mrefuses Continue to shipping until the policy is accepted, and says where it is
[22m[39mThe current testing environment is not configured to support act(...)
The current testing environment is not configured to support act(...)
The current testing environment is not configured to support act(...)

[90mstderr[2m | client/src/research/early-access/cart/EarlyAccessMultiCartJourney.test.tsx[2m > [22m[2mthe agreement stands between the cart and a quote[2m > [22m[2mrefuses Continue to shipping until the policy is accepted, and says where it is
[22m[39mThe current testing environment is not configured to support act(...)
The current testing environment is not configured to support act(...)
The current testing environment is not configured to support act(...)

[90mstderr[2m | client/src/research/early-access/cart/EarlyAccessMultiCartJourney.test.tsx[2m > [22m[2mthe agreement stands between the cart and a quote[2m > [22m[2mrefuses Continue to shipping until the policy is accepted, and says where it is
[22m[39mThe current testing environment is not configured to support act(...)

[90mstderr[2m | client/src/research/early-access/cart/EarlyAccessMultiCartJourney.test.tsx[2m > [22m[2mthe agreement stands between the cart and a quote[2m > [22m[2mrefuses Continue to shipping until the policy is accepted, and says where it is
[22m[39mThe current testing environment is not configured to support act(...)

[90mstderr[2m | client/src/research/early-access/cart/EarlyAccessMultiCartJourney.test.tsx[2m > [22m[2mthe agreement stands between the cart and a quote[2m > [22m[2mlets the cart continue once the server says the policy is on file
[22m[39mThe current testing environment is not configured to support act(...)

[90mstderr[2m | client/src/research/early-access/cart/EarlyAccessMultiCartJourney.test.tsx[2m > [22m[2mthe agreement stands between the cart and a quote[2m > [22m[2mlets the cart continue once the server says the policy is on file
[22m[39mThe current testing environment is not configured to support act(...)
The current testing environment is not configured to support act(...)
The current testing environment is not configured to support act(...)

[90mstderr[2m | client/src/research/early-access/cart/EarlyAccessMultiCartJourney.test.tsx[2m > [22m[2mthe agreement stands between the cart and a quote[2m > [22m[2mlets the cart continue once the server says the policy is on file
[22m[39mThe current testing environment is not configured to support act(...)
The current testing environment is not configured to support act(...)

[90mstderr[2m | client/src/research/early-access/cart/EarlyAccessMultiCartJourney.test.tsx[2m > [22m[2mthe agreement stands between the cart and a quote[2m > [22m[2mlets the cart continue once the server says the policy is on file
[22m[39mThe current testing environment is not configured to support act(...)

[90mstderr[2m | client/src/research/early-access/cart/EarlyAccessMultiCartJourney.test.tsx[2m > [22m[2mthe agreement stands between the cart and a quote[2m > [22m[2mlets the cart continue once the server says the policy is on file
[22m[39mThe current testing environment is not configured to support act(...)
The current testing environment is not configured to support act(...)

[90mstderr[2m | client/src/research/early-access/cart/EarlyAccessMultiCartJourney.test.tsx[2m > [22m[2mthe agreement stands between the cart and a quote[2m > [22m[2mlets the cart continue once the server says the policy is on file
[22m[39mThe current testing environment is not configured to support act(...)
The current testing environment is not configured to support act(...)

[90mstderr[2m | client/src/research/early-access/cart/EarlyAccessMultiCartJourney.test.tsx[2m > [22m[2mthe agreement stands between the cart and a quote[2m > [22m[2mlets the cart continue once the server says the policy is on file
[22m[39mThe current testing environment is not configured to support act(...)

[90mstderr[2m | client/src/research/early-access/cart/EarlyAccessMultiCartJourney.test.tsx[2m > [22m[2mF6 J: history carries exactly earlyAccess and step[2m > [22m[2mevery navigation writes a state with those two keys and nothing else
[22m[39mThe current testing environment is not configured to support act(...)

[90mstderr[2m | client/src/research/early-access/cart/EarlyAccessMultiCartJourney.test.tsx[2m > [22m[2mF6 J: history carries exactly earlyAccess and step[2m > [22m[2mevery navigation writes a state with those two keys and nothing else
[22m[39mThe current testing environment is not configured to support act(...)
The current testing environment is not configured to support act(...)
The current testing environment is not configured to support act(...)

[90mstderr[2m | client/src/research/early-access/cart/EarlyAccessMultiCartJourney.test.tsx[2m > [22m[2mF6 J: history carries exactly earlyAccess and step[2m > [22m[2mevery navigation writes a state with those two keys and nothing else
[22m[39mThe current testing environment is not configured to support act(...)
The current testing environment is not configured to support act(...)

[90mstderr[2m | client/src/research/early-access/cart/EarlyAccessMultiCartJourney.test.tsx[2m > [22m[2mF6 J: history carries exactly earlyAccess and step[2m > [22m[2mevery navigation writes a state with those two keys and nothing else
[22m[39mThe current testing environment is not configured to support act(...)

[90mstderr[2m | client/src/research/early-access/cart/EarlyAccessMultiCartJourney.test.tsx[2m > [22m[2mF6 J: history carries exactly earlyAccess and step[2m > [22m[2mevery navigation writes a state with those two keys and nothing else
[22m[39mThe current testing environment is not configured to support act(...)
The current testing environment is not configured to support act(...)

[90mstderr[2m | client/src/research/early-access/cart/EarlyAccessMultiCartJourney.test.tsx[2m > [22m[2mF6 J: history carries exactly earlyAccess and step[2m > [22m[2mevery navigation writes a state with those two keys and nothing else
[22m[39mThe current testing environment is not configured to support act(...)

[90mstderr[2m | client/src/research/early-access/cart/EarlyAccessMultiCartJourney.test.tsx[2m > [22m[2mBack and Forward move, and never buy[2m > [22m[2ma popstate to any step POSTs nothing and mints no idempotency key
[22m[39mThe current testing environment is not configured to support act(...)

[90mstderr[2m | client/src/research/early-access/cart/EarlyAccessMultiCartJourney.test.tsx[2m > [22m[2mBack and Forward move, and never buy[2m > [22m[2ma popstate to any step POSTs nothing and mints no idempotency key
[22m[39mThe current testing environment is not configured to support act(...)
The current testing environment is not configured to support act(...)
The current testing environment is not configured to support act(...)

[90mstderr[2m | client/src/research/early-access/cart/EarlyAccessMultiCartJourney.test.tsx[2m > [22m[2mBack and Forward move, and never buy[2m > [22m[2ma popstate to any step POSTs nothing and mints no idempotency key
[22m[39mThe current testing environment is not configured to support act(...)
The current testing environment is not configured to support act(...)

[90mstderr[2m | client/src/research/early-access/cart/EarlyAccessMultiCartJourney.test.tsx[2m > [22m[2mBack and Forward move, and never buy[2m > [22m[2ma popstate to any step POSTs nothing and mints no idempotency key
[22m[39mThe current testing environment is not configured to support act(...)

[90mstderr[2m | client/src/research/early-access/cart/EarlyAccessMultiCartJourney.test.tsx[2m > [22m[2mBack and Forward move, and never buy[2m > [22m[2ma popstate to any step POSTs nothing and mints no idempotency key
[22m[39mThe current testing environment is not configured to support act(...)
The current testing environment is not configured to support act(...)

[90mstderr[2m | client/src/research/early-access/cart/EarlyAccessMultiCartJourney.test.tsx[2m > [22m[2mBack and Forward move, and never buy[2m > [22m[2ma popstate to any step POSTs nothing and mints no idempotency key
[22m[39mThe current testing environment is not configured to support act(...)
The current testing environment is not configured to support act(...)

[90mstderr[2m | client/src/research/early-access/cart/EarlyAccessMultiCartJourney.test.tsx[2m > [22m[2mBack and Forward move, and never buy[2m > [22m[2ma popstate to any step POSTs nothing and mints no idempotency key
[22m[39mThe current testing environment is not configured to support act(...)
The current testing environment is not configured to support act(...)
The current testing environment is not configured to support act(...)

[90mstderr[2m | client/src/research/early-access/cart/EarlyAccessMultiCartJourney.test.tsx[2m > [22m[2mBack and Forward move, and never buy[2m > [22m[2ma popstate to any step POSTs nothing and mints no idempotency key
[22m[39mThe current testing environment is not configured to support act(...)
The current testing environment is not configured to support act(...)

[90mstderr[2m | client/src/research/early-access/cart/EarlyAccessMultiCartJourney.test.tsx[2m > [22m[2mBack and Forward move, and never buy[2m > [22m[2ma popstate to any step POSTs nothing and mints no idempotency key
[22m[39mThe current testing environment is not configured to support act(...)

[90mstderr[2m | client/src/research/early-access/cart/EarlyAccessMultiCartJourney.test.tsx[2m > [22m[2mBack and Forward move, and never buy[2m > [22m[2ma popstate to any step POSTs nothing and mints no idempotency key
[22m[39mThe current testing environment is not configured to support act(...)
The current testing environment is not configured to support act(...)

[90mstderr[2m | client/src/research/early-access/cart/EarlyAccessMultiCartJourney.test.tsx[2m > [22m[2mBack and Forward move, and never buy[2m > [22m[2ma popstate to any step POSTs nothing and mints no idempotency key
[22m[39mThe current testing environment is not configured to support act(...)
The current testing environment is not configured to support act(...)

[90mstderr[2m | client/src/research/early-access/cart/EarlyAccessMultiCartJourney.test.tsx[2m > [22m[2mBack and Forward move, and never buy[2m > [22m[2ma popstate to any step POSTs nothing and mints no idempotency key
[22m[39mThe current testing environment is not configured to support act(...)

[90mstderr[2m | client/src/research/early-access/cart/EarlyAccessMultiCartJourney.test.tsx[2m > [22m[2mBack and Forward move, and never buy[2m > [22m[2ma popstate to any step POSTs nothing and mints no idempotency key
[22m[39mThe current testing environment is not configured to support act(...)
The current testing environment is not configured to support act(...)

[90mstderr[2m | client/src/research/early-access/cart/EarlyAccessMultiCartJourney.test.tsx[2m > [22m[2mBack and Forward move, and never buy[2m > [22m[2ma popstate to any step POSTs nothing and mints no idempotency key
[22m[39mThe current testing environment is not configured to support act(...)

[90mstderr[2m | client/src/research/early-access/cart/EarlyAccessMultiCartJourney.test.tsx[2m > [22m[2mBack and Forward move, and never buy[2m > [22m[2ma popstate to review or payment without a quote or a checkout lands on a REACHABLE step
[22m[39mThe current testing environment is not configured to support act(...)

[90mstderr[2m | client/src/research/early-access/cart/EarlyAccessMultiCartJourney.test.tsx[2m > [22m[2mBack and Forward move, and never buy[2m > [22m[2ma popstate to review or payment without a quote or a checkout lands on a REACHABLE step
[22m[39mThe current testing environment is not configured to support act(...)
The current testing environment is not configured to support act(...)
The current testing environment is not configured to support act(...)

[90mstderr[2m | client/src/research/early-access/cart/EarlyAccessMultiCartJourney.test.tsx[2m > [22m[2mBack and Forward move, and never buy[2m > [22m[2ma popstate to review or payment without a quote or a checkout lands on a REACHABLE step
[22m[39mThe current testing environment is not configured to support act(...)
The current testing environment is not configured to support act(...)

[90mstderr[2m | client/src/research/early-access/cart/EarlyAccessMultiCartJourney.test.tsx[2m > [22m[2mBack and Forward move, and never buy[2m > [22m[2ma popstate to review or payment without a quote or a checkout lands on a REACHABLE step
[22m[39mThe current testing environment is not configured to support act(...)

[90mstderr[2m | client/src/research/early-access/cart/EarlyAccessMultiCartJourney.test.tsx[2m > [22m[2mBack and Forward move, and never buy[2m > [22m[2ma popstate to review or payment without a quote or a checkout lands on a REACHABLE step
[22m[39mThe current testing environment is not configured to support act(...)
The current testing environment is not configured to support act(...)

[90mstderr[2m | client/src/research/early-access/cart/EarlyAccessMultiCartJourney.test.tsx[2m > [22m[2mBack and Forward move, and never buy[2m > [22m[2ma popstate to review or payment without a quote or a checkout lands on a REACHABLE step
[22m[39mThe current testing environment is not configured to support act(...)

[90mstderr[2m | client/src/research/early-access/cart/EarlyAccessMultiCartJourney.test.tsx[2m > [22m[2mBack and Forward move, and never buy[2m > [22m[2ma stale history entry does not survive a remount: an impossible step is corrected on arrival
[22m[39mThe current testing environment is not configured to support act(...)

[90mstderr[2m | client/src/research/early-access/cart/EarlyAccessMultiCartJourney.test.tsx[2m > [22m[2mBack and Forward move, and never buy[2m > [22m[2ma stale history entry does not survive a remount: an impossible step is corrected on arrival
[22m[39mThe current testing environment is not configured to support act(...)

[90mstderr[2m | client/src/research/early-access/cart/EarlyAccessMultiCartJourney.test.tsx[2m > [22m[2mBack and Forward move, and never buy[2m > [22m[2ma stale history entry does not survive a remount: an impossible step is corrected on arrival
[22m[39mThe current testing environment is not configured to support act(...)

[90mstderr[2m | client/src/research/early-access/cart/EarlyAccessMultiCartJourney.test.tsx[2m > [22m[2mBack and Forward move, and never buy[2m > [22m[2ma stale history entry does not survive a remount: an impossible step is corrected on arrival
[22m[39mThe current testing environment is not configured to support act(...)
The current testing environment is not configured to support act(...)
The current testing environment is not configured to support act(...)

[90mstderr[2m | client/src/research/early-access/cart/EarlyAccessMultiCartJourney.test.tsx[2m > [22m[2mBack and Forward move, and never buy[2m > [22m[2ma stale history entry does not survive a remount: an impossible step is corrected on arrival
[22m[39mThe current testing environment is not configured to support act(...)
The current testing environment is not configured to support act(...)

[90mstderr[2m | client/src/research/early-access/cart/EarlyAccessMultiCartJourney.test.tsx[2m > [22m[2mBack and Forward move, and never buy[2m > [22m[2ma stale history entry does not survive a remount: an impossible step is corrected on arrival
[22m[39mThe current testing environment is not configured to support act(...)

[90mstderr[2m | client/src/research/early-access/cart/EarlyAccessMultiCartJourney.test.tsx[2m > [22m[2mBack and Forward move, and never buy[2m > [22m[2ma stale history entry does not survive a remount: an impossible step is corrected on arrival
[22m[39mThe current testing environment is not configured to support act(...)

[90mstderr[2m | client/src/research/early-access/cart/EarlyAccessMultiCartJourney.test.tsx[2m > [22m[2mBack and Forward move, and never buy[2m > [22m[2ma stale history entry does not survive a remount: an impossible step is corrected on arrival
[22m[39mThe current testing environment is not configured to support act(...)

[90mstderr[2m | client/src/research/early-access/cart/EarlyAccessMultiCartJourney.test.tsx[2m > [22m[2mBack and Forward move, and never buy[2m > [22m[2ma stale history entry does not survive a remount: an impossible step is corrected on arrival
[22m[39mThe current testing environment is not configured to support act(...)
The current testing environment is not configured to support act(...)
The current testing environment is not configured to support act(...)

[90mstderr[2m | client/src/research/early-access/cart/EarlyAccessMultiCartJourney.test.tsx[2m > [22m[2mBack and Forward move, and never buy[2m > [22m[2ma stale history entry does not survive a remount: an impossible step is corrected on arrival
[22m[39mThe current testing environment is not configured to support act(...)
The current testing environment is not configured to support act(...)

[90mstderr[2m | client/src/research/early-access/cart/EarlyAccessMultiCartJourney.test.tsx[2m > [22m[2mBack and Forward move, and never buy[2m > [22m[2ma stale history entry does not survive a remount: an impossible step is corrected on arrival
[22m[39mThe current testing environment is not configured to support act(...)

[90mstderr[2m | client/src/research/early-access/cart/EarlyAccessMultiCartJourney.test.tsx[2m > [22m[2mBack and Forward move, and never buy[2m > [22m[2ma stale history entry does not survive a remount: an impossible step is corrected on arrival
[22m[39mThe current testing environment is not configured to support act(...)

[90mstderr[2m | client/src/research/early-access/cart/EarlyAccessMultiCartJourney.test.tsx[2m > [22m[2mBack and Forward move, and never buy[2m > [22m[2ma stale history entry does not survive a remount: an impossible step is corrected on arrival
[22m[39mThe current testing environment is not configured to support act(...)

[90mstderr[2m | client/src/research/early-access/cart/EarlyAccessMultiCartJourney.test.tsx[2m > [22m[2mBack and Forward move, and never buy[2m > [22m[2ma stale history entry does not survive a remount: an impossible step is corrected on arrival
[22m[39mThe current testing environment is not configured to support act(...)
The current testing environment is not configured to support act(...)
The current testing environment is not configured to support act(...)

[90mstderr[2m | client/src/research/early-access/cart/EarlyAccessMultiCartJourney.test.tsx[2m > [22m[2mBack and Forward move, and never buy[2m > [22m[2ma stale history entry does not survive a remount: an impossible step is corrected on arrival
[22m[39mThe current testing environment is not configured to support act(...)
The current testing environment is not configured to support act(...)

[90mstderr[2m | client/src/research/early-access/cart/EarlyAccessMultiCartJourney.test.tsx[2m > [22m[2mBack and Forward move, and never buy[2m > [22m[2ma stale history entry does not survive a remount: an impossible step is corrected on arrival
[22m[39mThe current testing environment is not configured to support act(...)

[90mstderr[2m | client/src/research/early-access/cart/EarlyAccessMultiCartJourney.test.tsx[2m > [22m[2mBack and Forward move, and never buy[2m > [22m[2ma stale history entry does not survive a remount: an impossible step is corrected on arrival
[22m[39mThe current testing environment is not configured to support act(...)

[90mstderr[2m | client/src/research/early-access/cart/EarlyAccessMultiCartJourney.test.tsx[2m > [22m[2mBack and Forward move, and never buy[2m > [22m[2ma stale history entry does not survive a remount: an impossible step is corrected on arrival
[22m[39mThe current testing environment is not configured to support act(...)

[90mstderr[2m | client/src/research/early-access/cart/EarlyAccessMultiCartJourney.test.tsx[2m > [22m[2mBack and Forward move, and never buy[2m > [22m[2ma stale history entry does not survive a remount: an impossible step is corrected on arrival
[22m[39mThe current testing environment is not configured to support act(...)
The current testing environment is not configured to support act(...)
The current testing environment is not configured to support act(...)

[90mstderr[2m | client/src/research/early-access/cart/EarlyAccessMultiCartJourney.test.tsx[2m > [22m[2mBack and Forward move, and never buy[2m > [22m[2ma stale history entry does not survive a remount: an impossible step is corrected on arrival
[22m[39mThe current testing environment is not configured to support act(...)
The current testing environment is not configured to support act(...)

[90mstderr[2m | client/src/research/early-access/cart/EarlyAccessMultiCartJourney.test.tsx[2m > [22m[2mBack and Forward move, and never buy[2m > [22m[2ma stale history entry does not survive a remount: an impossible step is corrected on arrival
[22m[39mThe current testing environment is not configured to support act(...)

[90mstderr[2m | client/src/research/early-access/cart/EarlyAccessMultiCartJourney.test.tsx[2m > [22m[2mBack and Forward move, and never buy[2m > [22m[2ma stale history entry does not survive a remount: an impossible step is corrected on arrival
[22m[39mThe current testing environment is not configured to support act(...)

[90mstderr[2m | client/src/research/early-access/cart/EarlyAccessMultiCartJourney.test.tsx[2m > [22m[2mBack and Forward move, and never buy[2m > [22m[2ma stale history entry does not survive a remount: an impossible step is corrected on arrival
[22m[39mThe current testing environment is not configured to support act(...)

[90mstderr[2m | client/src/research/early-access/cart/EarlyAccessMultiCartJourney.test.tsx[2m > [22m[2mBack and Forward move, and never buy[2m > [22m[2ma stale history entry does not survive a remount: an impossible step is corrected on arrival
[22m[39mThe current testing environment is not configured to support act(...)
The current testing environment is not configured to support act(...)
The current testing environment is not configured to support act(...)

[90mstderr[2m | client/src/research/early-access/cart/EarlyAccessMultiCartJourney.test.tsx[2m > [22m[2mBack and Forward move, and never buy[2m > [22m[2ma stale history entry does not survive a remount: an impossible step is corrected on arrival
[22m[39mThe current testing environment is not configured to support act(...)
The current testing environment is not configured to support act(...)

[90mstderr[2m | client/src/research/early-access/cart/EarlyAccessMultiCartJourney.test.tsx[2m > [22m[2mBack and Forward move, and never buy[2m > [22m[2ma stale history entry does not survive a remount: an impossible step is corrected on arrival
[22m[39mThe current testing environment is not configured to support act(...)

[90mstderr[2m | client/src/research/early-access/cart/EarlyAccessMultiCartJourney.test.tsx[2m > [22m[2mBack and Forward move, and never buy[2m > [22m[2ma reachable history entry is preserved on mount, so recovery still works
[22m[39mThe current testing environment is not configured to support act(...)

[90mstderr[2m | client/src/research/early-access/cart/EarlyAccessMultiCartJourney.test.tsx[2m > [22m[2mBack and Forward move, and never buy[2m > [22m[2ma reachable history entry is preserved on mount, so recovery still works
[22m[39mThe current testing environment is not configured to support act(...)

[90mstderr[2m | client/src/research/early-access/cart/EarlyAccessMultiCartJourney.test.tsx[2m > [22m[2mBack and Forward move, and never buy[2m > [22m[2ma reachable history entry is preserved on mount, so recovery still works
[22m[39mThe current testing environment is not configured to support act(...)

[90mstderr[2m | client/src/research/early-access/cart/EarlyAccessMultiCartJourney.test.tsx[2m > [22m[2mBack and Forward move, and never buy[2m > [22m[2ma foreign or malformed history state falls back to the catalogue rather than throwing
[22m[39mThe current testing environment is not configured to support act(...)

[90mstderr[2m | client/src/research/early-access/cart/EarlyAccessMultiCartJourney.test.tsx[2m > [22m[2mBack and Forward move, and never buy[2m > [22m[2ma foreign or malformed history state falls back to the catalogue rather than throwing
[22m[39mThe current testing environment is not configured to support act(...)
The current testing environment is not configured to support act(...)
The current testing environment is not configured to support act(...)

[90mstderr[2m | client/src/research/early-access/cart/EarlyAccessMultiCartJourney.test.tsx[2m > [22m[2mBack and Forward move, and never buy[2m > [22m[2ma foreign or malformed history state falls back to the catalogue rather than throwing
[22m[39mThe current testing environment is not configured to support act(...)
The current testing environment is not configured to support act(...)

[90mstderr[2m | client/src/research/early-access/cart/EarlyAccessMultiCartJourney.test.tsx[2m > [22m[2mBack and Forward move, and never buy[2m > [22m[2ma foreign or malformed history state falls back to the catalogue rather than throwing
[22m[39mThe current testing environment is not configured to support act(...)
The current testing environment is not configured to support act(...)

[90mstderr[2m | client/src/research/early-access/cart/EarlyAccessMultiCartJourney.test.tsx[2m > [22m[2mBack and Forward move, and never buy[2m > [22m[2ma foreign or malformed history state falls back to the catalogue rather than throwing
[22m[39mThe current testing environment is not configured to support act(...)

[90mstderr[2m | client/src/research/early-access/cart/EarlyAccessMultiCartJourney.test.tsx[2m > [22m[2mF6 K: malformed browser state fails closed[2m > [22m[2ma corrupt cart is discarded, its key removed, and nothing is submitted
[22m[39mThe current testing environment is not configured to support act(...)

[90mstderr[2m | client/src/research/early-access/cart/EarlyAccessMultiCartJourney.test.tsx[2m > [22m[2mF6 K: malformed browser state fails closed[2m > [22m[2ma corrupt cart is discarded, its key removed, and nothing is submitted
[22m[39mThe current testing environment is not configured to support act(...)

[90mstderr[2m | client/src/research/early-access/cart/EarlyAccessMultiCartJourney.test.tsx[2m > [22m[2mF6 K: malformed browser state fails closed[2m > [22m[2ma corrupt cart is discarded, its key removed, and nothing is submitted
[22m[39mThe current testing environment is not configured to support act(...)
The current testing environment is not configured to support act(...)
The current testing environment is not configured to support act(...)

[90mstderr[2m | client/src/research/early-access/cart/EarlyAccessMultiCartJourney.test.tsx[2m > [22m[2mF6 K: malformed browser state fails closed[2m > [22m[2ma corrupt cart is discarded, its key removed, and nothing is submitted
[22m[39mThe current testing environment is not configured to support act(...)
The current testing environment is not configured to support act(...)

[90mstderr[2m | client/src/research/early-access/cart/EarlyAccessMultiCartJourney.test.tsx[2m > [22m[2mF6 K: malformed browser state fails closed[2m > [22m[2ma corrupt cart is discarded, its key removed, and nothing is submitted
[22m[39mThe current testing environment is not configured to support act(...)

[90mstderr[2m | client/src/research/early-access/cart/EarlyAccessMultiCartJourney.test.tsx[2m > [22m[2mF6 K: malformed browser state fails closed[2m > [22m[2ma corrupt cart is discarded, its key removed, and nothing is submitted
[22m[39mThe current testing environment is not configured to support act(...)

[90mstderr[2m | client/src/research/early-access/cart/EarlyAccessMultiCartJourney.test.tsx[2m > [22m[2mF6 K: malformed browser state fails closed[2m > [22m[2ma corrupt cart is discarded, its key removed, and nothing is submitted
[22m[39mThe current testing environment is not configured to support act(...)
The current testing environment is not configured to support act(...)
The current testing environment is not configured to support act(...)

[90mstderr[2m | client/src/research/early-access/cart/EarlyAccessMultiCartJourney.test.tsx[2m > [22m[2mF6 K: malformed browser state fails closed[2m > [22m[2ma corrupt cart is discarded, its key removed, and nothing is submitted
[22m[39mThe current testing environment is not configured to support act(...)
The current testing environment is not configured to support act(...)

[90mstderr[2m | client/src/research/early-access/cart/EarlyAccessMultiCartJourney.test.tsx[2m > [22m[2mF6 K: malformed browser state fails closed[2m > [22m[2ma corrupt cart is discarded, its key removed, and nothing is submitted
[22m[39mThe current testing environment is not configured to support act(...)

[90mstderr[2m | client/src/research/early-access/cart/EarlyAccessMultiCartJourney.test.tsx[2m > [22m[2mF6 K: malformed browser state fails closed[2m > [22m[2ma corrupt cart is discarded, its key removed, and nothing is submitted
[22m[39mThe current testing environment is not configured to support act(...)

[90mstderr[2m | client/src/research/early-access/cart/EarlyAccessMultiCartJourney.test.tsx[2m > [22m[2mF6 K: malformed browser state fails closed[2m > [22m[2ma corrupt cart is discarded, its key removed, and nothing is submitted
[22m[39mThe current testing environment is not configured to support act(...)
The current testing environment is not configured to support act(...)
The current testing environment is not configured to support act(...)

[90mstderr[2m | client/src/research/early-access/cart/EarlyAccessMultiCartJourney.test.tsx[2m > [22m[2mF6 K: malformed browser state fails closed[2m > [22m[2ma corrupt cart is discarded, its key removed, and nothing is submitted
[22m[39mThe current testing environment is not configured to support act(...)
The current testing environment is not configured to support act(...)

[90mstderr[2m | client/src/research/early-access/cart/EarlyAccessMultiCartJourney.test.tsx[2m > [22m[2mF6 K: malformed browser state fails closed[2m > [22m[2ma corrupt cart is discarded, its key removed, and nothing is submitted
[22m[39mThe current testing environment is not configured to support act(...)

[90mstderr[2m | client/src/research/early-access/cart/EarlyAccessMultiCartJourney.test.tsx[2m > [22m[2mF6 K: malformed browser state fails closed[2m > [22m[2ma corrupt cart is discarded, its key removed, and nothing is submitted
[22m[39mThe current testing environment is not configured to support act(...)

[90mstderr[2m | client/src/research/early-access/cart/EarlyAccessMultiCartJourney.test.tsx[2m > [22m[2mF6 K: malformed browser state fails closed[2m > [22m[2ma corrupt cart is discarded, its key removed, and nothing is submitted
[22m[39mThe current testing environment is not configured to support act(...)
The current testing environment is not configured to support act(...)
The current testing environment is not configured to support act(...)

[90mstderr[2m | client/src/research/early-access/cart/EarlyAccessMultiCartJourney.test.tsx[2m > [22m[2mF6 K: malformed browser state fails closed[2m > [22m[2ma corrupt cart is discarded, its key removed, and nothing is submitted
[22m[39mThe current testing environment is not configured to support act(...)
The current testing environment is not configured to support act(...)

[90mstderr[2m | client/src/research/early-access/cart/EarlyAccessMultiCartJourney.test.tsx[2m > [22m[2mF6 K: malformed browser state fails closed[2m > [22m[2ma corrupt cart is discarded, its key removed, and nothing is submitted
[22m[39mThe current testing environment is not configured to support act(...)

[90mstderr[2m | client/src/research/early-access/cart/EarlyAccessMultiCartJourney.test.tsx[2m > [22m[2mF6 K: malformed browser state fails closed[2m > [22m[2ma corrupt cart is discarded, its key removed, and nothing is submitted
[22m[39mThe current testing environment is not configured to support act(...)

[90mstderr[2m | client/src/research/early-access/cart/EarlyAccessMultiCartJourney.test.tsx[2m > [22m[2mF6 K: malformed browser state fails closed[2m > [22m[2ma corrupt cart is discarded, its key removed, and nothing is submitted
[22m[39mThe current testing environment is not configured to support act(...)
The current testing environment is not configured to support act(...)
The current testing environment is not configured to support act(...)

[90mstderr[2m | client/src/research/early-access/cart/EarlyAccessMultiCartJourney.test.tsx[2m > [22m[2mF6 K: malformed browser state fails closed[2m > [22m[2ma corrupt cart is discarded, its key removed, and nothing is submitted
[22m[39mThe current testing environment is not configured to support act(...)
The current testing environment is not configured to support act(...)

[90mstderr[2m | client/src/research/early-access/cart/EarlyAccessMultiCartJourney.test.tsx[2m > [22m[2mF6 K: malformed browser state fails closed[2m > [22m[2ma corrupt cart is discarded, its key removed, and nothing is submitted
[22m[39mThe current testing environment is not configured to support act(...)

[90mstderr[2m | client/src/research/early-access/cart/EarlyAccessMultiCartJourney.test.tsx[2m > [22m[2mF6 K: malformed browser state fails closed[2m > [22m[2ma malformed attempt key or checkout pointer is removed rather than replayed
[22m[39mThe current testing environment is not configured to support act(...)

[90mstderr[2m | client/src/research/early-access/cart/EarlyAccessMultiCartJourney.test.tsx[2m > [22m[2mF6 K: malformed browser state fails closed[2m > [22m[2ma malformed attempt key or checkout pointer is removed rather than replayed
[22m[39mThe current testing environment is not configured to support act(...)
The current testing environment is not configured to support act(...)
The current testing environment is not configured to support act(...)

[90mstderr[2m | client/src/research/early-access/cart/EarlyAccessMultiCartJourney.test.tsx[2m > [22m[2mF6 K: malformed browser state fails closed[2m > [22m[2ma malformed attempt key or checkout pointer is removed rather than replayed
[22m[39mThe current testing environment is not configured to support act(...)
The current testing environment is not configured to support act(...)

[90mstderr[2m | client/src/research/early-access/cart/EarlyAccessMultiCartJourney.test.tsx[2m > [22m[2mF6 K: malformed browser state fails closed[2m > [22m[2ma malformed attempt key or checkout pointer is removed rather than replayed
[22m[39mThe current testing environment is not configured to support act(...)

 [32m✓[39m client/src/research/early-access/cart/EarlyAccessMultiCartJourney.test.tsx [2m([22m[2m14 tests[22m[2m)[22m[33m 681[2mms[22m[39m
[90mstderr[2m | server/research/early-access/persistence/hold-rpc-compatibility.test.ts[2m > [22m[2mwhen the hold RPC is absent[2m > [22m[2mreturns an EMPTY hold set instead of throwing
[22m[39m[early-access] the durable unit-hold registry is unavailable (research_early_access_active_hold_kinds_for_unit is missing, migration 54 is not applied). The catalogue is serving WITHOUT durable unit holds. Founder releases, strength disputes and supplier confirmations still hold units normally. Apply migration 54 to restore recorded prohibitions.

[90mstderr[2m | server/research/early-access/persistence/hold-rpc-compatibility.test.ts[2m > [22m[2mthe production composition uses the tolerant registry[2m > [22m[2msurvives a production-shaped projection read with the RPC missing
[22m[39m[early-access] the durable unit-hold registry is unavailable (research_early_access_active_hold_kinds_for_unit is missing, migration 54 is not applied). The catalogue is serving WITHOUT durable unit holds. Founder releases, strength disputes and supplier confirmations still hold units normally. Apply migration 54 to restore recorded prohibitions.

[90mstderr[2m | server/research/early-access/persistence/hold-rpc-compatibility.test.ts[2m > [22m[2ma missing hold RPC does not cost the catalogue[2m > [22m[2manswers 200 rather than 503
[22m[39m[early-access] bulk unit-hold read failed; this projection is reading holds per unit instead. Recorded prohibitions still apply. EarlyAccessPersistenceError: early-access persistence call failed: research_early_access_active_unit_holds
    at runEarlyAccessCall [90m(/workspace/[39mserver/research/early-access/persistence/executor.ts:48:11[90m)[39m
[90m    at processTicksAndRejections (node:internal/process/task_queues:95:5)[39m
    at SupabaseUnitHoldRegistry.activeHoldsForAllUnits [90m(/workspace/[39mserver/research/early-access/persistence/ops-stores.ts:225:7[90m)[39m

[90mstderr[2m | server/research/early-access/persistence/hold-rpc-compatibility.test.ts[2m > [22m[2ma missing hold RPC does not cost the catalogue[2m > [22m[2manswers 200 rather than 503
[22m[39m[early-access] bulk unit-hold read failed; this projection is reading holds per unit instead. Recorded prohibitions still apply. EarlyAccessPersistenceError: early-access persistence call failed: research_early_access_active_unit_holds
    at runEarlyAccessCall [90m(/workspace/[39mserver/research/early-access/persistence/executor.ts:48:11[90m)[39m
[90m    at processTicksAndRejections (node:internal/process/task_queues:95:5)[39m
    at SupabaseUnitHoldRegistry.activeHoldsForAllUnits [90m(/workspace/[39mserver/research/early-access/persistence/ops-stores.ts:225:7[90m)[39m

[90mstderr[2m | server/research/early-access/persistence/hold-rpc-compatibility.test.ts[2m > [22m[2ma missing hold RPC does not cost the catalogue[2m > [22m[2manswers 200 rather than 503
[22m[39m[early-access] bulk unit-hold read failed; this projection is reading holds per unit instead. Recorded prohibitions still apply. EarlyAccessPersistenceError: early-access persistence call failed: research_early_access_active_unit_holds
    at runEarlyAccessCall [90m(/workspace/[39mserver/research/early-access/persistence/executor.ts:48:11[90m)[39m
[90m    at processTicksAndRejections (node:internal/process/task_queues:95:5)[39m
    at SupabaseUnitHoldRegistry.activeHoldsForAllUnits [90m(/workspace/[39mserver/research/early-access/persistence/ops-stores.ts:225:7[90m)[39m

[90mstderr[2m | server/research/early-access/persistence/hold-rpc-compatibility.test.ts[2m > [22m[2ma missing hold RPC does not cost the catalogue[2m > [22m[2mserves 22 visible, 18 purchasable, 4 held
[22m[39m[early-access] bulk unit-hold read failed; this projection is reading holds per unit instead. Recorded prohibitions still apply. EarlyAccessPersistenceError: early-access persistence call failed: research_early_access_active_unit_holds
    at runEarlyAccessCall [90m(/workspace/[39mserver/research/early-access/persistence/executor.ts:48:11[90m)[39m
[90m    at processTicksAndRejections (node:internal/process/task_queues:95:5)[39m
    at SupabaseUnitHoldRegistry.activeHoldsForAllUnits [90m(/workspace/[39mserver/research/early-access/persistence/ops-stores.ts:225:7[90m)[39m

[90mstderr[2m | server/research/early-access/persistence/hold-rpc-compatibility.test.ts[2m > [22m[2ma missing hold RPC does not cost the catalogue[2m > [22m[2mserves 22 visible, 18 purchasable, 4 held
[22m[39m[early-access] bulk unit-hold read failed; this projection is reading holds per unit instead. Recorded prohibitions still apply. EarlyAccessPersistenceError: early-access persistence call failed: research_early_access_active_unit_holds
    at runEarlyAccessCall [90m(/workspace/[39mserver/research/early-access/persistence/executor.ts:48:11[90m)[39m
[90m    at processTicksAndRejections (node:internal/process/task_queues:95:5)[39m
    at SupabaseUnitHoldRegistry.activeHoldsForAllUnits [90m(/workspace/[39mserver/research/early-access/persistence/ops-stores.ts:225:7[90m)[39m

[90mstderr[2m | server/research/early-access/persistence/hold-rpc-compatibility.test.ts[2m > [22m[2ma missing hold RPC does not cost the catalogue[2m > [22m[2mserves 22 visible, 18 purchasable, 4 held
[22m[39m[early-access] bulk unit-hold read failed; this projection is reading holds per unit instead. Recorded prohibitions still apply. EarlyAccessPersistenceError: early-access persistence call failed: research_early_access_active_unit_holds
    at runEarlyAccessCall [90m(/workspace/[39mserver/research/early-access/persistence/executor.ts:48:11[90m)[39m
[90m    at processTicksAndRejections (node:internal/process/task_queues:95:5)[39m
    at SupabaseUnitHoldRegistry.activeHoldsForAllUnits [90m(/workspace/[39mserver/research/early-access/persistence/ops-stores.ts:225:7[90m)[39m

[90mstderr[2m | server/research/early-access/persistence/hold-rpc-compatibility.test.ts[2m > [22m[2ma missing hold RPC does not cost the catalogue[2m > [22m[2mkeeps Cagrilintide held, with no price and nothing to buy
[22m[39m[early-access] bulk unit-hold read failed; this projection is reading holds per unit instead. Recorded prohibitions still apply. EarlyAccessPersistenceError: early-access persistence call failed: research_early_access_active_unit_holds
    at runEarlyAccessCall [90m(/workspace/[39mserver/research/early-access/persistence/executor.ts:48:11[90m)[39m
[90m    at processTicksAndRejections (node:internal/process/task_queues:95:5)[39m
    at SupabaseUnitHoldRegistry.activeHoldsForAllUnits [90m(/workspace/[39mserver/research/early-access/persistence/ops-stores.ts:225:7[90m)[39m

[90mstderr[2m | server/research/early-access/persistence/hold-rpc-compatibility.test.ts[2m > [22m[2ma missing hold RPC does not cost the catalogue[2m > [22m[2mkeeps Cagrilintide held, with no price and nothing to buy
[22m[39m[early-access] bulk unit-hold read failed; this projection is reading holds per unit instead. Recorded prohibitions still apply. EarlyAccessPersistenceError: early-access persistence call failed: research_early_access_active_unit_holds
    at runEarlyAccessCall [90m(/workspace/[39mserver/research/early-access/persistence/executor.ts:48:11[90m)[39m
[90m    at processTicksAndRejections (node:internal/process/task_queues:95:5)[39m
    at SupabaseUnitHoldRegistry.activeHoldsForAllUnits [90m(/workspace/[39mserver/research/early-access/persistence/ops-stores.ts:225:7[90m)[39m

[90mstderr[2m | server/research/early-access/persistence/hold-rpc-compatibility.test.ts[2m > [22m[2ma missing hold RPC does not cost the catalogue[2m > [22m[2mkeeps Cagrilintide held, with no price and nothing to buy
[22m[39m[early-access] bulk unit-hold read failed; this projection is reading holds per unit instead. Recorded prohibitions still apply. EarlyAccessPersistenceError: early-access persistence call failed: research_early_access_active_unit_holds
    at runEarlyAccessCall [90m(/workspace/[39mserver/research/early-access/persistence/executor.ts:48:11[90m)[39m
[90m    at processTicksAndRejections (node:internal/process/task_queues:95:5)[39m
    at SupabaseUnitHoldRegistry.activeHoldsForAllUnits [90m(/workspace/[39mserver/research/early-access/persistence/ops-stores.ts:225:7[90m)[39m

[90mstderr[2m | server/research/early-access/persistence/hold-rpc-compatibility.test.ts[2m > [22m[2ma missing hold RPC does not cost the catalogue[2m > [22m[2mkeeps the three strength-dispute units held
[22m[39m[early-access] bulk unit-hold read failed; this projection is reading holds per unit instead. Recorded prohibitions still apply. EarlyAccessPersistenceError: early-access persistence call failed: research_early_access_active_unit_holds
    at runEarlyAccessCall [90m(/workspace/[39mserver/research/early-access/persistence/executor.ts:48:11[90m)[39m
[90m    at processTicksAndRejections (node:internal/process/task_queues:95:5)[39m
    at SupabaseUnitHoldRegistry.activeHoldsForAllUnits [90m(/workspace/[39mserver/research/early-access/persistence/ops-stores.ts:225:7[90m)[39m

[90mstderr[2m | server/research/early-access/persistence/hold-rpc-compatibility.test.ts[2m > [22m[2ma missing hold RPC does not cost the catalogue[2m > [22m[2mkeeps the three strength-dispute units held
[22m[39m[early-access] bulk unit-hold read failed; this projection is reading holds per unit instead. Recorded prohibitions still apply. EarlyAccessPersistenceError: early-access persistence call failed: research_early_access_active_unit_holds
    at runEarlyAccessCall [90m(/workspace/[39mserver/research/early-access/persistence/executor.ts:48:11[90m)[39m
[90m    at processTicksAndRejections (node:internal/process/task_queues:95:5)[39m
    at SupabaseUnitHoldRegistry.activeHoldsForAllUnits [90m(/workspace/[39mserver/research/early-access/persistence/ops-stores.ts:225:7[90m)[39m

[90mstderr[2m | server/research/early-access/persistence/hold-rpc-compatibility.test.ts[2m > [22m[2ma missing hold RPC does not cost the catalogue[2m > [22m[2mkeeps the three strength-dispute units held
[22m[39m[early-access] bulk unit-hold read failed; this projection is reading holds per unit instead. Recorded prohibitions still apply. EarlyAccessPersistenceError: early-access persistence call failed: research_early_access_active_unit_holds
    at runEarlyAccessCall [90m(/workspace/[39mserver/research/early-access/persistence/executor.ts:48:11[90m)[39m
[90m    at processTicksAndRejections (node:internal/process/task_queues:95:5)[39m
    at SupabaseUnitHoldRegistry.activeHoldsForAllUnits [90m(/workspace/[39mserver/research/early-access/persistence/ops-stores.ts:225:7[90m)[39m

[90mstderr[2m | server/research/early-access/persistence/hold-rpc-compatibility.test.ts[2m > [22m[2ma missing hold RPC does not cost the catalogue[2m > [22m[2mkeeps NAD+ 1000 mg AVAILABLE at exactly 10075 cents
[22m[39m[early-access] bulk unit-hold read failed; this projection is reading holds per unit instead. Recorded prohibitions still apply. EarlyAccessPersistenceError: early-access persistence call failed: research_early_access_active_unit_holds
    at runEarlyAccessCall [90m(/workspace/[39mserver/research/early-access/persistence/executor.ts:48:11[90m)[39m
[90m    at processTicksAndRejections (node:internal/process/task_queues:95:5)[39m
    at SupabaseUnitHoldRegistry.activeHoldsForAllUnits [90m(/workspace/[39mserver/research/early-access/persistence/ops-stores.ts:225:7[90m)[39m

[90mstderr[2m | server/research/early-access/persistence/hold-rpc-compatibility.test.ts[2m > [22m[2ma missing hold RPC does not cost the catalogue[2m > [22m[2mkeeps NAD+ 1000 mg AVAILABLE at exactly 10075 cents
[22m[39m[early-access] bulk unit-hold read failed; this projection is reading holds per unit instead. Recorded prohibitions still apply. EarlyAccessPersistenceError: early-access persistence call failed: research_early_access_active_unit_holds
    at runEarlyAccessCall [90m(/workspace/[39mserver/research/early-access/persistence/executor.ts:48:11[90m)[39m
[90m    at processTicksAndRejections (node:internal/process/task_queues:95:5)[39m
    at SupabaseUnitHoldRegistry.activeHoldsForAllUnits [90m(/workspace/[39mserver/research/early-access/persistence/ops-stores.ts:225:7[90m)[39m

[90mstderr[2m | server/research/early-access/persistence/hold-rpc-compatibility.test.ts[2m > [22m[2ma missing hold RPC does not cost the catalogue[2m > [22m[2mkeeps NAD+ 1000 mg AVAILABLE at exactly 10075 cents
[22m[39m[early-access] bulk unit-hold read failed; this projection is reading holds per unit instead. Recorded prohibitions still apply. EarlyAccessPersistenceError: early-access persistence call failed: research_early_access_active_unit_holds
    at runEarlyAccessCall [90m(/workspace/[39mserver/research/early-access/persistence/executor.ts:48:11[90m)[39m
[90m    at processTicksAndRejections (node:internal/process/task_queues:95:5)[39m
    at SupabaseUnitHoldRegistry.activeHoldsForAllUnits [90m(/workspace/[39mserver/research/early-access/persistence/ops-stores.ts:225:7[90m)[39m

[90mstderr[2m | server/research/early-access/persistence/hold-rpc-compatibility.test.ts[2m > [22m[2ma missing hold RPC does not cost the catalogue[2m > [22m[2mwarns once for the whole 22-unit projection, not once per unit
[22m[39m[early-access] bulk unit-hold read failed; this projection is reading holds per unit instead. Recorded prohibitions still apply. EarlyAccessPersistenceError: early-access persistence call failed: research_early_access_active_unit_holds
    at runEarlyAccessCall [90m(/workspace/[39mserver/research/early-access/persistence/executor.ts:48:11[90m)[39m
[90m    at processTicksAndRejections (node:internal/process/task_queues:95:5)[39m
    at SupabaseUnitHoldRegistry.activeHoldsForAllUnits [90m(/workspace/[39mserver/research/early-access/persistence/ops-stores.ts:225:7[90m)[39m

[90mstderr[2m | server/research/early-access/persistence/hold-rpc-compatibility.test.ts[2m > [22m[2ma missing hold RPC does not cost the catalogue[2m > [22m[2mwarns once for the whole 22-unit projection, not once per unit
[22m[39m[early-access] bulk unit-hold read failed; this projection is reading holds per unit instead. Recorded prohibitions still apply. EarlyAccessPersistenceError: early-access persistence call failed: research_early_access_active_unit_holds
    at runEarlyAccessCall [90m(/workspace/[39mserver/research/early-access/persistence/executor.ts:48:11[90m)[39m
[90m    at processTicksAndRejections (node:internal/process/task_queues:95:5)[39m
    at SupabaseUnitHoldRegistry.activeHoldsForAllUnits [90m(/workspace/[39mserver/research/early-access/persistence/ops-stores.ts:225:7[90m)[39m

[90mstderr[2m | server/research/early-access/persistence/hold-rpc-compatibility.test.ts[2m > [22m[2ma missing hold RPC does not cost the catalogue[2m > [22m[2mwarns once for the whole 22-unit projection, not once per unit
[22m[39m[early-access] bulk unit-hold read failed; this projection is reading holds per unit instead. Recorded prohibitions still apply. EarlyAccessPersistenceError: early-access persistence call failed: research_early_access_active_unit_holds
    at runEarlyAccessCall [90m(/workspace/[39mserver/research/early-access/persistence/executor.ts:48:11[90m)[39m
[90m    at processTicksAndRejections (node:internal/process/task_queues:95:5)[39m
    at SupabaseUnitHoldRegistry.activeHoldsForAllUnits [90m(/workspace/[39mserver/research/early-access/persistence/ops-stores.ts:225:7[90m)[39m

 [32m✓[39m server/research/early-access/persistence/hold-rpc-compatibility.test.ts [2m([22m[2m17 tests[22m[2m)[22m[32m 218[2mms[22m[39m
 [32m✓[39m server/research/early-access/legal/supabase-legal-binding-directory.test.ts [2m([22m[2m33 tests[22m[2m)[22m[32m 15[2mms[22m[39m
 [32m✓[39m server/research/early-access/release/founder-release.test.ts [2m([22m[2m59 tests[22m[2m)[22m[32m 21[2mms[22m[39m
 [32m✓[39m client/src/research/pages/member/embedded-agreement-signer.test.tsx [2m([22m[2m11 tests[22m[2m)[22m[33m 482[2mms[22m[39m
 [32m✓[39m server/research/early-access/ops/supplier-availability.test.ts [2m([22m[2m14 tests[22m[2m)[22m[33m 436[2mms[22m[39m
 [32m✓[39m server/research/early-access/legal/package-completion.test.ts [2m([22m[2m15 tests[22m[2m)[22m[32m 17[2mms[22m[39m
 [32m✓[39m server/research/early-access/commerce/proof-service.test.ts [2m([22m[2m20 tests[22m[2m)[22m[32m 39[2mms[22m[39m
 [32m✓[39m server/research/early-access/persistence/production-deps.test.ts [2m([22m[2m20 tests[22m[2m)[22m[32m 17[2mms[22m[39m
[90mstderr[2m | server/research/early-access/routes/external-proof-door.test.ts[2m > [22m[2moperations can reach the purchaser from the normal admin surface[2m > [22m[2mshows the exact submitted contact on the per-order read while the order still awaits payment
[22m[39m[early-access] Private Early Access is using the in-memory session store. This is for tests and local development only and does not survive a restart.

[90mstderr[2m | server/research/early-access/routes/external-proof-door.test.ts[2m > [22m[2moperations can reach the purchaser from the normal admin surface[2m > [22m[2mgives contact to nobody who is not a named admin, and answers unknown orders as not found
[22m[39m[early-access] Private Early Access is using the in-memory session store. This is for tests and local development only and does not survive a restart.

[90mstderr[2m | server/research/early-access/routes/external-proof-door.test.ts[2m > [22m[2moperations can reach the purchaser from the normal admin surface[2m > [22m[2mkeeps the contact identical through the proof workflow, on the queue item and the per-order read
[22m[39m[early-access] Private Early Access is using the in-memory session store. This is for tests and local development only and does not survive a restart.

[90mstderr[2m | server/research/early-access/routes/external-proof-door.test.ts[2m > [22m[2mrecording an externally received proof[2m > [22m[2mrefuses a caller the guard did not verify, and an admin the directory does not know
[22m[39m[early-access] Private Early Access is using the in-memory session store. This is for tests and local development only and does not survive a restart.

[90mstderr[2m | server/research/early-access/routes/external-proof-door.test.ts[2m > [22m[2mrecording an externally received proof[2m > [22m[2mpins the EXACT response contract: metadata recorded, nothing stored, nothing paid, ever
[22m[39m[early-access] Private Early Access is using the in-memory session store. This is for tests and local development only and does not survive a restart.

[90mstderr[2m | server/research/early-access/routes/external-proof-door.test.ts[2m > [22m[2mrecording an externally received proof[2m > [22m[2mpins the CUSTOMER proof response contract: it never claims a file was received or stored
[22m[39m[early-access] Private Early Access is using the in-memory session store. This is for tests and local development only and does not survive a restart.

[90mstderr[2m | server/research/early-access/routes/external-proof-door.test.ts[2m > [22m[2mrecording an externally received proof[2m > [22m[2mrequires the provenance note, a valid digest, and a listed format
[22m[39m[early-access] Private Early Access is using the in-memory session store. This is for tests and local development only and does not survive a restart.

[90mstderr[2m | server/research/early-access/routes/external-proof-door.test.ts[2m > [22m[2mrecording an externally received proof[2m > [22m[2mis exactly what lets the confirmation door settle: no proof, no settlement; this proof, settlement
[22m[39m[early-access] Private Early Access is using the in-memory session store. This is for tests and local development only and does not survive a restart.

 [32m✓[39m server/research/early-access/routes/external-proof-door.test.ts [2m([22m[2m8 tests[22m[2m)[22m[33m 475[2mms[22m[39m
 [32m✓[39m server/research/early-access/release/canonical-payment-eligibility.test.ts [2m([22m[2m22 tests[22m[2m)[22m[32m 14[2mms[22m[39m
 [32m✓[39m server/research/early-access/routes/agreement-routes.test.ts [2m([22m[2m18 tests[22m[2m)[22m[32m 12[2mms[22m[39m
 [32m✓[39m client/src/research/pages/adminx/crm-supplier-operations.test.tsx [2m([22m[2m9 tests[22m[2m)[22m[33m 652[2mms[22m[39m
 [32m✓[39m client/src/research/pages/member/subscriptions.test.tsx [2m([22m[2m8 tests[22m[2m)[22m[33m 396[2mms[22m[39m
 [32m✓[39m server/research/early-access/legal/authority.test.ts [2m([22m[2m14 tests[22m[2m)[22m[32m 14[2mms[22m[39m
 [32m✓[39m server/research/master-offerings/early-access-retail-pricing.test.ts [2m([22m[2m9 tests[22m[2m)[22m[32m 26[2mms[22m[39m
 [32m✓[39m client/src/care/clinician-review-ui.test.tsx [2m([22m[2m16 tests[22m[2m)[22m[33m 610[2mms[22m[39m
[90mstderr[2m | server/research/early-access/cart/customer-quote-privacy.test.ts[2m > [22m[2mPOST /cart/quote discloses no supplier identity[2m > [22m[2mhas no supplierId anywhere in the customer response
[22m[39m[early-access] Private Early Access is using the in-memory session store. This is for tests and local development only and does not survive a restart.

[90mstderr[2m | server/research/early-access/cart/customer-quote-privacy.test.ts[2m > [22m[2mPOST /cart/quote discloses no supplier identity[2m > [22m[2mhas no supplierSku anywhere in the customer response
[22m[39m[early-access] Private Early Access is using the in-memory session store. This is for tests and local development only and does not survive a restart.

[90mstderr[2m | server/research/early-access/cart/customer-quote-privacy.test.ts[2m > [22m[2mPOST /cart/quote discloses no supplier identity[2m > [22m[2mdoes not carry the observed values under any other key either
[22m[39m[early-access] Private Early Access is using the in-memory session store. This is for tests and local development only and does not survive a restart.

[90mstderr[2m | server/research/early-access/cart/customer-quote-privacy.test.ts[2m > [22m[2mPOST /cart/quote discloses no supplier identity[2m > [22m[2mcarries no forbidden customer key in its lines, at any depth
[22m[39m[early-access] Private Early Access is using the in-memory session store. This is for tests and local development only and does not survive a restart.

[90mstderr[2m | server/research/early-access/cart/customer-quote-privacy.test.ts[2m > [22m[2mPOST /cart/quote discloses no supplier identity[2m > [22m[2mcarries no forbidden top-level key except the two contract tokens
[22m[39m[early-access] Private Early Access is using the in-memory session store. This is for tests and local development only and does not survive a restart.

[90mstderr[2m | server/research/early-access/cart/customer-quote-privacy.test.ts[2m > [22m[2mPOST /cart/quote discloses no supplier identity[2m > [22m[2mstill returns everything the customer needs to see and to check out
[22m[39m[early-access] Private Early Access is using the in-memory session store. This is for tests and local development only and does not survive a restart.

[90mstderr[2m | server/research/early-access/cart/customer-quote-privacy.test.ts[2m > [22m[2mPOST /cart/quote discloses no supplier identity[2m > [22m[2mthe returned token actually completes a checkout, so the projection broke nothing
[22m[39m[early-access] Private Early Access is using the in-memory session store. This is for tests and local development only and does not survive a restart.

[90mstderr[2m | server/research/early-access/cart/customer-quote-privacy.test.ts[2m > [22m[2mthe internal supplier authority is untouched[2m > [22m[2mthe STORED quote still carries the supplier route the checkout reads
[22m[39m[early-access] Private Early Access is using the in-memory session store. This is for tests and local development only and does not survive a restart.

[90mstderr[2m | server/research/early-access/cart/customer-quote-privacy.test.ts[2m > [22m[2mthe internal supplier authority is untouched[2m > [22m[2mthe committed checkout still routes every child order to its supplier
[22m[39m[early-access] Private Early Access is using the in-memory session store. This is for tests and local development only and does not survive a restart.

[90mstderr[2m | server/research/early-access/cart/customer-quote-privacy.test.ts[2m > [22m[2mthe other customer surfaces stay clean[2m > [22m[2mthe checkout response carries no forbidden key at any depth
[22m[39m[early-access] Private Early Access is using the in-memory session store. This is for tests and local development only and does not survive a restart.

[90mstderr[2m | server/research/early-access/cart/customer-quote-privacy.test.ts[2m > [22m[2mthe other customer surfaces stay clean[2m > [22m[2mthe status response carries no forbidden key at any depth
[22m[39m[early-access] Private Early Access is using the in-memory session store. This is for tests and local development only and does not survive a restart.

 [32m✓[39m server/research/early-access/cart/customer-quote-privacy.test.ts [2m([22m[2m13 tests[22m[2m)[22m[33m 778[2mms[22m[39m
[90mstderr[2m | server/research/early-access/cart/duplicate-order.test.ts[2m > [22m[2mthe production incident: one quote can only be spent once[2m > [22m[2ma SECOND confirm with a FRESH idempotency key replays the first order instead of creating one
[22m[39m[early-access] Private Early Access is using the in-memory session store. This is for tests and local development only and does not survive a restart.

[90mstderr[2m | server/research/early-access/cart/duplicate-order.test.ts[2m > [22m[2mthe production incident: one quote can only be spent once[2m > [22m[2mthe replay carries ONE invoice and ONE payment reference, not a second of each
[22m[39m[early-access] Private Early Access is using the in-memory session store. This is for tests and local development only and does not survive a restart.

[90mstderr[2m | server/research/early-access/cart/duplicate-order.test.ts[2m > [22m[2mthe production incident: one quote can only be spent once[2m > [22m[2mSIX rapid confirms, every one with its own key, still leave exactly one order
[22m[39m[early-access] Private Early Access is using the in-memory session store. This is for tests and local development only and does not survive a restart.

[90mstderr[2m | server/research/early-access/cart/duplicate-order.test.ts[2m > [22m[2mthe production incident: one quote can only be spent once[2m > [22m[2mthe SAME key still replays, so the original idempotency contract is intact
[22m[39m[early-access] Private Early Access is using the in-memory session store. This is for tests and local development only and does not survive a restart.

[90mstderr[2m | server/research/early-access/cart/duplicate-order.test.ts[2m > [22m[2mthe production incident: one quote can only be spent once[2m > [22m[2ma genuinely NEW cart still places a second order, so the fix did not seize the shop
[22m[39m[early-access] Private Early Access is using the in-memory session store. This is for tests and local development only and does not survive a restart.

[90mstderr[2m | server/research/early-access/cart/duplicate-order.test.ts[2m > [22m[2mthe production incident: one quote can only be spent once[2m > [22m[2ma DIFFERENT customer cannot reach another customer's quote, replay or otherwise
[22m[39m[early-access] Private Early Access is using the in-memory session store. This is for tests and local development only and does not survive a restart.

[90mstderr[2m | server/research/early-access/cart/duplicate-order.test.ts[2m > [22m[2mthe production incident: one quote can only be spent once[2m > [22m[2ma superseded checkout is not an active one, so it never blocks or answers a quote
[22m[39m[early-access] Private Early Access is using the in-memory session store. This is for tests and local development only and does not survive a restart.

 [32m✓[39m server/research/early-access/cart/duplicate-order.test.ts [2m([22m[2m7 tests[22m[2m)[22m[33m 534[2mms[22m[39m
 [32m✓[39m server/research/membership-activation/esign/archive.test.ts [2m([22m[2m13 tests[22m[2m)[22m[32m 14[2mms[22m[39m
 [32m✓[39m client/src/research/account-portal/views/account-extension.test.tsx [2m([22m[2m10 tests[22m[2m)[22m[32m 107[2mms[22m[39m
 [32m✓[39m server/research/early-access/release/founder-review-route.test.ts [2m([22m[2m12 tests[22m[2m)[22m[32m 12[2mms[22m[39m
 [32m✓[39m server/research/early-access/release/release-routes.test.ts [2m([22m[2m17 tests[22m[2m)[22m[32m 14[2mms[22m[39m
[90mstderr[2m | server/research/early-access/routes/launch-attacks.test.ts[2m > [22m[2mATTACK: one customer reading another customer's order[2m > [22m[2ma second session cannot read the first session's order
[22m[39m[early-access] Private Early Access is using the in-memory session store. This is for tests and local development only and does not survive a restart.

[90mstderr[2m | server/research/early-access/routes/launch-attacks.test.ts[2m > [22m[2mATTACK: one customer reading another customer's order[2m > [22m[2ma DIFFERENT customer cannot read it either
[22m[39m[early-access] Private Early Access is using the in-memory session store. This is for tests and local development only and does not survive a restart.

[90mstderr[2m | server/research/early-access/routes/launch-attacks.test.ts[2m > [22m[2mATTACK: one customer reading another customer's order[2m > [22m[2mthe session that created the order can still read it
[22m[39m[early-access] Private Early Access is using the in-memory session store. This is for tests and local development only and does not survive a restart.

[90mstderr[2m | server/research/early-access/routes/launch-attacks.test.ts[2m > [22m[2mATTACK: one customer reading another customer's order[2m > [22m[2mno session at all cannot read an order
[22m[39m[early-access] Private Early Access is using the in-memory session store. This is for tests and local development only and does not survive a restart.

[90mstderr[2m | server/research/early-access/routes/launch-attacks.test.ts[2m > [22m[2mATTACK: one customer reading another customer's order[2m > [22m[2ma guessed order number is refused the same way
[22m[39m[early-access] Private Early Access is using the in-memory session store. This is for tests and local development only and does not survive a restart.

[90mstderr[2m | server/research/early-access/routes/launch-attacks.test.ts[2m > [22m[2mATTACK: the browser trying to set the price[2m > [22m[2mignores every money field the client sends and bills the approved price
[22m[39m[early-access] Private Early Access is using the in-memory session store. This is for tests and local development only and does not survive a restart.

[90mstderr[2m | server/research/early-access/routes/launch-attacks.test.ts[2m > [22m[2mATTACK: the browser trying to set the price[2m > [22m[2ma client-supplied quantity above the limit is refused, not clamped
[22m[39m[early-access] Private Early Access is using the in-memory session store. This is for tests and local development only and does not survive a restart.

[90mstderr[2m | server/research/early-access/routes/launch-attacks.test.ts[2m > [22m[2mATTACK: making an order look paid without paying[2m > [22m[2ma placed order starts unpaid, with no receipt and no supplier order
[22m[39m[early-access] Private Early Access is using the in-memory session store. This is for tests and local development only and does not survive a restart.

[90mstderr[2m | server/research/early-access/routes/launch-attacks.test.ts[2m > [22m[2mATTACK: making an order look paid without paying[2m > [22m[2mthe customer cannot mutate their own order after creating it
[22m[39m[early-access] Private Early Access is using the in-memory session store. This is for tests and local development only and does not survive a restart.

[90mstderr[2m | server/research/early-access/routes/launch-attacks.test.ts[2m > [22m[2mATTACK: the admin doors without an admin[2m > [22m[2mevery admin path refuses an Early Access customer session
[22m[39m[early-access] Private Early Access is using the in-memory session store. This is for tests and local development only and does not survive a restart.

[90mstderr[2m | server/research/early-access/routes/launch-attacks.test.ts[2m > [22m[2mATTACK: the admin doors without an admin[2m > [22m[2mand refuses an anonymous caller
[22m[39m[early-access] Private Early Access is using the in-memory session store. This is for tests and local development only and does not survive a restart.

 [32m✓[39m server/research/early-access/routes/launch-attacks.test.ts [2m([22m[2m11 tests[22m[2m)[22m[33m 617[2mms[22m[39m
[90mstderr[2m | server/research/early-access/routes/overpayment-door.test.ts[2m > [22m[2mthe overpayment resolution door[2m > [22m[2mrecords the excess for the customer who paid the undiscounted subtotal, and settles nothing
[22m[39m[early-access] Private Early Access is using the in-memory session store. This is for tests and local development only and does not survive a restart.

[90mstderr[2m | server/research/early-access/routes/overpayment-door.test.ts[2m > [22m[2mthe overpayment resolution door[2m > [22m[2mrefuses to record an overpayment for an amount that is not one
[22m[39m[early-access] Private Early Access is using the in-memory session store. This is for tests and local development only and does not survive a restart.

[90mstderr[2m | server/research/early-access/routes/overpayment-door.test.ts[2m > [22m[2mthe overpayment resolution door[2m > [22m[2mrecords one exception per arrival of money, and refuses the replay
[22m[39m[early-access] Private Early Access is using the in-memory session store. This is for tests and local development only and does not survive a restart.

[90mstderr[2m | server/research/early-access/routes/overpayment-door.test.ts[2m > [22m[2mthe overpayment resolution door[2m > [22m[2mis refused without an admin credential
[22m[39m[early-access] Private Early Access is using the in-memory session store. This is for tests and local development only and does not survive a restart.

[90mstderr[2m | server/research/early-access/routes/overpayment-door.test.ts[2m > [22m[2mthe refund record[2m > [22m[2mrefuses a refund on an order no human ever verified
[22m[39m[early-access] Private Early Access is using the in-memory session store. This is for tests and local development only and does not survive a restart.

[90mstderr[2m | server/research/early-access/routes/overpayment-door.test.ts[2m > [22m[2mthe refund record[2m > [22m[2mis refused without an admin credential
[22m[39m[early-access] Private Early Access is using the in-memory session store. This is for tests and local development only and does not survive a restart.

[90mstderr[2m | server/research/early-access/routes/overpayment-door.test.ts[2m > [22m[2mthe refund ceiling holds under a double-click (Bug Hunter F7)[2m > [22m[2mrefuses the second of two concurrent full refunds with DISTINCT ids
[22m[39m[early-access] Private Early Access is using the in-memory session store. This is for tests and local development only and does not survive a restart.

[90mstderr[2m | server/research/early-access/routes/overpayment-door.test.ts[2m > [22m[2mthe refund ceiling holds under a double-click (Bug Hunter F7)[2m > [22m[2mstill refuses a sequential second refund that would breach the ceiling
[22m[39m[early-access] Private Early Access is using the in-memory session store. This is for tests and local development only and does not survive a restart.

 [32m✓[39m server/research/early-access/routes/overpayment-door.test.ts [2m([22m[2m8 tests[22m[2m)[22m[33m 459[2mms[22m[39m
 [32m✓[39m client/src/research/pages/adminx/activation-queue.test.tsx [2m([22m[2m6 tests[22m[2m)[22m[33m 509[2mms[22m[39m
 [32m✓[39m server/research/early-access/roadmap/peptide-roadmap.test.ts [2m([22m[2m22 tests[22m[2m)[22m[32m 29[2mms[22m[39m
[90mstderr[2m | server/research/early-access/routes/refund-ceiling-attack.test.ts[2m > [22m[2mthe refund ceiling under a single operator[2m > [22m[2mrecords a refund up to the verified amount
[22m[39m[early-access] Private Early Access is using the in-memory session store. This is for tests and local development only and does not survive a restart.

[90mstderr[2m | server/research/early-access/routes/refund-ceiling-attack.test.ts[2m > [22m[2mthe refund ceiling under a single operator[2m > [22m[2mrefuses a second refund that would exceed the verified amount
[22m[39m[early-access] Private Early Access is using the in-memory session store. This is for tests and local development only and does not survive a restart.

[90mstderr[2m | server/research/early-access/routes/refund-ceiling-attack.test.ts[2m > [22m[2mthe refund ceiling under a single operator[2m > [22m[2mrefuses a refund on an order nobody has verified
[22m[39m[early-access] Private Early Access is using the in-memory session store. This is for tests and local development only and does not survive a restart.

[90mstderr[2m | server/research/early-access/routes/refund-ceiling-attack.test.ts[2m > [22m[2mthe refund ceiling under a single operator[2m > [22m[2mrefuses an unauthenticated caller outright
[22m[39m[early-access] Private Early Access is using the in-memory session store. This is for tests and local development only and does not survive a restart.

[90mstderr[2m | server/research/early-access/routes/refund-ceiling-attack.test.ts[2m > [22m[2mATTACK: two refunds arriving at once[2m > [22m[2mF7: concurrent refunds with distinct ids must not exceed the verified amount
[22m[39m[early-access] Private Early Access is using the in-memory session store. This is for tests and local development only and does not survive a restart.

 [32m✓[39m server/research/early-access/routes/refund-ceiling-attack.test.ts [2m([22m[2m5 tests[22m[2m)[22m[33m 309[2mms[22m[39m
 [32m✓[39m server/research/membership-activation/esign/provider.test.ts [2m([22m[2m34 tests[22m[2m)[22m[32m 30[2mms[22m[39m
 [32m✓[39m server/research/catalog/product-control-reader.test.ts [2m([22m[2m8 tests[22m[2m)[22m[32m 15[2mms[22m[39m
[90mstderr[2m | client/src/research/early-access/cart/EarlyAccessCartSubmit.test.tsx[2m > [22m[2mpayment methods come from the order's own server instructions[2m > [22m[2moffers exactly the methods the server confirmed, and NOTHING is pre-selected
[22m[39mThe current testing environment is not configured to support act(...)

[90mstderr[2m | client/src/research/early-access/cart/EarlyAccessCartSubmit.test.tsx[2m > [22m[2mpayment methods come from the order's own server instructions[2m > [22m[2moffers exactly the methods the server confirmed, and NOTHING is pre-selected
[22m[39mThe current testing environment is not configured to support act(...)

[90mstderr[2m | client/src/research/early-access/cart/EarlyAccessCartSubmit.test.tsx[2m > [22m[2mpayment methods come from the order's own server instructions[2m > [22m[2mrenders no methods at all while the server projection is unresolved
[22m[39mThe current testing environment is not configured to support act(...)

[90mstderr[2m | client/src/research/early-access/cart/EarlyAccessCartSubmit.test.tsx[2m > [22m[2mpayment methods come from the order's own server instructions[2m > [22m[2mrenders no methods at all while the server projection is unresolved
[22m[39mThe current testing environment is not configured to support act(...)

[90mstderr[2m | client/src/research/early-access/cart/EarlyAccessCartSubmit.test.tsx[2m > [22m[2mpayment methods come from the order's own server instructions[2m > [22m[2mthe option list is derived, never authored here
[22m[39mThe current testing environment is not configured to support act(...)

[90mstderr[2m | client/src/research/early-access/cart/EarlyAccessCartSubmit.test.tsx[2m > [22m[2msending proof is not paying, and cannot be claimed early[2m > [22m[2mthe send control stays disabled until BOTH a method and a file are chosen
[22m[39mThe current testing environment is not configured to support act(...)
The current testing environment is not configured to support act(...)

[90mstderr[2m | client/src/research/early-access/cart/EarlyAccessCartSubmit.test.tsx[2m > [22m[2msending proof is not paying, and cannot be claimed early[2m > [22m[2mthe send control stays disabled until BOTH a method and a file are chosen
[22m[39mThe current testing environment is not configured to support act(...)

[90mstderr[2m | client/src/research/early-access/cart/EarlyAccessCartSubmit.test.tsx[2m > [22m[2msending proof is not paying, and cannot be claimed early[2m > [22m[2msays up front that proof does not pay the order
[22m[39mThe current testing environment is not configured to support act(...)

[90mstderr[2m | client/src/research/early-access/cart/EarlyAccessCartSubmit.test.tsx[2m > [22m[2msending proof is not paying, and cannot be claimed early[2m > [22m[2msays up front that proof does not pay the order
[22m[39mThe current testing environment is not configured to support act(...)

[90mstderr[2m | client/src/research/early-access/cart/EarlyAccessCartSubmit.test.tsx[2m > [22m[2msending proof is not paying, and cannot be claimed early[2m > [22m[2mis honest that a refresh loses the file but keeps the checkout
[22m[39mThe current testing environment is not configured to support act(...)

[90mstderr[2m | client/src/research/early-access/cart/EarlyAccessCartSubmit.test.tsx[2m > [22m[2msending proof is not paying, and cannot be claimed early[2m > [22m[2mis honest that a refresh loses the file but keeps the checkout
[22m[39mThe current testing environment is not configured to support act(...)

[90mstderr[2m | client/src/research/early-access/cart/EarlyAccessCartSubmit.test.tsx[2m > [22m[2msending proof is not paying, and cannot be claimed early[2m > [22m[2ma recorded upload tells the caller to re-read the server, and still does not claim payment
[22m[39mThe current testing environment is not configured to support act(...)
The current testing environment is not configured to support act(...)
The current testing environment is not configured to support act(...)
The current testing environment is not configured to support act(...)
The current testing environment is not configured to support act(...)

[90mstderr[2m | client/src/research/early-access/cart/EarlyAccessCartSubmit.test.tsx[2m > [22m[2msending proof is not paying, and cannot be claimed early[2m > [22m[2ma recorded upload tells the caller to re-read the server, and still does not claim payment
[22m[39mThe current testing environment is not configured to support act(...)
The current testing environment is not configured to support act(...)

[90mstderr[2m | client/src/research/early-access/cart/EarlyAccessCartSubmit.test.tsx[2m > [22m[2msending proof is not paying, and cannot be claimed early[2m > [22m[2ma recorded upload tells the caller to re-read the server, and still does not claim payment
[22m[39mThe current testing environment is not configured to support act(...)
The current testing environment is not configured to support act(...)
The current testing environment is not configured to support act(...)

[90mstderr[2m | client/src/research/early-access/cart/EarlyAccessCartSubmit.test.tsx[2m > [22m[2msending proof is not paying, and cannot be claimed early[2m > [22m[2ma recorded upload tells the caller to re-read the server, and still does not claim payment
[22m[39mThe current testing environment is not configured to support act(...)

[90mstderr[2m | client/src/research/early-access/cart/EarlyAccessCartSubmit.test.tsx[2m > [22m[2mnothing internal reaches the customer[2m > [22m[2ma thrown error becomes the one outcome that carries no detail
[22m[39mThe current testing environment is not configured to support act(...)
The current testing environment is not configured to support act(...)
The current testing environment is not configured to support act(...)
The current testing environment is not configured to support act(...)
The current testing environment is not configured to support act(...)

[90mstderr[2m | client/src/research/early-access/cart/EarlyAccessCartSubmit.test.tsx[2m > [22m[2mnothing internal reaches the customer[2m > [22m[2ma thrown error becomes the one outcome that carries no detail
[22m[39mThe current testing environment is not configured to support act(...)
The current testing environment is not configured to support act(...)

[90mstderr[2m | client/src/research/early-access/cart/EarlyAccessCartSubmit.test.tsx[2m > [22m[2mnothing internal reaches the customer[2m > [22m[2ma thrown error becomes the one outcome that carries no detail
[22m[39mThe current testing environment is not configured to support act(...)
The current testing environment is not configured to support act(...)

[90mstderr[2m | client/src/research/early-access/cart/EarlyAccessCartSubmit.test.tsx[2m > [22m[2mnothing internal reaches the customer[2m > [22m[2ma thrown error becomes the one outcome that carries no detail
[22m[39mThe current testing environment is not configured to support act(...)

[90mstderr[2m | client/src/research/early-access/cart/EarlyAccessCartSubmit.test.tsx[2m > [22m[2mno submission door means no uploader[2m > [22m[2mexplains the concierge route rather than rendering a file input that would discard the file
[22m[39mThe current testing environment is not configured to support act(...)

[90mstderr[2m | client/src/research/early-access/cart/EarlyAccessCartSubmit.test.tsx[2m > [22m[2mno submission door means no uploader[2m > [22m[2mexplains the concierge route rather than rendering a file input that would discard the file
[22m[39mThe current testing environment is not configured to support act(...)

 [32m✓[39m client/src/research/early-access/cart/EarlyAccessCartSubmit.test.tsx [2m([22m[2m9 tests[22m[2m)[22m[32m 128[2mms[22m[39m
 [32m✓[39m server/research/early-access/release/opening-set.mounted-route.test.ts [2m([22m[2m10 tests[22m[2m)[22m[32m 230[2mms[22m[39m
[90mstderr[2m | server/research/early-access/routes/overpayment-attack.test.ts[2m > [22m[2mthe overpayment door opens for a real overpayment[2m > [22m[2mSUCCESS FIRST: records the exception when the customer paid the subtotal
[22m[39m[early-access] Private Early Access is using the in-memory session store. This is for tests and local development only and does not survive a restart.

[90mstderr[2m | server/research/early-access/routes/overpayment-attack.test.ts[2m > [22m[2mthe overpayment door opens for a real overpayment[2m > [22m[2mrecords the EXPECTED side from the order, not from the request
[22m[39m[early-access] Private Early Access is using the in-memory session store. This is for tests and local development only and does not survive a restart.

[90mstderr[2m | server/research/early-access/routes/overpayment-attack.test.ts[2m > [22m[2mthe overpayment door refuses everything else[2m > [22m[2mrefuses when the payment is NOT an overpayment
[22m[39m[early-access] Private Early Access is using the in-memory session store. This is for tests and local development only and does not survive a restart.

[90mstderr[2m | server/research/early-access/routes/overpayment-attack.test.ts[2m > [22m[2mthe overpayment door refuses everything else[2m > [22m[2mrefuses an UNDERPAYMENT through the overpayment door
[22m[39m[early-access] Private Early Access is using the in-memory session store. This is for tests and local development only and does not survive a restart.

[90mstderr[2m | server/research/early-access/routes/overpayment-attack.test.ts[2m > [22m[2mthe overpayment door refuses everything else[2m > [22m[2mrecords ONE exception per arrival of money
[22m[39m[early-access] Private Early Access is using the in-memory session store. This is for tests and local development only and does not survive a restart.

[90mstderr[2m | server/research/early-access/routes/overpayment-attack.test.ts[2m > [22m[2mthe overpayment door refuses everything else[2m > [22m[2mrefuses an unauthenticated caller
[22m[39m[early-access] Private Early Access is using the in-memory session store. This is for tests and local development only and does not survive a restart.

[90mstderr[2m | server/research/early-access/routes/overpayment-attack.test.ts[2m > [22m[2mthe overpayment door refuses everything else[2m > [22m[2mrefuses an unknown order without saying whether it exists
[22m[39m[early-access] Private Early Access is using the in-memory session store. This is for tests and local development only and does not survive a restart.

[90mstderr[2m | server/research/early-access/routes/overpayment-attack.test.ts[2m > [22m[2mrecording an exception settles nothing[2m > [22m[2mcreates no settlement, no receipt and no supplier order
[22m[39m[early-access] Private Early Access is using the in-memory session store. This is for tests and local development only and does not survive a restart.

 [32m✓[39m server/research/early-access/routes/overpayment-attack.test.ts [2m([22m[2m8 tests[22m[2m)[22m[33m 513[2mms[22m[39m
[90mstderr[2m | server/research/early-access/routes/payment-rejection.test.ts[2m > [22m[2mreject a payment that could not be verified[2m > [22m[2mrecords the rejection, moves the order to payment_rejected, and settles nothing
[22m[39m[early-access] Private Early Access is using the in-memory session store. This is for tests and local development only and does not survive a restart.

[90mstderr[2m | server/research/early-access/routes/payment-rejection.test.ts[2m > [22m[2mreject a payment that could not be verified[2m > [22m[2mmails needs-attention exactly once, keyed by the reviewed proof
[22m[39m[early-access] Private Early Access is using the in-memory session store. This is for tests and local development only and does not survive a restart.

[90mstderr[2m | server/research/early-access/routes/payment-rejection.test.ts[2m > [22m[2mreject a payment that could not be verified[2m > [22m[2mrefuses to approve over the rejection while the rejected proof is still current
[22m[39m[early-access] Private Early Access is using the in-memory session store. This is for tests and local development only and does not survive a restart.

[90mstderr[2m | server/research/early-access/routes/payment-rejection.test.ts[2m > [22m[2mreject a payment that could not be verified[2m > [22m[2mRECOVERY: a fresh proof re-enters review, and a confirm then settles normally
[22m[39m[early-access] Private Early Access is using the in-memory session store. This is for tests and local development only and does not survive a restart.

[90mstderr[2m | server/research/early-access/routes/payment-rejection.test.ts[2m > [22m[2mreject a payment that could not be verified[2m > [22m[2mrefuses to reject a settled order
[22m[39m[early-access] Private Early Access is using the in-memory session store. This is for tests and local development only and does not survive a restart.

[90mstderr[2m | server/research/early-access/routes/payment-rejection.test.ts[2m > [22m[2mreject a payment that could not be verified[2m > [22m[2mrefuses without a proof to review
[22m[39m[early-access] Private Early Access is using the in-memory session store. This is for tests and local development only and does not survive a restart.

[90mstderr[2m | server/research/early-access/routes/payment-rejection.test.ts[2m > [22m[2mreject a payment that could not be verified[2m > [22m[2mrefuses an anonymous caller and an insufficient reason
[22m[39m[early-access] Private Early Access is using the in-memory session store. This is for tests and local development only and does not survive a restart.

 [32m✓[39m server/research/early-access/routes/payment-rejection.test.ts [2m([22m[2m7 tests[22m[2m)[22m[33m 432[2mms[22m[39m
 [32m✓[39m client/src/research/pages/member/documents.test.tsx [2m([22m[2m6 tests[22m[2m)[22m[32m 264[2mms[22m[39m
 [32m✓[39m client/src/research/account-portal/views/support-documents.test.tsx [2m([22m[2m8 tests[22m[2m)[22m[32m 212[2mms[22m[39m
 [32m✓[39m client/src/research/pages/member/questions.test.tsx [2m([22m[2m12 tests[22m[2m)[22m[33m 344[2mms[22m[39m
 [32m✓[39m client/src/research/pages/member/assessment.test.tsx [2m([22m[2m6 tests[22m[2m)[22m[32m 221[2mms[22m[39m
 [32m✓[39m client/src/research/pages/adminx/esign-documents.test.tsx [2m([22m[2m4 tests[22m[2m)[22m[32m 286[2mms[22m[39m
 [32m✓[39m client/src/research/pages/adminx/activation-readiness.test.tsx [2m([22m[2m2 tests[22m[2m)[22m[32m 161[2mms[22m[39m
 [32m✓[39m client/src/research/early-access/cart/orderStage.test.ts [2m([22m[2m24 tests[22m[2m)[22m[32m 13[2mms[22m[39m
 [32m✓[39m server/research/master-offerings/real-catalog-sort-facets.test.ts [2m([22m[2m12 tests[22m[2m | [22m[33m1 skipped[39m[2m)[22m[32m 159[2mms[22m[39m
[90mstderr[2m | client/src/research/pages/adminx/EarlyAccessReleases.test.tsx[2m > [22m[2mthe approval action and non-waivable blockers[2m > [22m[2moffers approval when the server reported no non-waivable blocker
[22m[39mThe current testing environment is not configured to support act(...)
The current testing environment is not configured to support act(...)

[90mstderr[2m | client/src/research/pages/adminx/EarlyAccessReleases.test.tsx[2m > [22m[2mthe approval action and non-waivable blockers[2m > [22m[2mhides approval entirely when a non-waivable blocker exists
[22m[39mThe current testing environment is not configured to support act(...)
The current testing environment is not configured to support act(...)

[90mstderr[2m | client/src/research/pages/adminx/EarlyAccessReleases.test.tsx[2m > [22m[2mthe approval action and non-waivable blockers[2m > [22m[2mhides approval for a regulatory hold and states the recorded reason
[22m[39mThe current testing environment is not configured to support act(...)
The current testing environment is not configured to support act(...)

[90mstderr[2m | client/src/research/pages/adminx/EarlyAccessReleases.test.tsx[2m > [22m[2mthe approval action and non-waivable blockers[2m > [22m[2mhides approval when one non-waivable blocker sits among many waivable ones
[22m[39mThe current testing environment is not configured to support act(...)
The current testing environment is not configured to support act(...)

[90mstderr[2m | client/src/research/pages/adminx/EarlyAccessReleases.test.tsx[2m > [22m[2mMUTATION: the hidden-approval rule[2m > [22m[2mrenders the difference, not just the predicate
[22m[39mThe current testing environment is not configured to support act(...)
The current testing environment is not configured to support act(...)

[90mstderr[2m | client/src/research/pages/adminx/EarlyAccessReleases.test.tsx[2m > [22m[2mwhat the screen shows a founder[2m > [22m[2mshows every fact a release is recorded against
[22m[39mThe current testing environment is not configured to support act(...)
The current testing environment is not configured to support act(...)

[90mstderr[2m | client/src/research/pages/adminx/EarlyAccessReleases.test.tsx[2m > [22m[2mwhat the screen shows a founder[2m > [22m[2mshows the append-only history, including a revocation
[22m[39mThe current testing environment is not configured to support act(...)
The current testing environment is not configured to support act(...)

[90mstderr[2m | client/src/research/pages/adminx/EarlyAccessReleases.test.tsx[2m > [22m[2mwhat the screen shows a founder[2m > [22m[2msays so plainly when no release was ever recorded
[22m[39mThe current testing environment is not configured to support act(...)
The current testing environment is not configured to support act(...)

[90mstderr[2m | client/src/research/pages/adminx/EarlyAccessReleases.test.tsx[2m > [22m[2mwhat the screen shows a founder[2m > [22m[2mnever offers an actor field, because the actor is whoever signed in
[22m[39mThe current testing environment is not configured to support act(...)
The current testing environment is not configured to support act(...)

 [32m✓[39m client/src/research/pages/adminx/EarlyAccessReleases.test.tsx [2m([22m[2m12 tests[22m[2m)[22m[32m 149[2mms[22m[39m
 [32m✓[39m client/src/research/pages/adminx/early-access-fulfillment.test.tsx [2m([22m[2m7 tests[22m[2m)[22m[32m 299[2mms[22m[39m
 [32m✓[39m client/src/research/pages/adminx/Fulfillment.test.tsx [2m([22m[2m7 tests[22m[2m)[22m[32m 110[2mms[22m[39m
[90mstderr[2m | client/src/research/pages/adminx/Website3Configuration.test.tsx[2m > [22m[2mWebsite 3 production configuration[2m > [22m[2mpersists and reloads populated supplement channels and an available offer
[22m[39mThe current testing environment is not configured to support act(...)

[90mstderr[2m | client/src/research/pages/adminx/Website3Configuration.test.tsx[2m > [22m[2mWebsite 3 production configuration[2m > [22m[2mpersists and reloads populated supplement channels and an available offer
[22m[39mThe current testing environment is not configured to support act(...)
The current testing environment is not configured to support act(...)
The current testing environment is not configured to support act(...)
The current testing environment is not configured to support act(...)
The current testing environment is not configured to support act(...)
The current testing environment is not configured to support act(...)

[90mstderr[2m | client/src/research/pages/adminx/Website3Configuration.test.tsx[2m > [22m[2mWebsite 3 production configuration[2m > [22m[2mpersists and reloads populated supplement channels and an available offer
[22m[39mThe current testing environment is not configured to support act(...)
The current testing environment is not configured to support act(...)

[90mstderr[2m | client/src/research/pages/adminx/Website3Configuration.test.tsx[2m > [22m[2mWebsite 3 production configuration[2m > [22m[2mpersists and reloads populated supplement channels and an available offer
[22m[39mThe current testing environment is not configured to support act(...)

[90mstderr[2m | client/src/research/pages/adminx/Website3Configuration.test.tsx[2m > [22m[2mWebsite 3 production configuration[2m > [22m[2mpersists and reloads populated supplement channels and an available offer
[22m[39mThe current testing environment is not configured to support act(...)

[90mstderr[2m | client/src/research/pages/adminx/Website3Configuration.test.tsx[2m > [22m[2mWebsite 3 production configuration[2m > [22m[2mpersists and reloads populated supplement channels and an available offer
[22m[39mThe current testing environment is not configured to support act(...)

[90mstderr[2m | client/src/research/pages/adminx/Website3Configuration.test.tsx[2m > [22m[2mWebsite 3 production configuration[2m > [22m[2mpersists and reloads populated supplement channels and an available offer
[22m[39mThe current testing environment is not configured to support act(...)
The current testing environment is not configured to support act(...)
The current testing environment is not configured to support act(...)

[90mstderr[2m | client/src/research/pages/adminx/Website3Configuration.test.tsx[2m > [22m[2mWebsite 3 production configuration[2m > [22m[2mpersists and reloads populated supplement channels and an available offer
[22m[39mThe current testing environment is not configured to support act(...)
The current testing environment is not configured to support act(...)

[90mstderr[2m | client/src/research/pages/adminx/Website3Configuration.test.tsx[2m > [22m[2mWebsite 3 production configuration[2m > [22m[2mpersists and reloads populated supplement channels and an available offer
[22m[39mThe current testing environment is not configured to support act(...)

[90mstderr[2m | client/src/research/pages/adminx/Website3Configuration.test.tsx[2m > [22m[2mWebsite 3 production configuration[2m > [22m[2mpersists and reloads populated supplement channels and an available offer
[22m[39mThe current testing environment is not configured to support act(...)

[90mstderr[2m | client/src/research/pages/adminx/Website3Configuration.test.tsx[2m > [22m[2mWebsite 3 production configuration[2m > [22m[2mpersists and reloads populated supplement channels and an available offer
[22m[39mThe current testing environment is not configured to support act(...)

[90mstderr[2m | client/src/research/pages/adminx/Website3Configuration.test.tsx[2m > [22m[2mWebsite 3 production configuration[2m > [22m[2mpersists and reloads populated supplement channels and an available offer
[22m[39mThe current testing environment is not configured to support act(...)
The current testing environment is not configured to support act(...)
The current testing environment is not configured to support act(...)

[90mstderr[2m | client/src/research/pages/adminx/Website3Configuration.test.tsx[2m > [22m[2mWebsite 3 production configuration[2m > [22m[2mpersists and reloads populated supplement channels and an available offer
[22m[39mThe current testing environment is not configured to support act(...)
The current testing environment is not configured to support act(...)

[90mstderr[2m | client/src/research/pages/adminx/Website3Configuration.test.tsx[2m > [22m[2mWebsite 3 production configuration[2m > [22m[2mpersists and reloads populated supplement channels and an available offer
[22m[39mThe current testing environment is not configured to support act(...)

[90mstderr[2m | client/src/research/pages/adminx/Website3Configuration.test.tsx[2m > [22m[2mWebsite 3 production configuration[2m > [22m[2mpersists and reloads populated supplement channels and an available offer
[22m[39mThe current testing environment is not configured to support act(...)

[90mstderr[2m | client/src/research/pages/adminx/Website3Configuration.test.tsx[2m > [22m[2mWebsite 3 production configuration[2m > [22m[2mpersists and reloads populated supplement channels and an available offer
[22m[39mThe current testing environment is not configured to support act(...)
The current testing environment is not configured to support act(...)
The current testing environment is not configured to support act(...)
The current testing environment is not configured to support act(...)
The current testing environment is not configured to support act(...)
The current testing environment is not configured to support act(...)

[90mstderr[2m | client/src/research/pages/adminx/Website3Configuration.test.tsx[2m > [22m[2mWebsite 3 production configuration[2m > [22m[2mpersists and reloads populated supplement channels and an available offer
[22m[39mThe current testing environment is not configured to support act(...)
The current testing environment is not configured to support act(...)

[90mstderr[2m | client/src/research/pages/adminx/Website3Configuration.test.tsx[2m > [22m[2mWebsite 3 production configuration[2m > [22m[2mpersists and reloads populated supplement channels and an available offer
[22m[39mThe current testing environment is not configured to support act(...)

 [32m✓[39m client/src/research/pages/adminx/Website3Configuration.test.tsx [2m([22m[2m1 test[22m[2m)[22m[32m 261[2mms[22m[39m
 [32m✓[39m client/src/research/pages/adminx/early-access-payment-review.test.tsx [2m([22m[2m7 tests[22m[2m)[22m[32m 218[2mms[22m[39m
 [32m✓[39m server/research/membership-activation/esign/pdf.test.ts [2m([22m[2m23 tests[22m[2m)[22m[32m 202[2mms[22m[39m
 [32m✓[39m server/research/recruiting-mail.test.ts [2m([22m[2m35 tests[22m[2m)[22m[32m 130[2mms[22m[39m
 [32m✓[39m client/src/research/pages/member/document-center.test.tsx [2m([22m[2m4 tests[22m[2m)[22m[32m 151[2mms[22m[39m
 [32m✓[39m server/research/early-access/commerce/payment-proof.test.ts [2m([22m[2m17 tests[22m[2m)[22m[32m 60[2mms[22m[39m
 [32m✓[39m client/src/research/account-portal/views/care-route-contract.test.tsx [2m([22m[2m4 tests[22m[2m)[22m[32m 81[2mms[22m[39m
 [32m✓[39m client/src/research/early-access/cart/EarlyAccessCartPayment.test.tsx [2m([22m[2m4 tests[22m[2m)[22m[32m 78[2mms[22m[39m
 [32m✓[39m server/research/membership-activation/bridge.test.ts [2m([22m[2m17 tests[22m[2m)[22m[32m 39[2mms[22m[39m
 [32m✓[39m server/research/membership-activation/persistence/periods-store.test.ts [2m([22m[2m12 tests[22m[2m)[22m[32m 10[2mms[22m[39m
 [32m✓[39m server/research/membership-activation/persistence/obligations-store.test.ts [2m([22m[2m16 tests[22m[2m)[22m[32m 23[2mms[22m[39m
 [32m✓[39m server/research/early-access/cart/payment-instructions-route.test.ts [2m([22m[2m10 tests[22m[2m)[22m[32m 31[2mms[22m[39m
 [32m✓[39m server/research/early-access/commerce/payment-instructions-config.test.ts [2m([22m[2m14 tests[22m[2m)[22m[32m 27[2mms[22m[39m
 [32m✓[39m server/research/membership-activation/persistence/bridge-store.test.ts [2m([22m[2m9 tests[22m[2m)[22m[32m 27[2mms[22m[39m
 [32m✓[39m server/research/membership-activation/persistence/documents-store.test.ts [2m([22m[2m25 tests[22m[2m)[22m[32m 31[2mms[22m[39m
 [32m✓[39m server/research/orders/canonical-order.test.ts [2m([22m[2m31 tests[22m[2m)[22m[32m 32[2mms[22m[39m
 [32m✓[39m server/research/quality/public-read-guard.test.ts [2m([22m[2m11 tests[22m[2m)[22m[32m 123[2mms[22m[39m
 [32m✓[39m server/research/inventory-admin/routes.test.ts [2m([22m[2m13 tests[22m[2m)[22m[32m 120[2mms[22m[39m
[90mstdout[2m | server/research/master-offerings/catalog-pricing-reads.test.ts[2m > [22m[2mcatalog v2 pricing read fan-out[2m > [22m[2mprices a page of 24 cards with one Product Control read, not one per variant
[22m[39m[page of 24] Product Control repository reads before=1200 after=50 (24.0x)

[90mstdout[2m | server/research/master-offerings/catalog-pricing-reads.test.ts[2m > [22m[2mcatalog v2 pricing read fan-out[2m > [22m[2mexports the 5,000 row price list with one Product Control read
[22m[39m[export of 5,000 rows] Product Control repository reads before=90000 after=18 (5000.0x); wall clock before=626ms after=99ms

 [32m✓[39m server/research/master-offerings/catalog-pricing-reads.test.ts [2m([22m[2m3 tests[22m[2m)[22m[33m 832[2mms[22m[39m
     [33m[2m✓[22m[39m exports the 5,000 row price list with one Product Control read [33m 755[2mms[22m[39m
 [32m✓[39m server/research/customer-account/routes.test.ts [2m([22m[2m19 tests[22m[2m)[22m[32m 124[2mms[22m[39m
 [32m✓[39m server/research/master-offerings/direct-commerce-selections.test.ts [2m([22m[2m10 tests[22m[2m)[22m[32m 23[2mms[22m[39m
 [32m✓[39m server/research/early-access/private-access-cookie-session.test.ts [2m([22m[2m15 tests[22m[2m)[22m[32m 16[2mms[22m[39m
 [32m✓[39m server/research/master-offerings/dataset-reader.test.ts [2m([22m[2m20 tests[22m[2m)[22m[32m 19[2mms[22m[39m
 [32m✓[39m server/research/kris-launch-a/dataset-reader.test.ts [2m([22m[2m27 tests[22m[2m)[22m[32m 32[2mms[22m[39m
 [32m✓[39m server/research/master-offerings/catalog-revision-diff.test.ts [2m([22m[2m11 tests[22m[2m)[22m[32m 11[2mms[22m[39m
 [32m✓[39m server/research/buyer-commerce/service.test.ts [2m([22m[2m13 tests[22m[2m)[22m[32m 26[2mms[22m[39m
 [32m✓[39m server/research/commerce/manual-order-payment-method-adapter.test.ts [2m([22m[2m31 tests[22m[2m)[22m[32m 19[2mms[22m[39m
 [32m✓[39m server/research/membership-activation/identity-retention.test.ts [2m([22m[2m18 tests[22m[2m)[22m[32m 19[2mms[22m[39m
 [32m✓[39m server/research/membership-activation/obligations.test.ts [2m([22m[2m34 tests[22m[2m)[22m[32m 34[2mms[22m[39m
 [32m✓[39m client/src/research/storefront/storefront-surface.test.tsx [2m([22m[2m13 tests[22m[2m)[22m[32m 295[2mms[22m[39m
 [32m✓[39m client/src/research/adapters/partner.test.ts [2m([22m[2m39 tests[22m[2m)[22m[32m 137[2mms[22m[39m
 [32m✓[39m server/research/providers/stripe-billing.test.ts [2m([22m[2m31 tests[22m[2m)[22m[32m 18[2mms[22m[39m
 [32m✓[39m server/research/commerce/persistence/inventory-store.test.ts [2m([22m[2m25 tests[22m[2m)[22m[32m 18[2mms[22m[39m
 [32m✓[39m server/research/commerce/persistence/subscriptions-store.test.ts [2m([22m[2m22 tests[22m[2m)[22m[32m 23[2mms[22m[39m
 [32m✓[39m client/src/research/master-offerings/master-offering-detail.test.tsx [2m([22m[2m14 tests[22m[2m)[22m[33m 349[2mms[22m[39m
 [32m✓[39m server/research/early-access/catalog/declared-facts-bulk-window.test.ts [2m([22m[2m8 tests[22m[2m)[22m[32m 26[2mms[22m[39m
 [32m✓[39m client/src/research/adapters/commerce.test.ts [2m([22m[2m52 tests[22m[2m)[22m[32m 41[2mms[22m[39m
 [32m✓[39m client/src/research/master-offerings/status-cta-matrix.test.tsx [2m([22m[2m15 tests[22m[2m)[22m[33m 423[2mms[22m[39m
Not implemented: navigation to another Document
 [32m✓[39m client/src/research/master-offerings/detail-surface.test.tsx [2m([22m[2m12 tests[22m[2m)[22m[32m 298[2mms[22m[39m
 [32m✓[39m client/src/research/kris-launch-a/access-presentation.test.tsx [2m([22m[2m16 tests[22m[2m)[22m[33m 3502[2mms[22m[39m
     [33m[2m✓[22m[39m renders no purchase control from purchaseMode alone without an exact Product Control handoff [33m 962[2mms[22m[39m
     [33m[2m✓[22m[39m renders no zero and no negative price anywhere [33m 616[2mms[22m[39m
     [33m[2m✓[22m[39m renders BOTH the channel notices and the note as supplied, on every item [33m 944[2mms[22m[39m
     [33m[2m✓[22m[39m says provider workflow required on every clinical item [33m 606[2mms[22m[39m
 [32m✓[39m shared/research/catalog/supplement-catalog.test.ts [2m([22m[2m32 tests[22m[2m)[22m[32m 65[2mms[22m[39m
 [32m✓[39m client/src/research/early-access/EarlyAccessQuantitySelector.test.tsx [2m([22m[2m14 tests[22m[2m)[22m[32m 174[2mms[22m[39m
 [32m✓[39m client/src/research/adapters/memberCatalog.test.ts [2m([22m[2m6 tests[22m[2m)[22m[32m 17[2mms[22m[39m
 [32m✓[39m shared/research/product-activation/contract.test.ts [2m([22m[2m26 tests[22m[2m)[22m[32m 15[2mms[22m[39m
[90mstderr[2m | client/src/research/master-offerings/catalog-discovery-states.test.tsx[2m > [22m[2mdiscovery result states[2m > [22m[2mhides the refinement when a page has only one next step, so it never lists a path the page does not hold
[22m[39mEncountered two children with the same key, `mo_care`. Keys should be unique so that components maintain their identity across updates. Non-unique keys may cause children to be duplicated and/or omitted — the behavior is unsupported and could change in a future version.

 [32m✓[39m client/src/research/master-offerings/catalog-discovery-states.test.tsx [2m([22m[2m12 tests[22m[2m)[22m[32m 297[2mms[22m[39m
 [32m✓[39m client/src/research/pages/public-access-flow.test.tsx [2m([22m[2m17 tests[22m[2m)[22m[33m 494[2mms[22m[39m
[90mstderr[2m | client/src/research/early-access/EarlyAccessRoute.storefront.test.tsx[2m > [22m[2mthe unified Early Access storefront[2m > [22m[2mshows Featured products AND the full canonical catalog on one page
[22m[39mThe current testing environment is not configured to support act(...)

[90mstderr[2m | client/src/research/early-access/EarlyAccessRoute.storefront.test.tsx[2m > [22m[2mthe unified Early Access storefront[2m > [22m[2mshows Featured products AND the full canonical catalog on one page
[22m[39mThe current testing environment is not configured to support act(...)

[90mstderr[2m | client/src/research/early-access/EarlyAccessRoute.storefront.test.tsx[2m > [22m[2mthe unified Early Access storefront[2m > [22m[2mshows Featured products AND the full canonical catalog on one page
[22m[39mThe current testing environment is not configured to support act(...)

[90mstderr[2m | client/src/research/early-access/EarlyAccessRoute.storefront.test.tsx[2m > [22m[2mthe unified Early Access storefront[2m > [22m[2mshows Featured products AND the full canonical catalog on one page
[22m[39mThe current testing environment is not configured to support act(...)

[90mstderr[2m | client/src/research/early-access/EarlyAccessRoute.storefront.test.tsx[2m > [22m[2mthe unified Early Access storefront[2m > [22m[2mshows Featured products AND the full canonical catalog on one page
[22m[39mThe current testing environment is not configured to support act(...)

[90mstderr[2m | client/src/research/early-access/EarlyAccessRoute.storefront.test.tsx[2m > [22m[2mthe unified Early Access storefront[2m > [22m[2mshows Featured products AND the full canonical catalog on one page
[22m[39mThe current testing environment is not configured to support act(...)
The current testing environment is not configured to support act(...)
The current testing environment is not configured to support act(...)
The current testing environment is not configured to support act(...)

[90mstderr[2m | client/src/research/early-access/EarlyAccessRoute.storefront.test.tsx[2m > [22m[2mthe unified Early Access storefront[2m > [22m[2mshows Featured products AND the full canonical catalog on one page
[22m[39mThe current testing environment is not configured to support act(...)
The current testing environment is not configured to support act(...)
The current testing environment is not configured to support act(...)

[90mstderr[2m | client/src/research/early-access/EarlyAccessRoute.storefront.test.tsx[2m > [22m[2mthe unified Early Access storefront[2m > [22m[2mshows Featured products AND the full canonical catalog on one page
[22m[39mThe current testing environment is not configured to support act(...)
The current testing environment is not configured to support act(...)
The current testing environment is not configured to support act(...)

[90mstderr[2m | client/src/research/early-access/EarlyAccessRoute.storefront.test.tsx[2m > [22m[2mthe unified Early Access storefront[2m > [22m[2mshows Featured products AND the full canonical catalog on one page
[22m[39mThe current testing environment is not configured to support act(...)

[90mstderr[2m | client/src/research/early-access/EarlyAccessRoute.storefront.test.tsx[2m > [22m[2mthe unified Early Access storefront[2m > [22m[2mshows Featured products AND the full canonical catalog on one page
[22m[39mThe current testing environment is not configured to support act(...)

[90mstderr[2m | client/src/research/early-access/EarlyAccessRoute.storefront.test.tsx[2m > [22m[2mthe unified Early Access storefront[2m > [22m[2mshows only the assisted-order journey after the embedded catalog advances
[22m[39mThe current testing environment is not configured to support act(...)

[90mstderr[2m | client/src/research/early-access/EarlyAccessRoute.storefront.test.tsx[2m > [22m[2mthe unified Early Access storefront[2m > [22m[2mshows only the assisted-order journey after the embedded catalog advances
[22m[39mThe current testing environment is not configured to support act(...)

[90mstderr[2m | client/src/research/early-access/EarlyAccessRoute.storefront.test.tsx[2m > [22m[2mthe unified Early Access storefront[2m > [22m[2mshows only the assisted-order journey after the embedded catalog advances
[22m[39mThe current testing environment is not configured to support act(...)

[90mstderr[2m | client/src/research/early-access/EarlyAccessRoute.storefront.test.tsx[2m > [22m[2mthe unified Early Access storefront[2m > [22m[2mshows only the assisted-order journey after the embedded catalog advances
[22m[39mThe current testing environment is not configured to support act(...)

[90mstderr[2m | client/src/research/early-access/EarlyAccessRoute.storefront.test.tsx[2m > [22m[2mthe unified Early Access storefront[2m > [22m[2mshows only the assisted-order journey after the embedded catalog advances
[22m[39mThe current testing environment is not configured to support act(...)
The current testing environment is not configured to support act(...)
The current testing environment is not configured to support act(...)
The current testing environment is not configured to support act(...)
The current testing environment is not configured to support act(...)

[90mstderr[2m | client/src/research/early-access/EarlyAccessRoute.storefront.test.tsx[2m > [22m[2mthe unified Early Access storefront[2m > [22m[2mshows only the assisted-order journey after the embedded catalog advances
[22m[39mThe current testing environment is not configured to support act(...)

[90mstderr[2m | client/src/research/early-access/EarlyAccessRoute.storefront.test.tsx[2m > [22m[2mthe unified Early Access storefront[2m > [22m[2mshows only the assisted-order journey after the embedded catalog advances
[22m[39mThe current testing environment is not configured to support act(...)
The current testing environment is not configured to support act(...)
The current testing environment is not configured to support act(...)
The current testing environment is not configured to support act(...)

[90mstderr[2m | client/src/research/early-access/EarlyAccessRoute.storefront.test.tsx[2m > [22m[2mthe unified Early Access storefront[2m > [22m[2mshows only the assisted-order journey after the embedded catalog advances
[22m[39mThe current testing environment is not configured to support act(...)
The current testing environment is not configured to support act(...)
The current testing environment is not configured to support act(...)

[90mstderr[2m | client/src/research/early-access/EarlyAccessRoute.storefront.test.tsx[2m > [22m[2mthe unified Early Access storefront[2m > [22m[2mshows only the assisted-order journey after the embedded catalog advances
[22m[39mThe current testing environment is not configured to support act(...)

Not implemented: Window's scrollTo() method
[90mstderr[2m | client/src/research/early-access/EarlyAccessRoute.storefront.test.tsx[2m > [22m[2mthe unified Early Access storefront[2m > [22m[2mshows only the assisted-order journey after the embedded catalog advances
[22m[39mThe current testing environment is not configured to support act(...)
The current testing environment is not configured to support act(...)
The current testing environment is not configured to support act(...)
The current testing environment is not configured to support act(...)

[90mstderr[2m | client/src/research/early-access/EarlyAccessRoute.storefront.test.tsx[2m > [22m[2mthe unified Early Access storefront[2m > [22m[2mshows only the assisted-order journey after the embedded catalog advances
[22m[39mThe current testing environment is not configured to support act(...)

[90mstderr[2m | client/src/research/early-access/EarlyAccessRoute.storefront.test.tsx[2m > [22m[2mthe unified Early Access storefront[2m > [22m[2mallows browsing but unlocks Contact only after the agreement is recorded
[22m[39mThe current testing environment is not configured to support act(...)

[90mstderr[2m | client/src/research/early-access/EarlyAccessRoute.storefront.test.tsx[2m > [22m[2mthe unified Early Access storefront[2m > [22m[2mallows browsing but unlocks Contact only after the agreement is recorded
[22m[39mThe current testing environment is not configured to support act(...)

[90mstderr[2m | client/src/research/early-access/EarlyAccessRoute.storefront.test.tsx[2m > [22m[2mthe unified Early Access storefront[2m > [22m[2mallows browsing but unlocks Contact only after the agreement is recorded
[22m[39mThe current testing environment is not configured to support act(...)

[90mstderr[2m | client/src/research/early-access/EarlyAccessRoute.storefront.test.tsx[2m > [22m[2mthe unified Early Access storefront[2m > [22m[2mallows browsing but unlocks Contact only after the agreement is recorded
[22m[39mThe current testing environment is not configured to support act(...)

[90mstderr[2m | client/src/research/early-access/EarlyAccessRoute.storefront.test.tsx[2m > [22m[2mthe unified Early Access storefront[2m > [22m[2mallows browsing but unlocks Contact only after the agreement is recorded
[22m[39mThe current testing environment is not configured to support act(...)
The current testing environment is not configured to support act(...)
The current testing environment is not configured to support act(...)
The current testing environment is not configured to support act(...)
The current testing environment is not configured to support act(...)

[90mstderr[2m | client/src/research/early-access/EarlyAccessRoute.storefront.test.tsx[2m > [22m[2mthe unified Early Access storefront[2m > [22m[2mallows browsing but unlocks Contact only after the agreement is recorded
[22m[39mThe current testing environment is not configured to support act(...)

[90mstderr[2m | client/src/research/early-access/EarlyAccessRoute.storefront.test.tsx[2m > [22m[2mthe unified Early Access storefront[2m > [22m[2mallows browsing but unlocks Contact only after the agreement is recorded
[22m[39mThe current testing environment is not configured to support act(...)
The current testing environment is not configured to support act(...)
The current testing environment is not configured to support act(...)

[90mstderr[2m | client/src/research/early-access/EarlyAccessRoute.storefront.test.tsx[2m > [22m[2mthe unified Early Access storefront[2m > [22m[2mallows browsing but unlocks Contact only after the agreement is recorded
[22m[39mThe current testing environment is not configured to support act(...)
The current testing environment is not configured to support act(...)
The current testing environment is not configured to support act(...)

[90mstderr[2m | client/src/research/early-access/EarlyAccessRoute.storefront.test.tsx[2m > [22m[2mthe unified Early Access storefront[2m > [22m[2mallows browsing but unlocks Contact only after the agreement is recorded
[22m[39mThe current testing environment is not configured to support act(...)

[90mstderr[2m | client/src/research/early-access/EarlyAccessRoute.storefront.test.tsx[2m > [22m[2mthe unified Early Access storefront[2m > [22m[2mallows browsing but unlocks Contact only after the agreement is recorded
[22m[39mThe current testing environment is not configured to support act(...)
The current testing environment is not configured to support act(...)
The current testing environment is not configured to support act(...)

[90mstderr[2m | client/src/research/early-access/EarlyAccessRoute.storefront.test.tsx[2m > [22m[2mthe unified Early Access storefront[2m > [22m[2mallows browsing but unlocks Contact only after the agreement is recorded
[22m[39mThe current testing environment is not configured to support act(...)
The current testing environment is not configured to support act(...)

Not implemented: Window's scrollTo() method
[90mstderr[2m | client/src/research/early-access/EarlyAccessRoute.storefront.test.tsx[2m > [22m[2mthe unified Early Access storefront[2m > [22m[2mallows browsing but unlocks Contact only after the agreement is recorded
[22m[39mThe current testing environment is not configured to support act(...)
The current testing environment is not configured to support act(...)

[90mstderr[2m | client/src/research/early-access/EarlyAccessRoute.storefront.test.tsx[2m > [22m[2mthe unified Early Access storefront[2m > [22m[2mallows browsing but unlocks Contact only after the agreement is recorded
[22m[39mThe current testing environment is not configured to support act(...)

[90mstderr[2m | client/src/research/early-access/EarlyAccessRoute.storefront.test.tsx[2m > [22m[2mthe unified Early Access storefront[2m > [22m[2mnever exposes Contact or submit while agreement standing is unverified
[22m[39mThe current testing environment is not configured to support act(...)

[90mstderr[2m | client/src/research/early-access/EarlyAccessRoute.storefront.test.tsx[2m > [22m[2mthe unified Early Access storefront[2m > [22m[2mnever exposes Contact or submit while agreement standing is unverified
[22m[39mThe current testing environment is not configured to support act(...)

[90mstderr[2m | client/src/research/early-access/EarlyAccessRoute.storefront.test.tsx[2m > [22m[2mthe unified Early Access storefront[2m > [22m[2mnever exposes Contact or submit while agreement standing is unverified
[22m[39mThe current testing environment is not configured to support act(...)

[90mstderr[2m | client/src/research/early-access/EarlyAccessRoute.storefront.test.tsx[2m > [22m[2mthe unified Early Access storefront[2m > [22m[2mnever exposes Contact or submit while agreement standing is unverified
[22m[39mThe current testing environment is not configured to support act(...)

[90mstderr[2m | client/src/research/early-access/EarlyAccessRoute.storefront.test.tsx[2m > [22m[2mthe unified Early Access storefront[2m > [22m[2mnever exposes Contact or submit while agreement standing is unverified
[22m[39mThe current testing environment is not configured to support act(...)
The current testing environment is not configured to support act(...)
The current testing environment is not configured to support act(...)
The current testing environment is not configured to support act(...)
The current testing environment is not configured to support act(...)

[90mstderr[2m | client/src/research/early-access/EarlyAccessRoute.storefront.test.tsx[2m > [22m[2mthe unified Early Access storefront[2m > [22m[2mnever exposes Contact or submit while agreement standing is unverified
[22m[39mThe current testing environment is not configured to support act(...)

[90mstderr[2m | client/src/research/early-access/EarlyAccessRoute.storefront.test.tsx[2m > [22m[2mthe unified Early Access storefront[2m > [22m[2mnever exposes Contact or submit while agreement standing is unverified
[22m[39mThe current testing environment is not configured to support act(...)
The current testing environment is not configured to support act(...)
The current testing environment is not configured to support act(...)
The current testing environment is not configured to support act(...)

[90mstderr[2m | client/src/research/early-access/EarlyAccessRoute.storefront.test.tsx[2m > [22m[2mthe unified Early Access storefront[2m > [22m[2mnever exposes Contact or submit while agreement standing is unverified
[22m[39mThe current testing environment is not configured to support act(...)
The current testing environment is not configured to support act(...)
The current testing environment is not configured to support act(...)

[90mstderr[2m | client/src/research/early-access/EarlyAccessRoute.storefront.test.tsx[2m > [22m[2mthe unified Early Access storefront[2m > [22m[2mnever exposes Contact or submit while agreement standing is unverified
[22m[39mThe current testing environment is not configured to support act(...)

[90mstderr[2m | client/src/research/early-access/EarlyAccessRoute.storefront.test.tsx[2m > [22m[2mthe unified Early Access storefront[2m > [22m[2mnever exposes Contact or submit while agreement standing is unverified
[22m[39mThe current testing environment is not configured to support act(...)

[90mstderr[2m | client/src/research/early-access/EarlyAccessRoute.storefront.test.tsx[2m > [22m[2mthe unified Early Access storefront[2m > [22m[2mnever exposes Contact or submit while agreement standing is unverified
[22m[39mThe current testing environment is not configured to support act(...)

[90mstderr[2m | client/src/research/early-access/EarlyAccessRoute.storefront.test.tsx[2m > [22m[2mthe unified Early Access storefront[2m > [22m[2mnever exposes Contact or submit while agreement standing is locked
[22m[39mThe current testing environment is not configured to support act(...)

[90mstderr[2m | client/src/research/early-access/EarlyAccessRoute.storefront.test.tsx[2m > [22m[2mthe unified Early Access storefront[2m > [22m[2mnever exposes Contact or submit while agreement standing is locked
[22m[39mThe current testing environment is not configured to support act(...)

[90mstderr[2m | client/src/research/early-access/EarlyAccessRoute.storefront.test.tsx[2m > [22m[2mthe unified Early Access storefront[2m > [22m[2mnever exposes Contact or submit while agreement standing is locked
[22m[39mThe current testing environment is not configured to support act(...)

[90mstderr[2m | client/src/research/early-access/EarlyAccessRoute.storefront.test.tsx[2m > [22m[2mthe unified Early Access storefront[2m > [22m[2mnever exposes Contact or submit while agreement standing is locked
[22m[39mThe current testing environment is not configured to support act(...)

[90mstderr[2m | client/src/research/early-access/EarlyAccessRoute.storefront.test.tsx[2m > [22m[2mthe unified Early Access storefront[2m > [22m[2mnever exposes Contact or submit while agreement standing is locked
[22m[39mThe current testing environment is not configured to support act(...)
The current testing environment is not configured to support act(...)
The current testing environment is not configured to support act(...)
The current testing environment is not configured to support act(...)
The current testing environment is not configured to support act(...)

[90mstderr[2m | client/src/research/early-access/EarlyAccessRoute.storefront.test.tsx[2m > [22m[2mthe unified Early Access storefront[2m > [22m[2mnever exposes Contact or submit while agreement standing is locked
[22m[39mThe current testing environment is not configured to support act(...)

[90mstderr[2m | client/src/research/early-access/EarlyAccessRoute.storefront.test.tsx[2m > [22m[2mthe unified Early Access storefront[2m > [22m[2mnever exposes Contact or submit while agreement standing is locked
[22m[39mThe current testing environment is not configured to support act(...)
The current testing environment is not configured to support act(...)
The current testing environment is not configured to support act(...)
The current testing environment is not configured to support act(...)

[90mstderr[2m | client/src/research/early-access/EarlyAccessRoute.storefront.test.tsx[2m > [22m[2mthe unified Early Access storefront[2m > [22m[2mnever exposes Contact or submit while agreement standing is locked
[22m[39mThe current testing environment is not configured to support act(...)
The current testing environment is not configured to support act(...)
The current testing environment is not configured to support act(...)

[90mstderr[2m | client/src/research/early-access/EarlyAccessRoute.storefront.test.tsx[2m > [22m[2mthe unified Early Access storefront[2m > [22m[2mnever exposes Contact or submit while agreement standing is locked
[22m[39mThe current testing environment is not configured to support act(...)

[90mstderr[2m | client/src/research/early-access/EarlyAccessRoute.storefront.test.tsx[2m > [22m[2mthe unified Early Access storefront[2m > [22m[2mnever exposes Contact or submit while agreement standing is locked
[22m[39mThe current testing environment is not configured to support act(...)

[90mstderr[2m | client/src/research/early-access/EarlyAccessRoute.storefront.test.tsx[2m > [22m[2mthe unified Early Access storefront[2m > [22m[2mnever exposes Contact or submit while agreement standing is locked
[22m[39mThe current testing environment is not configured to support act(...)

[90mstderr[2m | client/src/research/early-access/EarlyAccessRoute.storefront.test.tsx[2m > [22m[2mthe unified Early Access storefront[2m > [22m[2moffers no catalog at all when the order door is closed
[22m[39mThe current testing environment is not configured to support act(...)

[90mstderr[2m | client/src/research/early-access/EarlyAccessRoute.storefront.test.tsx[2m > [22m[2mthe unified Early Access storefront[2m > [22m[2moffers no catalog at all when the order door is closed
[22m[39mThe current testing environment is not configured to support act(...)

[90mstderr[2m | client/src/research/early-access/EarlyAccessRoute.storefront.test.tsx[2m > [22m[2mthe unified Early Access storefront[2m > [22m[2moffers no catalog at all when the order door is closed
[22m[39mThe current testing environment is not configured to support act(...)

[90mstderr[2m | client/src/research/early-access/EarlyAccessRoute.storefront.test.tsx[2m > [22m[2mthe unified Early Access storefront[2m > [22m[2moffers no catalog at all when the order door is closed
[22m[39mThe current testing environment is not configured to support act(...)

[90mstderr[2m | client/src/research/early-access/EarlyAccessRoute.storefront.test.tsx[2m > [22m[2mthe unified Early Access storefront[2m > [22m[2moffers no catalog at all when the order door is closed
[22m[39mThe current testing environment is not configured to support act(...)

[90mstderr[2m | client/src/research/early-access/EarlyAccessRoute.storefront.test.tsx[2m > [22m[2mthe unified Early Access storefront[2m > [22m[2moffers no catalog at all when the order door is closed
[22m[39mThe current testing environment is not configured to support act(...)
The current testing environment is not configured to support act(...)
The current testing environment is not configured to support act(...)
The current testing environment is not configured to support act(...)

[90mstderr[2m | client/src/research/early-access/EarlyAccessRoute.storefront.test.tsx[2m > [22m[2mthe unified Early Access storefront[2m > [22m[2moffers no catalog at all when the order door is closed
[22m[39mThe current testing environment is not configured to support act(...)

 [32m✓[39m client/src/research/early-access/EarlyAccessRoute.storefront.test.tsx [2m([22m[2m6 tests[22m[2m)[22m[33m 1648[2mms[22m[39m
     [33m[2m✓[22m[39m allows browsing but unlocks Contact only after the agreement is recorded [33m 393[2mms[22m[39m
     [33m[2m✓[22m[39m never exposes Contact or submit while agreement standing is unverified [33m 359[2mms[22m[39m
     [33m[2m✓[22m[39m never exposes Contact or submit while agreement standing is locked [33m 359[2mms[22m[39m
 [32m✓[39m client/src/research/pages/Gateway.catalog-guard.test.tsx [2m([22m[2m10 tests[22m[2m)[22m[32m 284[2mms[22m[39m
 [32m✓[39m client/src/research/master-offerings/catalog-surface.test.tsx [2m([22m[2m11 tests[22m[2m)[22m[32m 283[2mms[22m[39m
 [32m✓[39m server/research/outbox-founding-renderers.test.ts [2m([22m[2m12 tests[22m[2m)[22m[32m 17[2mms[22m[39m
 [32m✓[39m shared/research/commerce.test.ts [2m([22m[2m30 tests[22m[2m)[22m[32m 18[2mms[22m[39m
 [32m✓[39m shared/research/distribution.test.ts [2m([22m[2m28 tests[22m[2m)[22m[32m 17[2mms[22m[39m
 [32m✓[39m server/early-access-storage-policy.test.ts [2m([22m[2m21 tests[22m[2m)[22m[32m 288[2mms[22m[39m
 [32m✓[39m client/src/research/robots-reassert.test.tsx [2m([22m[2m7 tests[22m[2m)[22m[33m 420[2mms[22m[39m
 [32m✓[39m client/src/care/eligibility-field-error.test.tsx [2m([22m[2m4 tests[22m[2m)[22m[32m 300[2mms[22m[39m
 [32m✓[39m client/src/care/frontend-failclosed.test.tsx [2m([22m[2m17 tests[22m[2m)[22m[32m 240[2mms[22m[39m
 [32m✓[39m client/src/care/tebra-scheduling-security.test.tsx [2m([22m[2m17 tests[22m[2m)[22m[32m 177[2mms[22m[39m
[90mstderr[2m | server/research/early-access/cart/cart-idempotency-ownership.test.ts[2m > [22m[2mF6 A and B: one key means one intended cart[2m > [22m[2mA. the same customer, the same complete intent and the same key produce the SAME checkout
[22m[39m[early-access] Private Early Access is using the in-memory session store. This is for tests and local development only and does not survive a restart.

[90mstderr[2m | server/research/early-access/cart/cart-idempotency-ownership.test.ts[2m > [22m[2mF6 A and B: one key means one intended cart[2m > [22m[2mB. a CHANGED cart under the same key is an IDEMPOTENCY_CONFLICT, and the first checkout is untouched
[22m[39m[early-access] Private Early Access is using the in-memory session store. This is for tests and local development only and does not survive a restart.

[90mstderr[2m | server/research/early-access/cart/cart-idempotency-ownership.test.ts[2m > [22m[2mF6 C through F: neither value carries authority[2m > [22m[2mC. a foreign customer holding a STOLEN idempotency key gets nothing, and takes nothing
[22m[39m[early-access] Private Early Access is using the in-memory session store. This is for tests and local development only and does not survive a restart.

[90mstderr[2m | server/research/early-access/cart/cart-idempotency-ownership.test.ts[2m > [22m[2mF6 C through F: neither value carries authority[2m > [22m[2mD. a COPIED cart checkout number answers a stranger exactly as a missing one does
[22m[39m[early-access] Private Early Access is using the in-memory session store. This is for tests and local development only and does not survive a restart.

[90mstderr[2m | server/research/early-access/cart/cart-idempotency-ownership.test.ts[2m > [22m[2mF6 C through F: neither value carries authority[2m > [22m[2mE. an idempotency key alone cannot READ a checkout
[22m[39m[early-access] Private Early Access is using the in-memory session store. This is for tests and local development only and does not survive a restart.

[90mstderr[2m | server/research/early-access/cart/cart-idempotency-ownership.test.ts[2m > [22m[2mF6 C through F: neither value carries authority[2m > [22m[2mF. a cart checkout number alone, with NO session, authorizes nothing
[22m[39m[early-access] Private Early Access is using the in-memory session store. This is for tests and local development only and does not survive a restart.

[90mstderr[2m | server/research/early-access/cart/cart-idempotency-ownership.test.ts[2m > [22m[2mF6 C through F: neither value carries authority[2m > [22m[2ma stranger cannot check out against someone else's QUOTE either
[22m[39m[early-access] Private Early Access is using the in-memory session store. This is for tests and local development only and does not survive a restart.

[90mstderr[2m | server/research/early-access/cart/cart-idempotency-ownership.test.ts[2m > [22m[2mthe quote is a decision, not an order[2m > [22m[2mquoting repeatedly creates ZERO durable checkout facts
[22m[39m[early-access] Private Early Access is using the in-memory session store. This is for tests and local development only and does not survive a restart.

 [32m✓[39m server/research/early-access/cart/cart-idempotency-ownership.test.ts [2m([22m[2m8 tests[22m[2m)[22m[33m 633[2mms[22m[39m
 [32m✓[39m server/research/commerce/persistence/webhooks-store.test.ts [2m([22m[2m17 tests[22m[2m)[22m[32m 10[2mms[22m[39m
[90mstderr[2m | client/src/research/early-access/EarlyAccessRoute.agreement.test.tsx[2m > [22m[2mthe checkout continuation is gated on the server's answer[2m > [22m[2mis unusable before the customer has agreed, and says why
[22m[39mThe current testing environment is not configured to support act(...)

[90mstderr[2m | client/src/research/early-access/EarlyAccessRoute.agreement.test.tsx[2m > [22m[2mthe checkout continuation is gated on the server's answer[2m > [22m[2mis unusable before the customer has agreed, and says why
[22m[39mThe current testing environment is not configured to support act(...)

[90mstderr[2m | client/src/research/early-access/EarlyAccessRoute.agreement.test.tsx[2m > [22m[2mthe checkout continuation is gated on the server's answer[2m > [22m[2mis unusable before the customer has agreed, and says why
[22m[39mThe current testing environment is not configured to support act(...)

[90mstderr[2m | client/src/research/early-access/EarlyAccessRoute.agreement.test.tsx[2m > [22m[2mthe checkout continuation is gated on the server's answer[2m > [22m[2mis unusable before the customer has agreed, and says why
[22m[39mThe current testing environment is not configured to support act(...)

[90mstderr[2m | client/src/research/early-access/EarlyAccessRoute.agreement.test.tsx[2m > [22m[2mthe checkout continuation is gated on the server's answer[2m > [22m[2mis unusable before the customer has agreed, and says why
[22m[39mThe current testing environment is not configured to support act(...)

[90mstderr[2m | client/src/research/early-access/EarlyAccessRoute.agreement.test.tsx[2m > [22m[2mthe checkout continuation is gated on the server's answer[2m > [22m[2mis unusable before the customer has agreed, and says why
[22m[39mThe current testing environment is not configured to support act(...)
The current testing environment is not configured to support act(...)
The current testing environment is not configured to support act(...)

[90mstderr[2m | client/src/research/early-access/EarlyAccessRoute.agreement.test.tsx[2m > [22m[2mthe checkout continuation is gated on the server's answer[2m > [22m[2mis unusable before the customer has agreed, and says why
[22m[39mThe current testing environment is not configured to support act(...)

[90mstderr[2m | client/src/research/early-access/EarlyAccessRoute.agreement.test.tsx[2m > [22m[2mthe checkout continuation is gated on the server's answer[2m > [22m[2mis unusable before the customer has agreed, and says why
[22m[39mThe current testing environment is not configured to support act(...)

[90mstderr[2m | client/src/research/early-access/EarlyAccessRoute.agreement.test.tsx[2m > [22m[2mthe checkout continuation is gated on the server's answer[2m > [22m[2mbecomes usable once the acceptance is recorded, posts only the pair, and opens checkout
[22m[39mThe current testing environment is not configured to support act(...)

[90mstderr[2m | client/src/research/early-access/EarlyAccessRoute.agreement.test.tsx[2m > [22m[2mthe checkout continuation is gated on the server's answer[2m > [22m[2mbecomes usable once the acceptance is recorded, posts only the pair, and opens checkout
[22m[39mThe current testing environment is not configured to support act(...)

[90mstderr[2m | client/src/research/early-access/EarlyAccessRoute.agreement.test.tsx[2m > [22m[2mthe checkout continuation is gated on the server's answer[2m > [22m[2mbecomes usable once the acceptance is recorded, posts only the pair, and opens checkout
[22m[39mThe current testing environment is not configured to support act(...)

[90mstderr[2m | client/src/research/early-access/EarlyAccessRoute.agreement.test.tsx[2m > [22m[2mthe checkout continuation is gated on the server's answer[2m > [22m[2mbecomes usable once the acceptance is recorded, posts only the pair, and opens checkout
[22m[39mThe current testing environment is not configured to support act(...)

[90mstderr[2m | client/src/research/early-access/EarlyAccessRoute.agreement.test.tsx[2m > [22m[2mthe checkout continuation is gated on the server's answer[2m > [22m[2mbecomes usable once the acceptance is recorded, posts only the pair, and opens checkout
[22m[39mThe current testing environment is not configured to support act(...)

[90mstderr[2m | client/src/research/early-access/EarlyAccessRoute.agreement.test.tsx[2m > [22m[2mthe checkout continuation is gated on the server's answer[2m > [22m[2mbecomes usable once the acceptance is recorded, posts only the pair, and opens checkout
[22m[39mThe current testing environment is not configured to support act(...)
The current testing environment is not configured to support act(...)
The current testing environment is not configured to support act(...)

[90mstderr[2m | client/src/research/early-access/EarlyAccessRoute.agreement.test.tsx[2m > [22m[2mthe checkout continuation is gated on the server's answer[2m > [22m[2mbecomes usable once the acceptance is recorded, posts only the pair, and opens checkout
[22m[39mThe current testing environment is not configured to support act(...)
The current testing environment is not configured to support act(...)

[90mstderr[2m | client/src/research/early-access/EarlyAccessRoute.agreement.test.tsx[2m > [22m[2mthe checkout continuation is gated on the server's answer[2m > [22m[2mbecomes usable once the acceptance is recorded, posts only the pair, and opens checkout
[22m[39mThe current testing environment is not configured to support act(...)
The current testing environment is not configured to support act(...)

Not implemented: Window's scrollTo() method
[90mstderr[2m | client/src/research/early-access/EarlyAccessRoute.agreement.test.tsx[2m > [22m[2mthe checkout continuation is gated on the server's answer[2m > [22m[2mbecomes usable once the acceptance is recorded, posts only the pair, and opens checkout
[22m[39mThe current testing environment is not configured to support act(...)
The current testing environment is not configured to support act(...)
The current testing environment is not configured to support act(...)
The current testing environment is not configured to support act(...)

[90mstderr[2m | client/src/research/early-access/EarlyAccessRoute.agreement.test.tsx[2m > [22m[2mthe checkout continuation is gated on the server's answer[2m > [22m[2mbecomes usable once the acceptance is recorded, posts only the pair, and opens checkout
[22m[39mThe current testing environment is not configured to support act(...)

[90mstderr[2m | client/src/research/early-access/EarlyAccessRoute.agreement.test.tsx[2m > [22m[2mthe checkout continuation is gated on the server's answer[2m > [22m[2mis usable on a fresh load when the server already has the acceptance
[22m[39mThe current testing environment is not configured to support act(...)

[90mstderr[2m | client/src/research/early-access/EarlyAccessRoute.agreement.test.tsx[2m > [22m[2mthe checkout continuation is gated on the server's answer[2m > [22m[2mis usable on a fresh load when the server already has the acceptance
[22m[39mThe current testing environment is not configured to support act(...)

[90mstderr[2m | client/src/research/early-access/EarlyAccessRoute.agreement.test.tsx[2m > [22m[2mthe checkout continuation is gated on the server's answer[2m > [22m[2mis usable on a fresh load when the server already has the acceptance
[22m[39mThe current testing environment is not configured to support act(...)

[90mstderr[2m | client/src/research/early-access/EarlyAccessRoute.agreement.test.tsx[2m > [22m[2mthe checkout continuation is gated on the server's answer[2m > [22m[2mis usable on a fresh load when the server already has the acceptance
[22m[39mThe current testing environment is not configured to support act(...)

[90mstderr[2m | client/src/research/early-access/EarlyAccessRoute.agreement.test.tsx[2m > [22m[2mthe checkout continuation is gated on the server's answer[2m > [22m[2mis usable on a fresh load when the server already has the acceptance
[22m[39mThe current testing environment is not configured to support act(...)

[90mstderr[2m | client/src/research/early-access/EarlyAccessRoute.agreement.test.tsx[2m > [22m[2mthe checkout continuation is gated on the server's answer[2m > [22m[2mis usable on a fresh load when the server already has the acceptance
[22m[39mThe current testing environment is not configured to support act(...)
The current testing environment is not configured to support act(...)
The current testing environment is not configured to support act(...)
The current testing environment is not configured to support act(...)

[90mstderr[2m | client/src/research/early-access/EarlyAccessRoute.agreement.test.tsx[2m > [22m[2mthe checkout continuation is gated on the server's answer[2m > [22m[2mis usable on a fresh load when the server already has the acceptance
[22m[39mThe current testing environment is not configured to support act(...)

[90mstderr[2m | client/src/research/early-access/EarlyAccessRoute.agreement.test.tsx[2m > [22m[2mthe checkout continuation is gated on the server's answer[2m > [22m[2mis usable on a fresh load when the server already has the acceptance
[22m[39mThe current testing environment is not configured to support act(...)

[90mstderr[2m | client/src/research/early-access/EarlyAccessRoute.agreement.test.tsx[2m > [22m[2mthe checkout continuation is gated on the server's answer[2m > [22m[2mdoes not gate browsing the catalogue behind the agreement
[22m[39mThe current testing environment is not configured to support act(...)

[90mstderr[2m | client/src/research/early-access/EarlyAccessRoute.agreement.test.tsx[2m > [22m[2mthe checkout continuation is gated on the server's answer[2m > [22m[2mdoes not gate browsing the catalogue behind the agreement
[22m[39mThe current testing environment is not configured to support act(...)

[90mstderr[2m | client/src/research/early-access/EarlyAccessRoute.agreement.test.tsx[2m > [22m[2mthe checkout continuation is gated on the server's answer[2m > [22m[2mdoes not gate browsing the catalogue behind the agreement
[22m[39mThe current testing environment is not configured to support act(...)

[90mstderr[2m | client/src/research/early-access/EarlyAccessRoute.agreement.test.tsx[2m > [22m[2mthe checkout continuation is gated on the server's answer[2m > [22m[2mdoes not gate browsing the catalogue behind the agreement
[22m[39mThe current testing environment is not configured to support act(...)

[90mstderr[2m | client/src/research/early-access/EarlyAccessRoute.agreement.test.tsx[2m > [22m[2mthe checkout continuation is gated on the server's answer[2m > [22m[2mdoes not gate browsing the catalogue behind the agreement
[22m[39mThe current testing environment is not configured to support act(...)

[90mstderr[2m | client/src/research/early-access/EarlyAccessRoute.agreement.test.tsx[2m > [22m[2mthe checkout continuation is gated on the server's answer[2m > [22m[2mdoes not gate browsing the catalogue behind the agreement
[22m[39mThe current testing environment is not configured to support act(...)
The current testing environment is not configured to support act(...)
The current testing environment is not configured to support act(...)

[90mstderr[2m | client/src/research/early-access/EarlyAccessRoute.agreement.test.tsx[2m > [22m[2mthe checkout continuation is gated on the server's answer[2m > [22m[2mdoes not gate browsing the catalogue behind the agreement
[22m[39mThe current testing environment is not configured to support act(...)

[90mstderr[2m | client/src/research/early-access/EarlyAccessRoute.agreement.test.tsx[2m > [22m[2mthe checkout continuation is gated on the server's answer[2m > [22m[2mshows the research-use policy, not a draft document
[22m[39mThe current testing environment is not configured to support act(...)

[90mstderr[2m | client/src/research/early-access/EarlyAccessRoute.agreement.test.tsx[2m > [22m[2mthe checkout continuation is gated on the server's answer[2m > [22m[2mshows the research-use policy, not a draft document
[22m[39mThe current testing environment is not configured to support act(...)

[90mstderr[2m | client/src/research/early-access/EarlyAccessRoute.agreement.test.tsx[2m > [22m[2mthe checkout continuation is gated on the server's answer[2m > [22m[2mshows the research-use policy, not a draft document
[22m[39mThe current testing environment is not configured to support act(...)

[90mstderr[2m | client/src/research/early-access/EarlyAccessRoute.agreement.test.tsx[2m > [22m[2mthe checkout continuation is gated on the server's answer[2m > [22m[2mshows the research-use policy, not a draft document
[22m[39mThe current testing environment is not configured to support act(...)

[90mstderr[2m | client/src/research/early-access/EarlyAccessRoute.agreement.test.tsx[2m > [22m[2mthe checkout continuation is gated on the server's answer[2m > [22m[2mshows the research-use policy, not a draft document
[22m[39mThe current testing environment is not configured to support act(...)

[90mstderr[2m | client/src/research/early-access/EarlyAccessRoute.agreement.test.tsx[2m > [22m[2mthe checkout continuation is gated on the server's answer[2m > [22m[2mshows the research-use policy, not a draft document
[22m[39mThe current testing environment is not configured to support act(...)
The current testing environment is not configured to support act(...)
The current testing environment is not configured to support act(...)

[90mstderr[2m | client/src/research/early-access/EarlyAccessRoute.agreement.test.tsx[2m > [22m[2mthe checkout continuation is gated on the server's answer[2m > [22m[2mshows the research-use policy, not a draft document
[22m[39mThe current testing environment is not configured to support act(...)

[90mstderr[2m | client/src/research/early-access/EarlyAccessRoute.agreement.test.tsx[2m > [22m[2msigned in, but the session is not bound to an approved customer[2m > [22m[2mdoes not tell the customer their session ended, and does not blame the policy
[22m[39mThe current testing environment is not configured to support act(...)

[90mstderr[2m | client/src/research/early-access/EarlyAccessRoute.agreement.test.tsx[2m > [22m[2msigned in, but the session is not bound to an approved customer[2m > [22m[2mdoes not tell the customer their session ended, and does not blame the policy
[22m[39mThe current testing environment is not configured to support act(...)

[90mstderr[2m | client/src/research/early-access/EarlyAccessRoute.agreement.test.tsx[2m > [22m[2msigned in, but the session is not bound to an approved customer[2m > [22m[2mdoes not tell the customer their session ended, and does not blame the policy
[22m[39mThe current testing environment is not configured to support act(...)

[90mstderr[2m | client/src/research/early-access/EarlyAccessRoute.agreement.test.tsx[2m > [22m[2msigned in, but the session is not bound to an approved customer[2m > [22m[2mdoes not tell the customer their session ended, and does not blame the policy
[22m[39mThe current testing environment is not configured to support act(...)

[90mstderr[2m | client/src/research/early-access/EarlyAccessRoute.agreement.test.tsx[2m > [22m[2msigned in, but the session is not bound to an approved customer[2m > [22m[2mdoes not tell the customer their session ended, and does not blame the policy
[22m[39mThe current testing environment is not configured to support act(...)

[90mstderr[2m | client/src/research/early-access/EarlyAccessRoute.agreement.test.tsx[2m > [22m[2msigned in, but the session is not bound to an approved customer[2m > [22m[2mdoes not tell the customer their session ended, and does not blame the policy
[22m[39mThe current testing environment is not configured to support act(...)
The current testing environment is not configured to support act(...)
The current testing environment is not configured to support act(...)
The current testing environment is not configured to support act(...)

[90mstderr[2m | client/src/research/early-access/EarlyAccessRoute.agreement.test.tsx[2m > [22m[2msigned in, but the session is not bound to an approved customer[2m > [22m[2mdoes not tell the customer their session ended, and does not blame the policy
[22m[39mThe current testing environment is not configured to support act(...)

[90mstderr[2m | client/src/research/early-access/EarlyAccessRoute.agreement.test.tsx[2m > [22m[2msigned in, but the session is not bound to an approved customer[2m > [22m[2mkeeps ordering closed and offers nothing to tick
[22m[39mThe current testing environment is not configured to support act(...)

[90mstderr[2m | client/src/research/early-access/EarlyAccessRoute.agreement.test.tsx[2m > [22m[2msigned in, but the session is not bound to an approved customer[2m > [22m[2mkeeps ordering closed and offers nothing to tick
[22m[39mThe current testing environment is not configured to support act(...)

[90mstderr[2m | client/src/research/early-access/EarlyAccessRoute.agreement.test.tsx[2m > [22m[2msigned in, but the session is not bound to an approved customer[2m > [22m[2mkeeps ordering closed and offers nothing to tick
[22m[39mThe current testing environment is not configured to support act(...)

[90mstderr[2m | client/src/research/early-access/EarlyAccessRoute.agreement.test.tsx[2m > [22m[2msigned in, but the session is not bound to an approved customer[2m > [22m[2mkeeps ordering closed and offers nothing to tick
[22m[39mThe current testing environment is not configured to support act(...)

[90mstderr[2m | client/src/research/early-access/EarlyAccessRoute.agreement.test.tsx[2m > [22m[2msigned in, but the session is not bound to an approved customer[2m > [22m[2mkeeps ordering closed and offers nothing to tick
[22m[39mThe current testing environment is not configured to support act(...)

[90mstderr[2m | client/src/research/early-access/EarlyAccessRoute.agreement.test.tsx[2m > [22m[2msigned in, but the session is not bound to an approved customer[2m > [22m[2mkeeps ordering closed and offers nothing to tick
[22m[39mThe current testing environment is not configured to support act(...)
The current testing environment is not configured to support act(...)
The current testing environment is not configured to support act(...)
The current testing environment is not configured to support act(...)

[90mstderr[2m | client/src/research/early-access/EarlyAccessRoute.agreement.test.tsx[2m > [22m[2msigned in, but the session is not bound to an approved customer[2m > [22m[2mkeeps ordering closed and offers nothing to tick
[22m[39mThe current testing environment is not configured to support act(...)

[90mstderr[2m | client/src/research/early-access/EarlyAccessRoute.agreement.test.tsx[2m > [22m[2msigned in, but the session is not bound to an approved customer[2m > [22m[2mkeeps ordering closed and offers nothing to tick
[22m[39mThe current testing environment is not configured to support act(...)

[90mstderr[2m | client/src/research/early-access/EarlyAccessRoute.agreement.test.tsx[2m > [22m[2msigned in, but the session is not bound to an approved customer[2m > [22m[2mstill lets the customer browse the catalogue
[22m[39mThe current testing environment is not configured to support act(...)

[90mstderr[2m | client/src/research/early-access/EarlyAccessRoute.agreement.test.tsx[2m > [22m[2msigned in, but the session is not bound to an approved customer[2m > [22m[2mstill lets the customer browse the catalogue
[22m[39mThe current testing environment is not configured to support act(...)

[90mstderr[2m | client/src/research/early-access/EarlyAccessRoute.agreement.test.tsx[2m > [22m[2msigned in, but the session is not bound to an approved customer[2m > [22m[2mstill lets the customer browse the catalogue
[22m[39mThe current testing environment is not configured to support act(...)

[90mstderr[2m | client/src/research/early-access/EarlyAccessRoute.agreement.test.tsx[2m > [22m[2msigned in, but the session is not bound to an approved customer[2m > [22m[2mstill lets the customer browse the catalogue
[22m[39mThe current testing environment is not configured to support act(...)

[90mstderr[2m | client/src/research/early-access/EarlyAccessRoute.agreement.test.tsx[2m > [22m[2msigned in, but the session is not bound to an approved customer[2m > [22m[2mstill lets the customer browse the catalogue
[22m[39mThe current testing environment is not configured to support act(...)

[90mstderr[2m | client/src/research/early-access/EarlyAccessRoute.agreement.test.tsx[2m > [22m[2msigned in, but the session is not bound to an approved customer[2m > [22m[2mstill lets the customer browse the catalogue
[22m[39mThe current testing environment is not configured to support act(...)
The current testing environment is not configured to support act(...)
The current testing environment is not configured to support act(...)
The current testing environment is not configured to support act(...)

[90mstderr[2m | client/src/research/early-access/EarlyAccessRoute.agreement.test.tsx[2m > [22m[2msigned in, but the session is not bound to an approved customer[2m > [22m[2mstill lets the customer browse the catalogue
[22m[39mThe current testing environment is not configured to support act(...)

[90mstderr[2m | client/src/research/early-access/EarlyAccessRoute.agreement.test.tsx[2m > [22m[2msigned in, but the session is not bound to an approved customer[2m > [22m[2munblocks continuation after verification reloads required standing and acceptance succeeds
[22m[39mThe current testing environment is not configured to support act(...)

[90mstderr[2m | client/src/research/early-access/EarlyAccessRoute.agreement.test.tsx[2m > [22m[2msigned in, but the session is not bound to an approved customer[2m > [22m[2munblocks continuation after verification reloads required standing and acceptance succeeds
[22m[39mThe current testing environment is not configured to support act(...)

[90mstderr[2m | client/src/research/early-access/EarlyAccessRoute.agreement.test.tsx[2m > [22m[2msigned in, but the session is not bound to an approved customer[2m > [22m[2munblocks continuation after verification reloads required standing and acceptance succeeds
[22m[39mThe current testing environment is not configured to support act(...)

[90mstderr[2m | client/src/research/early-access/EarlyAccessRoute.agreement.test.tsx[2m > [22m[2msigned in, but the session is not bound to an approved customer[2m > [22m[2munblocks continuation after verification reloads required standing and acceptance succeeds
[22m[39mThe current testing environment is not configured to support act(...)

[90mstderr[2m | client/src/research/early-access/EarlyAccessRoute.agreement.test.tsx[2m > [22m[2msigned in, but the session is not bound to an approved customer[2m > [22m[2munblocks continuation after verification reloads required standing and acceptance succeeds
[22m[39mThe current testing environment is not configured to support act(...)

[90mstderr[2m | client/src/research/early-access/EarlyAccessRoute.agreement.test.tsx[2m > [22m[2msigned in, but the session is not bound to an approved customer[2m > [22m[2munblocks continuation after verification reloads required standing and acceptance succeeds
[22m[39mThe current testing environment is not configured to support act(...)
The current testing environment is not configured to support act(...)
The current testing environment is not configured to support act(...)
The current testing environment is not configured to support act(...)

[90mstderr[2m | client/src/research/early-access/EarlyAccessRoute.agreement.test.tsx[2m > [22m[2msigned in, but the session is not bound to an approved customer[2m > [22m[2munblocks continuation after verification reloads required standing and acceptance succeeds
[22m[39mThe current testing environment is not configured to support act(...)
The current testing environment is not configured to support act(...)
The current testing environment is not configured to support act(...)

[90mstderr[2m | client/src/research/early-access/EarlyAccessRoute.agreement.test.tsx[2m > [22m[2msigned in, but the session is not bound to an approved customer[2m > [22m[2munblocks continuation after verification reloads required standing and acceptance succeeds
[22m[39mThe current testing environment is not configured to support act(...)
The current testing environment is not configured to support act(...)

[90mstderr[2m | client/src/research/early-access/EarlyAccessRoute.agreement.test.tsx[2m > [22m[2msigned in, but the session is not bound to an approved customer[2m > [22m[2munblocks continuation after verification reloads required standing and acceptance succeeds
[22m[39mThe current testing environment is not configured to support act(...)
The current testing environment is not configured to support act(...)
The current testing environment is not configured to support act(...)

[90mstderr[2m | client/src/research/early-access/EarlyAccessRoute.agreement.test.tsx[2m > [22m[2msigned in, but the session is not bound to an approved customer[2m > [22m[2munblocks continuation after verification reloads required standing and acceptance succeeds
[22m[39mThe current testing environment is not configured to support act(...)
The current testing environment is not configured to support act(...)

[90mstderr[2m | client/src/research/early-access/EarlyAccessRoute.agreement.test.tsx[2m > [22m[2msigned in, but the session is not bound to an approved customer[2m > [22m[2munblocks continuation after verification reloads required standing and acceptance succeeds
[22m[39mThe current testing environment is not configured to support act(...)
The current testing environment is not configured to support act(...)

[90mstderr[2m | client/src/research/early-access/EarlyAccessRoute.agreement.test.tsx[2m > [22m[2msigned in, but the session is not bound to an approved customer[2m > [22m[2munblocks continuation after verification reloads required standing and acceptance succeeds
[22m[39mThe current testing environment is not configured to support act(...)

 [32m✓[39m client/src/research/early-access/EarlyAccessRoute.agreement.test.tsx [2m([22m[2m9 tests[22m[2m)[22m[33m 397[2mms[22m[39m
[90mstderr[2m | client/src/research/early-access/EarlyAccessProductCard.test.tsx[2m > [22m[2mearly access product card[2m > [22m[2mshows the single unit price and no computed total anywhere
[22m[39mThe current testing environment is not configured to support act(...)

[90mstderr[2m | client/src/research/early-access/EarlyAccessProductCard.test.tsx[2m > [22m[2mearly access product card[2m > [22m[2mshows the single unit price and no computed total anywhere
[22m[39mThe current testing environment is not configured to support act(...)

[90mstderr[2m | client/src/research/early-access/EarlyAccessProductCard.test.tsx[2m > [22m[2mearly access product card[2m > [22m[2mnever shows supplier, margin, inventory or dispute information
[22m[39mThe current testing environment is not configured to support act(...)

[90mstderr[2m | client/src/research/early-access/EarlyAccessProductCard.test.tsx[2m > [22m[2mearly access product card[2m > [22m[2mnever shows supplier, margin, inventory or dispute information
[22m[39mThe current testing environment is not configured to support act(...)

[90mstderr[2m | client/src/research/early-access/EarlyAccessProductCard.test.tsx[2m > [22m[2mearly access product card[2m > [22m[2mdoes NOT repeat the fulfillment sentence, which now appears once per catalogue
[22m[39mThe current testing environment is not configured to support act(...)

[90mstderr[2m | client/src/research/early-access/EarlyAccessProductCard.test.tsx[2m > [22m[2mearly access product card[2m > [22m[2mdoes NOT repeat the fulfillment sentence, which now appears once per catalogue
[22m[39mThe current testing environment is not configured to support act(...)

[90mstderr[2m | client/src/research/early-access/EarlyAccessProductCard.test.tsx[2m > [22m[2mearly access product card[2m > [22m[2mnames the bundle offer in one readable full-width line, not inside a narrow option
[22m[39mThe current testing environment is not configured to support act(...)

[90mstderr[2m | client/src/research/early-access/EarlyAccessProductCard.test.tsx[2m > [22m[2mearly access product card[2m > [22m[2mnames the bundle offer in one readable full-width line, not inside a narrow option
[22m[39mThe current testing environment is not configured to support act(...)

[90mstderr[2m | client/src/research/early-access/EarlyAccessProductCard.test.tsx[2m > [22m[2mearly access product card[2m > [22m[2mrenders AVAILABLE as visible, with its own copy and action
[22m[39mThe current testing environment is not configured to support act(...)

[90mstderr[2m | client/src/research/early-access/EarlyAccessProductCard.test.tsx[2m > [22m[2mearly access product card[2m > [22m[2mrenders AVAILABLE as visible, with its own copy and action
[22m[39mThe current testing environment is not configured to support act(...)

[90mstderr[2m | client/src/research/early-access/EarlyAccessProductCard.test.tsx[2m > [22m[2mearly access product card[2m > [22m[2mrenders AVAILABILITY_CONFIRMATION_REQUIRED as visible, with its own copy and action
[22m[39mThe current testing environment is not configured to support act(...)

[90mstderr[2m | client/src/research/early-access/EarlyAccessProductCard.test.tsx[2m > [22m[2mearly access product card[2m > [22m[2mrenders AVAILABILITY_CONFIRMATION_REQUIRED as visible, with its own copy and action
[22m[39mThe current testing environment is not configured to support act(...)

[90mstderr[2m | client/src/research/early-access/EarlyAccessProductCard.test.tsx[2m > [22m[2mearly access product card[2m > [22m[2mrenders TEMPORARILY_HELD as visible, with its own copy and action
[22m[39mThe current testing environment is not configured to support act(...)

[90mstderr[2m | client/src/research/early-access/EarlyAccessProductCard.test.tsx[2m > [22m[2mearly access product card[2m > [22m[2mrenders TEMPORARILY_HELD as visible, with its own copy and action
[22m[39mThe current testing environment is not configured to support act(...)

[90mstderr[2m | client/src/research/early-access/EarlyAccessProductCard.test.tsx[2m > [22m[2mearly access product card[2m > [22m[2mtells a confirmation-required customer before they choose, not after
[22m[39mThe current testing environment is not configured to support act(...)

[90mstderr[2m | client/src/research/early-access/EarlyAccessProductCard.test.tsx[2m > [22m[2mearly access product card[2m > [22m[2mtells a confirmation-required customer before they choose, not after
[22m[39mThe current testing environment is not configured to support act(...)

[90mstderr[2m | client/src/research/early-access/EarlyAccessProductCard.test.tsx[2m > [22m[2mearly access product card[2m > [22m[2mdoes not offer that detail when the product is simply available
[22m[39mThe current testing environment is not configured to support act(...)

[90mstderr[2m | client/src/research/early-access/EarlyAccessProductCard.test.tsx[2m > [22m[2mearly access product card[2m > [22m[2mdoes not offer that detail when the product is simply available
[22m[39mThe current testing environment is not configured to support act(...)

[90mstderr[2m | client/src/research/early-access/EarlyAccessProductCard.test.tsx[2m > [22m[2mearly access product card[2m > [22m[2mreports a quantity choice without acting on it
[22m[39mThe current testing environment is not configured to support act(...)

[90mstderr[2m | client/src/research/early-access/EarlyAccessProductCard.test.tsx[2m > [22m[2mearly access product card[2m > [22m[2mreports a quantity choice without acting on it
[22m[39mThe current testing environment is not configured to support act(...)

[90mstderr[2m | client/src/research/early-access/EarlyAccessProductCard.test.tsx[2m > [22m[2mearly access product card[2m > [22m[2mrenders NO quantity control on a held product
[22m[39mThe current testing environment is not configured to support act(...)

[90mstderr[2m | client/src/research/early-access/EarlyAccessProductCard.test.tsx[2m > [22m[2mearly access product card[2m > [22m[2mrenders NO quantity control on a held product
[22m[39mThe current testing environment is not configured to support act(...)

[90mstderr[2m | client/src/research/early-access/EarlyAccessProductCard.test.tsx[2m > [22m[2mearly access product card[2m > [22m[2mkeeps the quantity control on a sellable product
[22m[39mThe current testing environment is not configured to support act(...)

[90mstderr[2m | client/src/research/early-access/EarlyAccessProductCard.test.tsx[2m > [22m[2mearly access product card[2m > [22m[2mkeeps the quantity control on a sellable product
[22m[39mThe current testing environment is not configured to support act(...)

[90mstderr[2m | client/src/research/early-access/EarlyAccessProductCard.test.tsx[2m > [22m[2mearly access product card[2m > [22m[2moffers an order request above explicit product authority without quantity review copy
[22m[39mThe current testing environment is not configured to support act(...)

[90mstderr[2m | client/src/research/early-access/EarlyAccessProductCard.test.tsx[2m > [22m[2mearly access product card[2m > [22m[2moffers an order request above explicit product authority without quantity review copy
[22m[39mThe current testing environment is not configured to support act(...)

[90mstderr[2m | client/src/research/early-access/EarlyAccessProductCard.test.tsx[2m > [22m[2mearly access product card[2m > [22m[2mshows no product photography, and no longer reserves a square for it
[22m[39mThe current testing environment is not configured to support act(...)

[90mstderr[2m | client/src/research/early-access/EarlyAccessProductCard.test.tsx[2m > [22m[2mearly access product card[2m > [22m[2mshows no product photography, and no longer reserves a square for it
[22m[39mThe current testing environment is not configured to support act(...)

[90mstderr[2m | client/src/research/early-access/EarlyAccessProductCard.test.tsx[2m > [22m[2ma founder-held row, which is how Cagrilintide arrives[2m > [22m[2mrenders the card, because a hidden product is worse than an unavailable one
[22m[39mThe current testing environment is not configured to support act(...)

[90mstderr[2m | client/src/research/early-access/EarlyAccessProductCard.test.tsx[2m > [22m[2ma founder-held row, which is how Cagrilintide arrives[2m > [22m[2mrenders the card, because a hidden product is worse than an unavailable one
[22m[39mThe current testing environment is not configured to support act(...)

[90mstderr[2m | client/src/research/early-access/EarlyAccessProductCard.test.tsx[2m > [22m[2ma founder-held row, which is how Cagrilintide arrives[2m > [22m[2mshows NO price and no placeholder that could be read as one
[22m[39mThe current testing environment is not configured to support act(...)

[90mstderr[2m | client/src/research/early-access/EarlyAccessProductCard.test.tsx[2m > [22m[2ma founder-held row, which is how Cagrilintide arrives[2m > [22m[2mshows NO price and no placeholder that could be read as one
[22m[39mThe current testing environment is not configured to support act(...)

[90mstderr[2m | client/src/research/early-access/EarlyAccessProductCard.test.tsx[2m > [22m[2ma founder-held row, which is how Cagrilintide arrives[2m > [22m[2moffers NO purchase action at all, present or otherwise
[22m[39mThe current testing environment is not configured to support act(...)

[90mstderr[2m | client/src/research/early-access/EarlyAccessProductCard.test.tsx[2m > [22m[2ma founder-held row, which is how Cagrilintide arrives[2m > [22m[2moffers NO purchase action at all, present or otherwise
[22m[39mThe current testing environment is not configured to support act(...)

[90mstderr[2m | client/src/research/early-access/EarlyAccessProductCard.test.tsx[2m > [22m[2ma founder-held row, which is how Cagrilintide arrives[2m > [22m[2mleaks no internal blocker text to the customer
[22m[39mThe current testing environment is not configured to support act(...)

[90mstderr[2m | client/src/research/early-access/EarlyAccessProductCard.test.tsx[2m > [22m[2ma founder-held row, which is how Cagrilintide arrives[2m > [22m[2mleaks no internal blocker text to the customer
[22m[39mThe current testing environment is not configured to support act(...)

 [32m✓[39m client/src/research/early-access/EarlyAccessProductCard.test.tsx [2m([22m[2m18 tests[22m[2m)[22m[32m 230[2mms[22m[39m
 [32m✓[39m server/research/assisted-order/quote/service.test.ts [2m([22m[2m13 tests[22m[2m)[22m[32m 15[2mms[22m[39m
 [32m✓[39m client/src/research/kris-launch-a/catalog-surface.test.tsx [2m([22m[2m16 tests[22m[2m)[22m[33m 1072[2mms[22m[39m
[90mstderr[2m | server/research/early-access/cart/cart-routes.test.ts[2m > [22m[2mthe cart flag is exact-string and fails closed[2m > [22m[2mdoes not mount the cart routes at all when the flag is off
[22m[39m[early-access] Private Early Access is using the in-memory session store. This is for tests and local development only and does not survive a restart.

[90mstderr[2m | server/research/early-access/cart/cart-routes.test.ts[2m > [22m[2mthe cart flag is exact-string and fails closed[2m > [22m[2manswers the capability probe with a real JSON 404 when the cart is off
[22m[39m[early-access] Private Early Access is using the in-memory session store. This is for tests and local development only and does not survive a restart.

[90mstderr[2m | server/research/early-access/cart/cart-routes.test.ts[2m > [22m[2mthe cart flag is exact-string and fails closed[2m > [22m[2manswers the capability probe with the capability itself when the cart is ON
[22m[39m[early-access] Private Early Access is using the in-memory session store. This is for tests and local development only and does not survive a restart.

[90mstderr[2m | server/research/early-access/cart/cart-routes.test.ts[2m > [22m[2mthe cart flag is exact-string and fails closed[2m > [22m[2mthe disabled capability route does not leak a session: it is still gated
[22m[39m[early-access] Private Early Access is using the in-memory session store. This is for tests and local development only and does not survive a restart.

[90mstderr[2m | server/research/early-access/cart/cart-routes.test.ts[2m > [22m[2mquote and checkout, over HTTP, with the cart switched on[2m > [22m[2mrefuses an unauthenticated caller
[22m[39m[early-access] Private Early Access is using the in-memory session store. This is for tests and local development only and does not survive a restart.

[90mstderr[2m | server/research/early-access/cart/cart-routes.test.ts[2m > [22m[2mquote and checkout, over HTTP, with the cart switched on[2m > [22m[2mquotes server-authoritative aggregate money and writes no order
[22m[39m[early-access] Private Early Access is using the in-memory session store. This is for tests and local development only and does not survive a restart.

[90mstderr[2m | server/research/early-access/cart/cart-routes.test.ts[2m > [22m[2mquote and checkout, over HTTP, with the cart switched on[2m > [22m[2mcommits one parent with its children, then replays the same key
[22m[39m[early-access] Private Early Access is using the in-memory session store. This is for tests and local development only and does not survive a restart.

[90mstderr[2m | server/research/early-access/cart/cart-routes.test.ts[2m > [22m[2mquote and checkout, over HTTP, with the cart switched on[2m > [22m[2mrefuses the same key under a changed intent, and never mutates the committed cart
[22m[39m[early-access] Private Early Access is using the in-memory session store. This is for tests and local development only and does not survive a restart.

[90mstderr[2m | server/research/early-access/cart/cart-routes.test.ts[2m > [22m[2mquote and checkout, over HTTP, with the cart switched on[2m > [22m[2mkeeps one session's cart checkout unreadable to another, as a plain 404
[22m[39m[early-access] Private Early Access is using the in-memory session store. This is for tests and local development only and does not survive a restart.

[90mstderr[2m | server/research/early-access/cart/cart-routes.test.ts[2m > [22m[2mquote and checkout, over HTTP, with the cart switched on[2m > [22m[2mrefuses a quote when the policy is not on file
[22m[39m[early-access] Private Early Access is using the in-memory session store. This is for tests and local development only and does not survive a restart.

 [32m✓[39m server/research/early-access/cart/cart-routes.test.ts [2m([22m[2m18 tests[22m[2m)[22m[33m 536[2mms[22m[39m
 [32m✓[39m server/research/buyer-commerce/production-deps.test.ts [2m([22m[2m9 tests[22m[2m)[22m[32m 15[2mms[22m[39m
 [32m✓[39m server/research/early-access/cart/fulfilment-routes.test.ts [2m([22m[2m15 tests[22m[2m)[22m[32m 26[2mms[22m[39m
 [32m✓[39m client/src/research/early-access/PrivateEarlyAccessPage.test.tsx [2m([22m[2m10 tests[22m[2m)[22m[32m 169[2mms[22m[39m
 [32m✓[39m server/research/commerce/persistence/reservations-store.test.ts [2m([22m[2m14 tests[22m[2m)[22m[32m 12[2mms[22m[39m
[90mstderr[2m | server/research/affiliates/v2/unenforced-flags.test.ts[2m > [22m[2mthe real application exposes no affiliate surface[2m > [22m[2manswers 404 on every affiliate path even with all four flags true
[22m[39m[early-access] Private Early Access is using the in-memory session store. This is for tests and local development only and does not survive a restart.

 [32m✓[39m server/research/affiliates/v2/unenforced-flags.test.ts [2m([22m[2m22 tests[22m[2m)[22m[32m 45[2mms[22m[39m
[90mstderr[2m | client/src/research/payments/payments-ui.test.tsx[2m > [22m[2mthe customer payment panel[2m > [22m[2mshows the amount from the server, formatted
[22m[39mThe current testing environment is not configured to support act(...)

[90mstderr[2m | client/src/research/payments/payments-ui.test.tsx[2m > [22m[2mthe customer payment panel[2m > [22m[2mshows the amount from the server, formatted
[22m[39mThe current testing environment is not configured to support act(...)

[90mstderr[2m | client/src/research/payments/payments-ui.test.tsx[2m > [22m[2mthe customer payment panel[2m > [22m[2mshows an honest empty state when no payment exists
[22m[39mThe current testing environment is not configured to support act(...)

[90mstderr[2m | client/src/research/payments/payments-ui.test.tsx[2m > [22m[2mthe customer payment panel[2m > [22m[2mshows an honest empty state when no payment exists
[22m[39mThe current testing environment is not configured to support act(...)

[90mstderr[2m | client/src/research/payments/payments-ui.test.tsx[2m > [22m[2mthe customer payment panel[2m > [22m[2mnever renders $0.00 for any state
[22m[39mThe current testing environment is not configured to support act(...)
The current testing environment is not configured to support act(...)
The current testing environment is not configured to support act(...)
The current testing environment is not configured to support act(...)
The current testing environment is not configured to support act(...)
The current testing environment is not configured to support act(...)
The current testing environment is not configured to support act(...)
The current testing environment is not configured to support act(...)

[90mstderr[2m | client/src/research/payments/payments-ui.test.tsx[2m > [22m[2mthe customer payment panel[2m > [22m[2mnever renders $0.00 for any state
[22m[39mThe current testing environment is not configured to support act(...)

[90mstderr[2m | client/src/research/payments/payments-ui.test.tsx[2m > [22m[2mthe customer payment panel[2m > [22m[2mnever calls an unverified claim a payment
[22m[39mThe current testing environment is not configured to support act(...)

[90mstderr[2m | client/src/research/payments/payments-ui.test.tsx[2m > [22m[2mthe customer payment panel[2m > [22m[2mnever calls an unverified claim a payment
[22m[39mThe current testing environment is not configured to support act(...)

[90mstderr[2m | client/src/research/payments/payments-ui.test.tsx[2m > [22m[2mthe customer payment panel[2m > [22m[2mrenders the server's next action rather than re-deriving one
[22m[39mThe current testing environment is not configured to support act(...)

[90mstderr[2m | client/src/research/payments/payments-ui.test.tsx[2m > [22m[2mthe customer payment panel[2m > [22m[2mrenders the server's next action rather than re-deriving one
[22m[39mThe current testing environment is not configured to support act(...)

[90mstderr[2m | client/src/research/payments/payments-ui.test.tsx[2m > [22m[2mthe customer payment panel[2m > [22m[2moffers the claim button only when the customer can actually pay
[22m[39mThe current testing environment is not configured to support act(...)
The current testing environment is not configured to support act(...)
The current testing environment is not configured to support act(...)
The current testing environment is not configured to support act(...)
The current testing environment is not configured to support act(...)
The current testing environment is not configured to support act(...)
The current testing environment is not configured to support act(...)
The current testing environment is not configured to support act(...)

[90mstderr[2m | client/src/research/payments/payments-ui.test.tsx[2m > [22m[2mthe customer payment panel[2m > [22m[2moffers the claim button only when the customer can actually pay
[22m[39mThe current testing environment is not configured to support act(...)

[90mstderr[2m | client/src/research/payments/payments-ui.test.tsx[2m > [22m[2mthe customer payment panel[2m > [22m[2mhides instructions the server did not send
[22m[39mThe current testing environment is not configured to support act(...)

[90mstderr[2m | client/src/research/payments/payments-ui.test.tsx[2m > [22m[2mthe customer payment panel[2m > [22m[2mhides instructions the server did not send
[22m[39mThe current testing environment is not configured to support act(...)

[90mstderr[2m | client/src/research/payments/payments-ui.test.tsx[2m > [22m[2mthe customer payment panel[2m > [22m[2mrenders instructions the server did send
[22m[39mThe current testing environment is not configured to support act(...)

[90mstderr[2m | client/src/research/payments/payments-ui.test.tsx[2m > [22m[2mthe customer payment panel[2m > [22m[2mrenders instructions the server did send
[22m[39mThe current testing environment is not configured to support act(...)

[90mstderr[2m | client/src/research/payments/payments-ui.test.tsx[2m > [22m[2mthe admin conversion panel[2m > [22m[2mnever offers mark-paid without the verification grant
[22m[39mThe current testing environment is not configured to support act(...)

[90mstderr[2m | client/src/research/payments/payments-ui.test.tsx[2m > [22m[2mthe admin conversion panel[2m > [22m[2mnever offers mark-paid without the verification grant
[22m[39mThe current testing environment is not configured to support act(...)

[90mstderr[2m | client/src/research/payments/payments-ui.test.tsx[2m > [22m[2mthe admin conversion panel[2m > [22m[2moffers mark-paid to a grant holder in review
[22m[39mThe current testing environment is not configured to support act(...)

[90mstderr[2m | client/src/research/payments/payments-ui.test.tsx[2m > [22m[2mthe admin conversion panel[2m > [22m[2moffers mark-paid to a grant holder in review
[22m[39mThe current testing environment is not configured to support act(...)

[90mstderr[2m | client/src/research/payments/payments-ui.test.tsx[2m > [22m[2mthe admin conversion panel[2m > [22m[2mnever offers mark-paid from a state the server refuses
[22m[39mThe current testing environment is not configured to support act(...)
The current testing environment is not configured to support act(...)
The current testing environment is not configured to support act(...)
The current testing environment is not configured to support act(...)
The current testing environment is not configured to support act(...)

[90mstderr[2m | client/src/research/payments/payments-ui.test.tsx[2m > [22m[2mthe admin conversion panel[2m > [22m[2mnever offers mark-paid from a state the server refuses
[22m[39mThe current testing environment is not configured to support act(...)

[90mstderr[2m | client/src/research/payments/payments-ui.test.tsx[2m > [22m[2mthe admin conversion panel[2m > [22m[2mdisables every action for a viewer without manage
[22m[39mThe current testing environment is not configured to support act(...)

[90mstderr[2m | client/src/research/payments/payments-ui.test.tsx[2m > [22m[2mthe admin conversion panel[2m > [22m[2mdisables every action for a viewer without manage
[22m[39mThe current testing environment is not configured to support act(...)

[90mstderr[2m | client/src/research/payments/payments-ui.test.tsx[2m > [22m[2mthe admin conversion panel[2m > [22m[2mrefuses to offer conversion until the money is real
[22m[39mThe current testing environment is not configured to support act(...)
The current testing environment is not configured to support act(...)
The current testing environment is not configured to support act(...)
The current testing environment is not configured to support act(...)
The current testing environment is not configured to support act(...)
The current testing environment is not configured to support act(...)
The current testing environment is not configured to support act(...)
The current testing environment is not configured to support act(...)

[90mstderr[2m | client/src/research/payments/payments-ui.test.tsx[2m > [22m[2mthe admin conversion panel[2m > [22m[2mrefuses to offer conversion until the money is real
[22m[39mThe current testing environment is not configured to support act(...)

[90mstderr[2m | client/src/research/payments/payments-ui.test.tsx[2m > [22m[2mthe admin conversion panel[2m > [22m[2mexplains why an unpaid request cannot be converted
[22m[39mThe current testing environment is not configured to support act(...)

[90mstderr[2m | client/src/research/payments/payments-ui.test.tsx[2m > [22m[2mthe admin conversion panel[2m > [22m[2mexplains why an unpaid request cannot be converted
[22m[39mThe current testing environment is not configured to support act(...)

[90mstderr[2m | client/src/research/payments/payments-ui.test.tsx[2m > [22m[2mthe admin conversion panel[2m > [22m[2mstops offering conversion once an order exists
[22m[39mThe current testing environment is not configured to support act(...)

[90mstderr[2m | client/src/research/payments/payments-ui.test.tsx[2m > [22m[2mthe admin conversion panel[2m > [22m[2mstops offering conversion once an order exists
[22m[39mThe current testing environment is not configured to support act(...)

[90mstderr[2m | client/src/research/payments/payments-ui.test.tsx[2m > [22m[2mthe admin conversion panel[2m > [22m[2mmarks a filed claim as unverified, and shows no verified amount
[22m[39mThe current testing environment is not configured to support act(...)

[90mstderr[2m | client/src/research/payments/payments-ui.test.tsx[2m > [22m[2mthe admin conversion panel[2m > [22m[2mmarks a filed claim as unverified, and shows no verified amount
[22m[39mThe current testing environment is not configured to support act(...)

[90mstderr[2m | client/src/research/payments/payments-ui.test.tsx[2m > [22m[2mthe admin conversion panel[2m > [22m[2mnames the verifier once money is real
[22m[39mThe current testing environment is not configured to support act(...)

[90mstderr[2m | client/src/research/payments/payments-ui.test.tsx[2m > [22m[2mthe admin conversion panel[2m > [22m[2mnames the verifier once money is real
[22m[39mThe current testing environment is not configured to support act(...)

[90mstderr[2m | client/src/research/payments/payments-ui.test.tsx[2m > [22m[2mthe admin conversion panel[2m > [22m[2mshows the exception reason to an operator
[22m[39mThe current testing environment is not configured to support act(...)

[90mstderr[2m | client/src/research/payments/payments-ui.test.tsx[2m > [22m[2mthe admin conversion panel[2m > [22m[2mshows the exception reason to an operator
[22m[39mThe current testing environment is not configured to support act(...)

 [32m✓[39m client/src/research/payments/payments-ui.test.tsx [2m([22m[2m18 tests[22m[2m)[22m[32m 185[2mms[22m[39m
 [32m✓[39m server/research/buyer-commerce/product-control-catalog.test.ts [2m([22m[2m5 tests[22m[2m)[22m[32m 12[2mms[22m[39m
 [32m✓[39m server/research/admin-crm-supplier-operations/composite-repository.test.ts [2m([22m[2m9 tests[22m[2m)[22m[32m 20[2mms[22m[39m
 [32m✓[39m server/care/access.test.ts [2m([22m[2m97 tests[22m[2m)[22m[32m 107[2mms[22m[39m
 [32m✓[39m server/care/review-routes.test.ts [2m([22m[2m24 tests[22m[2m)[22m[32m 107[2mms[22m[39m
 [32m✓[39m server/research/early-access/identity/identity-verification.test.ts [2m([22m[2m15 tests[22m[2m)[22m[32m 13[2mms[22m[39m
 [32m✓[39m server/research/early-access/commerce/invoice-service.test.ts [2m([22m[2m13 tests[22m[2m)[22m[32m 19[2mms[22m[39m
 [32m✓[39m server/care/tebra-route.test.ts [2m([22m[2m12 tests[22m[2m)[22m[32m 60[2mms[22m[39m
 [32m✓[39m shared/research/early-access-payment-options.test.ts [2m([22m[2m14 tests[22m[2m)[22m[32m 12[2mms[22m[39m
 [32m✓[39m server/research/early-access/cart/shipping-sla-composition.test.ts [2m([22m[2m13 tests[22m[2m)[22m[32m 15[2mms[22m[39m
 [32m✓[39m server/care/review-detail.test.ts [2m([22m[2m11 tests[22m[2m)[22m[32m 17[2mms[22m[39m
 [32m✓[39m server/research/early-access/commerce/supplier-release.test.ts [2m([22m[2m19 tests[22m[2m)[22m[32m 24[2mms[22m[39m
 [32m✓[39m server/research/early-access/commerce/early-access-order.test.ts [2m([22m[2m22 tests[22m[2m)[22m[32m 20[2mms[22m[39m
 [32m✓[39m server/research/product-activation/catalog-projection.test.ts [2m([22m[2m12 tests[22m[2m)[22m[32m 18[2mms[22m[39m
 [32m✓[39m server/research/membership-activation/renewals.test.ts [2m([22m[2m19 tests[22m[2m)[22m[32m 24[2mms[22m[39m
 [32m✓[39m server/research/membership-activation/identity-documents.test.ts [2m([22m[2m24 tests[22m[2m)[22m[32m 17[2mms[22m[39m
 [32m✓[39m server/research/pricing/quantum-activation-readiness.test.ts [2m([22m[2m25 tests[22m[2m)[22m[32m 14[2mms[22m[39m
 [32m✓[39m server/research/pricing/order-price-snapshot.test.ts [2m([22m[2m12 tests[22m[2m)[22m[32m 15[2mms[22m[39m
 [32m✓[39m server/research/membership-activation/scheduler.test.ts [2m([22m[2m12 tests[22m[2m)[22m[32m 20[2mms[22m[39m
 [32m✓[39m server/research/membership-activation/esign/native-commit.test.ts [2m([22m[2m15 tests[22m[2m)[22m[32m 14[2mms[22m[39m
 [2m[90m↓[39m[22m server/research/master-offerings/catalog-revision-real-workbook.test.ts [2m([22m[2m12 tests[22m[2m | [22m[33m12 skipped[39m[2m)[22m
 [32m✓[39m server/research/pricing/subscription-price-validation.test.ts [2m([22m[2m10 tests[22m[2m)[22m[32m 12[2mms[22m[39m
 [32m✓[39m server/research/early-access/cart/commission.test.ts [2m([22m[2m10 tests[22m[2m)[22m[32m 8[2mms[22m[39m
 [32m✓[39m server/research/early-access/cart/m64-shipping-commitments-sql.test.ts [2m([22m[2m19 tests[22m[2m)[22m[32m 11[2mms[22m[39m
[90mstderr[2m | server/research/early-access/routes/ops-doors.test.ts[2m > [22m[2mthe manual operations doors, end to end through the real registration[2m > [22m[2mapprove, request, deliver, verify, bind, and buy: the whole first-customer path
[22m[39m[early-access] Private Early Access is using the in-memory session store. This is for tests and local development only and does not survive a restart.

[90mstderr[2m | server/research/early-access/routes/ops-doors.test.ts[2m > [22m[2mthe manual operations doors, end to end through the real registration[2m > [22m[2ma stranger's session cannot redeem the customer's token
[22m[39m[early-access] Private Early Access is using the in-memory session store. This is for tests and local development only and does not survive a restart.

[90mstderr[2m | server/research/early-access/routes/ops-doors.test.ts[2m > [22m[2mthe manual operations doors, end to end through the real registration[2m > [22m[2man unknown email answers 202 identically and mints nothing
[22m[39m[early-access] Private Early Access is using the in-memory session store. This is for tests and local development only and does not survive a restart.

[90mstderr[2m | server/research/early-access/routes/ops-doors.test.ts[2m > [22m[2mthe manual operations doors, end to end through the real registration[2m > [22m[2mrecords a supplier confirmation and a hold through the admin doors, actor from the guard
[22m[39m[early-access] Private Early Access is using the in-memory session store. This is for tests and local development only and does not survive a restart.

 [32m✓[39m server/research/early-access/routes/ops-doors.test.ts [2m([22m[2m4 tests[22m[2m)[22m[32m 279[2mms[22m[39m
 [32m✓[39m server/research/early-access/release/quantity-authority.test.ts [2m([22m[2m6 tests[22m[2m)[22m[32m 8[2mms[22m[39m
[90mstderr[2m | server/research/early-access/routes/milestone-order-execution.test.ts[2m > [22m[2mMILESTONE: one real order executed end to end[2m > [22m[2mreaches invoice, payment reference and submitted proof with the order still unpaid
[22m[39m[early-access] Private Early Access is using the in-memory session store. This is for tests and local development only and does not survive a restart.

[90mstdout[2m | server/research/early-access/routes/milestone-order-execution.test.ts[2m > [22m[2mMILESTONE: one real order executed end to end[2m > [22m[2mreaches invoice, payment reference and submitted proof with the order still unpaid
[22m[39m
MILESTONE ORDER EXECUTED
  order number      XEA-0000000000000001
  unit price        5600 (founder-approved)
  quantity          3
  subtotal          16800
  discount          3360
  payable total     13440 USD
  promotion         early-access-bundle-3 @ 11d6be483e32819a4dfff57aeed775da512e61a9f6d7a3ffbb5b7a303de8f590
  invoice           HTTP 200
  proof             HTTP 202
  payment state     under_review
  settlement        none (correct)


 [32m✓[39m server/research/early-access/routes/milestone-order-execution.test.ts [2m([22m[2m1 test[22m[2m)[22m[32m 106[2mms[22m[39m
 [32m✓[39m server/research/commerce/order-payment-fulfillment-compatibility.test.ts [2m([22m[2m6 tests[22m[2m)[22m[32m 20[2mms[22m[39m
 [32m✓[39m server/research/early-access/proof/internal-order-email.test.ts [2m([22m[2m12 tests[22m[2m)[22m[32m 10[2mms[22m[39m
 [32m✓[39m server/research/membership-activation/esign/signing.test.ts [2m([22m[2m15 tests[22m[2m)[22m[32m 14[2mms[22m[39m
 [32m✓[39m server/research/early-access/notifications/admin-fulfillment-lane.test.ts [2m([22m[2m11 tests[22m[2m)[22m[32m 14[2mms[22m[39m
 [32m✓[39m server/research/membership-activation/persistence/payment-methods-store.test.ts [2m([22m[2m12 tests[22m[2m)[22m[32m 19[2mms[22m[39m
 [32m✓[39m server/research/membership-activation/persistence/identity-store.test.ts [2m([22m[2m22 tests[22m[2m)[22m[32m 23[2mms[22m[39m
 [32m✓[39m server/research/early-access/orders/cart-order-history.test.ts [2m([22m[2m20 tests[22m[2m)[22m[32m 14[2mms[22m[39m
 [32m✓[39m server/research/partners/portal-production.test.ts [2m([22m[2m14 tests[22m[2m)[22m[32m 14[2mms[22m[39m
 [32m✓[39m server/research/kris-launch-a/launch-a-catalog.test.ts [2m([22m[2m25 tests[22m[2m)[22m[32m 71[2mms[22m[39m
 [32m✓[39m server/research/partners/referral-capture-routes.test.ts [2m([22m[2m13 tests[22m[2m)[22m[32m 15[2mms[22m[39m
 [32m✓[39m client/src/research/master-offerings/product-route-cart-wiring.test.tsx [2m([22m[2m10 tests[22m[2m)[22m[32m 133[2mms[22m[39m
 [32m✓[39m server/research/commerce/persistence/persistent-cart.test.ts [2m([22m[2m12 tests[22m[2m)[22m[32m 14[2mms[22m[39m
[90mstderr[2m | client/src/research/early-access/catalog-contract.test.tsx[2m > [22m[2mcatalogue contract: real route, real adapter, real grid[2m > [22m[2mtreats an unauthenticated request as locked, never as an empty catalogue
[22m[39m[early-access] Private Early Access is using the in-memory session store. This is for tests and local development only and does not survive a restart.

[90mstderr[2m | client/src/research/early-access/catalog-contract.test.tsx[2m > [22m[2mcatalogue contract: real route, real adapter, real grid[2m > [22m[2mtreats a missing endpoint as a fault, never as an empty catalogue
[22m[39m[early-access] Private Early Access is using the in-memory session store. This is for tests and local development only and does not survive a restart.

[90mstderr[2m | client/src/research/early-access/catalog-contract.test.tsx[2m > [22m[2mcatalogue contract: real route, real adapter, real grid[2m > [22m[2mtreats a real response of the wrong shape as unreadable
[22m[39m[early-access] Private Early Access is using the in-memory session store. This is for tests and local development only and does not survive a restart.

[90mstderr[2m | client/src/research/early-access/catalog-contract.test.tsx[2m > [22m[2mcatalogue contract: real route, real adapter, real grid[2m > [22m[2mrenders exactly what the real endpoint returns, and nothing it did not
[22m[39m[early-access] Private Early Access is using the in-memory session store. This is for tests and local development only and does not survive a restart.

[90mstdout[2m | client/src/research/early-access/catalog-contract.test.tsx[2m > [22m[2mcatalogue contract: real route, real adapter, real grid[2m > [22m[2mrenders exactly what the real endpoint returns, and nothing it did not
[22m[39m
CATALOGUE CONTRACT: /api/research/early-access/catalog -> HTTP 503
  body: {"ok":false,"code":"unavailable"}


[90mstdout[2m | client/src/research/early-access/catalog-contract.test.tsx[2m > [22m[2mcatalogue contract: real route, real adapter, real grid[2m > [22m[2mrenders exactly what the real endpoint returns, and nothing it did not
[22m[39m
CATALOGUE CONTRACT: server not yet returning rows -> {"kind":"error","message":"server 503"}
  expected once the server slice lands: kind=ok, received=22, dropped=0, 22 cards


[90mstderr[2m | client/src/research/early-access/catalog-contract.test.tsx[2m > [22m[2mcatalogue contract: real route, real adapter, real grid[2m > [22m[2mrenders exactly what the real endpoint returns, and nothing it did not
[22m[39mThe current testing environment is not configured to support act(...)

[90mstderr[2m | client/src/research/early-access/catalog-contract.test.tsx[2m > [22m[2mcatalogue contract: real route, real adapter, real grid[2m > [22m[2mrenders exactly what the real endpoint returns, and nothing it did not
[22m[39mThe current testing environment is not configured to support act(...)

 [32m✓[39m client/src/research/early-access/catalog-contract.test.tsx [2m([22m[2m4 tests[22m[2m)[22m[32m 174[2mms[22m[39m
 [32m✓[39m server/research/products-diagnostics/product-control-price-resolver.strength-guard.test.ts [2m([22m[2m13 tests[22m[2m)[22m[32m 18[2mms[22m[39m
 [32m✓[39m server/research/early-access/release/first-release-review.test.ts [2m([22m[2m16 tests[22m[2m)[22m[32m 76[2mms[22m[39m
[90mstderr[2m | client/src/research/early-access/EarlyAccessCompactCatalogue.test.tsx[2m > [22m[2mthe compact catalogue serves the live opening set[2m > [22m[2mrenders all 22 units the server sent
[22m[39mThe current testing environment is not configured to support act(...)

[90mstderr[2m | client/src/research/early-access/EarlyAccessCompactCatalogue.test.tsx[2m > [22m[2mthe compact catalogue serves the live opening set[2m > [22m[2mrenders all 22 units the server sent
[22m[39mThe current testing environment is not configured to support act(...)

[90mstderr[2m | client/src/research/early-access/EarlyAccessCompactCatalogue.test.tsx[2m > [22m[2mthe compact catalogue serves the live opening set[2m > [22m[2mcounts 22 / 18 / 4 on the filters, from the server state alone
[22m[39mThe current testing environment is not configured to support act(...)

[90mstderr[2m | client/src/research/early-access/EarlyAccessCompactCatalogue.test.tsx[2m > [22m[2mthe compact catalogue serves the live opening set[2m > [22m[2mcounts 22 / 18 / 4 on the filters, from the server state alone
[22m[39mThe current testing environment is not configured to support act(...)

[90mstderr[2m | client/src/research/early-access/EarlyAccessCompactCatalogue.test.tsx[2m > [22m[2mthe compact catalogue serves the live opening set[2m > [22m[2mshows the fulfillment sentence EXACTLY ONCE for the whole catalogue
[22m[39mThe current testing environment is not configured to support act(...)

[90mstderr[2m | client/src/research/early-access/EarlyAccessCompactCatalogue.test.tsx[2m > [22m[2mthe compact catalogue serves the live opening set[2m > [22m[2mshows the fulfillment sentence EXACTLY ONCE for the whole catalogue
[22m[39mThe current testing environment is not configured to support act(...)

[90mstderr[2m | client/src/research/early-access/EarlyAccessCompactCatalogue.test.tsx[2m > [22m[2mfilters read the server's availability and never recompute it[2m > [22m[2mAvailable shows the 18 the server marked purchasable
[22m[39mThe current testing environment is not configured to support act(...)

[90mstderr[2m | client/src/research/early-access/EarlyAccessCompactCatalogue.test.tsx[2m > [22m[2mfilters read the server's availability and never recompute it[2m > [22m[2mAvailable shows the 18 the server marked purchasable
[22m[39mThe current testing environment is not configured to support act(...)

[90mstderr[2m | client/src/research/early-access/EarlyAccessCompactCatalogue.test.tsx[2m > [22m[2mfilters read the server's availability and never recompute it[2m > [22m[2mAvailable shows the 18 the server marked purchasable
[22m[39mThe current testing environment is not configured to support act(...)

[90mstderr[2m | client/src/research/early-access/EarlyAccessCompactCatalogue.test.tsx[2m > [22m[2mfilters read the server's availability and never recompute it[2m > [22m[2mHeld shows the 4, including founder-held Cagrilintide
[22m[39mThe current testing environment is not configured to support act(...)

[90mstderr[2m | client/src/research/early-access/EarlyAccessCompactCatalogue.test.tsx[2m > [22m[2mfilters read the server's availability and never recompute it[2m > [22m[2mHeld shows the 4, including founder-held Cagrilintide
[22m[39mThe current testing environment is not configured to support act(...)

[90mstderr[2m | client/src/research/early-access/EarlyAccessCompactCatalogue.test.tsx[2m > [22m[2mfilters read the server's availability and never recompute it[2m > [22m[2mHeld shows the 4, including founder-held Cagrilintide
[22m[39mThe current testing environment is not configured to support act(...)

[90mstderr[2m | client/src/research/early-access/EarlyAccessCompactCatalogue.test.tsx[2m > [22m[2mfilters read the server's availability and never recompute it[2m > [22m[2mtreats a unit the server held as held even if it carries a price
[22m[39mThe current testing environment is not configured to support act(...)

[90mstderr[2m | client/src/research/early-access/EarlyAccessCompactCatalogue.test.tsx[2m > [22m[2mfilters read the server's availability and never recompute it[2m > [22m[2mtreats a unit the server held as held even if it carries a price
[22m[39mThe current testing environment is not configured to support act(...)

[90mstderr[2m | client/src/research/early-access/EarlyAccessCompactCatalogue.test.tsx[2m > [22m[2mfilters read the server's availability and never recompute it[2m > [22m[2mtreats a unit the server held as held even if it carries a price
[22m[39mThe current testing environment is not configured to support act(...)

[90mstderr[2m | client/src/research/early-access/EarlyAccessCompactCatalogue.test.tsx[2m > [22m[2msearch runs over what the server already sent[2m > [22m[2mfilters the rendered units
[22m[39mThe current testing environment is not configured to support act(...)

[90mstderr[2m | client/src/research/early-access/EarlyAccessCompactCatalogue.test.tsx[2m > [22m[2msearch runs over what the server already sent[2m > [22m[2mfilters the rendered units
[22m[39mThe current testing environment is not configured to support act(...)

[90mstderr[2m | client/src/research/early-access/EarlyAccessCompactCatalogue.test.tsx[2m > [22m[2msearch runs over what the server already sent[2m > [22m[2mfilters the rendered units
[22m[39mThe current testing environment is not configured to support act(...)

[90mstderr[2m | client/src/research/early-access/EarlyAccessCompactCatalogue.test.tsx[2m > [22m[2msearch runs over what the server already sent[2m > [22m[2mdoes NOT refetch the catalogue while typing
[22m[39mThe current testing environment is not configured to support act(...)

[90mstderr[2m | client/src/research/early-access/EarlyAccessCompactCatalogue.test.tsx[2m > [22m[2msearch runs over what the server already sent[2m > [22m[2mdoes NOT refetch the catalogue while typing
[22m[39mThe current testing environment is not configured to support act(...)

[90mstderr[2m | client/src/research/early-access/EarlyAccessCompactCatalogue.test.tsx[2m > [22m[2msearch runs over what the server already sent[2m > [22m[2mdoes NOT refetch the catalogue while typing
[22m[39mThe current testing environment is not configured to support act(...)
The current testing environment is not configured to support act(...)

[90mstderr[2m | client/src/research/early-access/EarlyAccessCompactCatalogue.test.tsx[2m > [22m[2msearch runs over what the server already sent[2m > [22m[2msays so explicitly when nothing matches, rather than showing a bare grid
[22m[39mThe current testing environment is not configured to support act(...)

[90mstderr[2m | client/src/research/early-access/EarlyAccessCompactCatalogue.test.tsx[2m > [22m[2msearch runs over what the server already sent[2m > [22m[2msays so explicitly when nothing matches, rather than showing a bare grid
[22m[39mThe current testing environment is not configured to support act(...)

[90mstderr[2m | client/src/research/early-access/EarlyAccessCompactCatalogue.test.tsx[2m > [22m[2msearch runs over what the server already sent[2m > [22m[2msays so explicitly when nothing matches, rather than showing a bare grid
[22m[39mThe current testing environment is not configured to support act(...)

[90mstderr[2m | client/src/research/early-access/EarlyAccessCompactCatalogue.test.tsx[2m > [22m[2ma held card offers nothing to buy[2m > [22m[2mshows no price
[22m[39mThe current testing environment is not configured to support act(...)

[90mstderr[2m | client/src/research/early-access/EarlyAccessCompactCatalogue.test.tsx[2m > [22m[2ma held card offers nothing to buy[2m > [22m[2mshows no price
[22m[39mThe current testing environment is not configured to support act(...)

[90mstderr[2m | client/src/research/early-access/EarlyAccessCompactCatalogue.test.tsx[2m > [22m[2ma held card offers nothing to buy[2m > [22m[2mshows no quantity control
[22m[39mThe current testing environment is not configured to support act(...)

[90mstderr[2m | client/src/research/early-access/EarlyAccessCompactCatalogue.test.tsx[2m > [22m[2ma held card offers nothing to buy[2m > [22m[2mshows no quantity control
[22m[39mThe current testing environment is not configured to support act(...)

[90mstderr[2m | client/src/research/early-access/EarlyAccessCompactCatalogue.test.tsx[2m > [22m[2ma held card offers nothing to buy[2m > [22m[2mshows no purchase action, not even a disabled one
[22m[39mThe current testing environment is not configured to support act(...)

[90mstderr[2m | client/src/research/early-access/EarlyAccessCompactCatalogue.test.tsx[2m > [22m[2ma held card offers nothing to buy[2m > [22m[2mshows no purchase action, not even a disabled one
[22m[39mThe current testing environment is not configured to support act(...)

[90mstderr[2m | client/src/research/early-access/EarlyAccessCompactCatalogue.test.tsx[2m > [22m[2man available card sells only what the server priced[2m > [22m[2mshows NAD+ 1000 mg at the server's 10075
[22m[39mThe current testing environment is not configured to support act(...)

[90mstderr[2m | client/src/research/early-access/EarlyAccessCompactCatalogue.test.tsx[2m > [22m[2man available card sells only what the server priced[2m > [22m[2mshows NAD+ 1000 mg at the server's 10075
[22m[39mThe current testing environment is not configured to support act(...)

[90mstderr[2m | client/src/research/early-access/EarlyAccessCompactCatalogue.test.tsx[2m > [22m[2man available card sells only what the server priced[2m > [22m[2mcan be selected and removed, and the bar counts it
[22m[39mThe current testing environment is not configured to support act(...)

[90mstderr[2m | client/src/research/early-access/EarlyAccessCompactCatalogue.test.tsx[2m > [22m[2man available card sells only what the server priced[2m > [22m[2mcan be selected and removed, and the bar counts it
[22m[39mThe current testing environment is not configured to support act(...)

[90mstderr[2m | client/src/research/early-access/EarlyAccessCompactCatalogue.test.tsx[2m > [22m[2man available card sells only what the server priced[2m > [22m[2mcan be selected and removed, and the bar counts it
[22m[39mThe current testing environment is not configured to support act(...)
The current testing environment is not configured to support act(...)

[90mstderr[2m | client/src/research/early-access/EarlyAccessCompactCatalogue.test.tsx[2m > [22m[2man available card sells only what the server priced[2m > [22m[2mthe selection bar states a COUNT and never a computed total
[22m[39mThe current testing environment is not configured to support act(...)

[90mstderr[2m | client/src/research/early-access/EarlyAccessCompactCatalogue.test.tsx[2m > [22m[2man available card sells only what the server priced[2m > [22m[2mthe selection bar states a COUNT and never a computed total
[22m[39mThe current testing environment is not configured to support act(...)

[90mstderr[2m | client/src/research/early-access/EarlyAccessCompactCatalogue.test.tsx[2m > [22m[2man available card sells only what the server priced[2m > [22m[2mthe selection bar states a COUNT and never a computed total
[22m[39mThe current testing environment is not configured to support act(...)

[90mstderr[2m | client/src/research/early-access/EarlyAccessCompactCatalogue.test.tsx[2m > [22m[2mproduct descriptions stay the server's[2m > [22m[2mrenders exactly what the server sent
[22m[39mThe current testing environment is not configured to support act(...)

[90mstderr[2m | client/src/research/early-access/EarlyAccessCompactCatalogue.test.tsx[2m > [22m[2mproduct descriptions stay the server's[2m > [22m[2mrenders exactly what the server sent
[22m[39mThe current testing environment is not configured to support act(...)

[90mstderr[2m | client/src/research/early-access/EarlyAccessCompactCatalogue.test.tsx[2m > [22m[2mproduct descriptions stay the server's[2m > [22m[2mrenders NOTHING when the server sent an empty description
[22m[39mThe current testing environment is not configured to support act(...)

[90mstderr[2m | client/src/research/early-access/EarlyAccessCompactCatalogue.test.tsx[2m > [22m[2mproduct descriptions stay the server's[2m > [22m[2mrenders NOTHING when the server sent an empty description
[22m[39mThe current testing environment is not configured to support act(...)

 [32m✓[39m client/src/research/early-access/EarlyAccessCompactCatalogue.test.tsx [2m([22m[2m17 tests[22m[2m)[22m[33m 1050[2mms[22m[39m
 [32m✓[39m client/src/research/adapters/earlyAccessAgreement.test.ts [2m([22m[2m17 tests[22m[2m)[22m[32m 12[2mms[22m[39m
 [32m✓[39m server/research/early-access/catalog/early-access-product-descriptor.test.ts [2m([22m[2m17 tests[22m[2m)[22m[32m 33[2mms[22m[39m
 [32m✓[39m server/research/early-access/durable-unlock-route.test.ts [2m([22m[2m5 tests[22m[2m)[22m[33m 1105[2mms[22m[39m
 [32m✓[39m client/src/research/catalog-display/ProductDetail.test.tsx [2m([22m[2m15 tests[22m[2m)[22m[32m 226[2mms[22m[39m
 [32m✓[39m client/src/research/pages/sign-in.test.tsx [2m([22m[2m13 tests[22m[2m)[22m[33m 369[2mms[22m[39m
 [32m✓[39m shared/research/catalog/offer-readiness.test.ts [2m([22m[2m21 tests[22m[2m)[22m[32m 111[2mms[22m[39m
 [32m✓[39m client/src/research/pages/public-brand-pages.test.tsx [2m([22m[2m17 tests[22m[2m)[22m[33m 779[2mms[22m[39m
 [32m✓[39m server/research/fulfillment/service.test.ts [2m([22m[2m15 tests[22m[2m)[22m[32m 22[2mms[22m[39m
 [32m✓[39m client/src/research/master-offerings/accessibility.test.tsx [2m([22m[2m9 tests[22m[2m)[22m[33m 425[2mms[22m[39m
 [32m✓[39m client/src/research/pages/lot-lookup.test.tsx [2m([22m[2m10 tests[22m[2m)[22m[33m 432[2mms[22m[39m
 [32m✓[39m server/research/master-offerings/logical-identity.test.ts [2m([22m[2m14 tests[22m[2m)[22m[32m 31[2mms[22m[39m
 [32m✓[39m server/research/early-access/proof/route.test.ts [2m([22m[2m14 tests[22m[2m)[22m[32m 15[2mms[22m[39m
 [32m✓[39m client/src/research/master-offerings/url-state.test.tsx [2m([22m[2m6 tests[22m[2m)[22m[33m 374[2mms[22m[39m
 [32m✓[39m server/research/assisted-order/communications.test.ts [2m([22m[2m12 tests[22m[2m)[22m[32m 9[2mms[22m[39m
 [32m✓[39m server/research/early-access/notifications/early-access-email.test.ts [2m([22m[2m26 tests[22m[2m)[22m[32m 23[2mms[22m[39m
 [32m✓[39m server/research/inventory/lots.test.ts [2m([22m[2m28 tests[22m[2m)[22m[32m 15[2mms[22m[39m
 [32m✓[39m server/research/client-import/importer.test.ts [2m([22m[2m19 tests[22m[2m)[22m[32m 24[2mms[22m[39m
 [32m✓[39m shared/research/catalog/brand-copy.test.ts [2m([22m[2m19 tests[22m[2m)[22m[32m 41[2mms[22m[39m
 [32m✓[39m server/research/pricing/bulk-catalog-pricing-source.test.ts [2m([22m[2m12 tests[22m[2m)[22m[32m 12[2mms[22m[39m
 [32m✓[39m server/research/account-identity/kris-buyer-price-sheet.test.ts [2m([22m[2m22 tests[22m[2m)[22m[32m 59[2mms[22m[39m
 [32m✓[39m server/research/partners/assisted-order-attribution.test.ts [2m([22m[2m6 tests[22m[2m)[22m[32m 13[2mms[22m[39m
 [32m✓[39m server/research/pricing/request-scoped-product-source.test.ts [2m([22m[2m6 tests[22m[2m)[22m[32m 11[2mms[22m[39m
 [32m✓[39m server/research/early-access/legal/package-manifest.test.ts [2m([22m[2m16 tests[22m[2m)[22m[32m 11[2mms[22m[39m
 [32m✓[39m server/research/commerce/production-deps.test.ts [2m([22m[2m14 tests[22m[2m)[22m[32m 96[2mms[22m[39m
 [32m✓[39m shared/research/early-access/customer-pathway.test.ts [2m([22m[2m16 tests[22m[2m)[22m[32m 11[2mms[22m[39m
 [32m✓[39m client/src/research/products-diagnostics/RequiredInputState.test.tsx [2m([22m[2m12 tests[22m[2m)[22m[32m 128[2mms[22m[39m
 [32m✓[39m client/src/research/kris-launch-a/url-state.test.tsx [2m([22m[2m7 tests[22m[2m)[22m[33m 1074[2mms[22m[39m
     [33m[2m✓[22m[39m writes every control into the address bar, and the reload comes back identical [33m 507[2mms[22m[39m
 [32m✓[39m server/research/master-offerings/pricing-grant-boundary.test.ts [2m([22m[2m8 tests[22m[2m)[22m[32m 125[2mms[22m[39m
 [32m✓[39m server/research/security/function-search-path-hardening.test.ts [2m([22m[2m8 tests[22m[2m)[22m[32m 14[2mms[22m[39m
 [32m✓[39m server/request-logging.test.ts [2m([22m[2m20 tests[22m[2m)[22m[32m 44[2mms[22m[39m
[90mstderr[2m | client/src/research/ui/kit.test.tsx[2m > [22m[2mresearch ui kit[2m > [22m[2mcapability boundary renders children only when enabled, a truthful pending panel otherwise
[22m[39mThe current testing environment is not configured to support act(...)
The current testing environment is not configured to support act(...)
The current testing environment is not configured to support act(...)
The current testing environment is not configured to support act(...)

[90mstderr[2m | client/src/research/ui/kit.test.tsx[2m > [22m[2mresearch ui kit[2m > [22m[2mcapability boundary never shows admin configuration detail unless asked
[22m[39mThe current testing environment is not configured to support act(...)
The current testing environment is not configured to support act(...)
The current testing environment is not configured to support act(...)
The current testing environment is not configured to support act(...)

[90mstderr[2m | client/src/research/ui/kit.test.tsx[2m > [22m[2mresearch ui kit[2m > [22m[2mroute boundary branches: loading, error with retry, unavailable, unauthorized, ok
[22m[39mThe current testing environment is not configured to support act(...)
The current testing environment is not configured to support act(...)
The current testing environment is not configured to support act(...)
The current testing environment is not configured to support act(...)
The current testing environment is not configured to support act(...)
The current testing environment is not configured to support act(...)
The current testing environment is not configured to support act(...)
The current testing environment is not configured to support act(...)
The current testing environment is not configured to support act(...)
The current testing environment is not configured to support act(...)

[90mstderr[2m | client/src/research/ui/kit.test.tsx[2m > [22m[2mresearch ui kit[2m > [22m[2mselect card exposes aria-pressed and a visible check, not color alone
[22m[39mThe current testing environment is not configured to support act(...)
The current testing environment is not configured to support act(...)

[90mstderr[2m | client/src/research/ui/kit.test.tsx[2m > [22m[2mresearch ui kit[2m > [22m[2mstatus badge carries its state as text and data table renders an empty state
[22m[39mThe current testing environment is not configured to support act(...)
The current testing environment is not configured to support act(...)
The current testing environment is not configured to support act(...)
The current testing environment is not configured to support act(...)

[90mstderr[2m | client/src/research/ui/kit.test.tsx[2m > [22m[2mresearch ui kit[2m > [22m[2mmodal traps Tab focus inside the dialog (forward wraps to first, Shift+Tab wraps to last)
[22m[39mThe current testing environment is not configured to support act(...)
The current testing environment is not configured to support act(...)

[90mstderr[2m | client/src/research/ui/kit.test.tsx[2m > [22m[2mresearch ui kit[2m > [22m[2mmodal closes on Escape and restores focus to the element that opened it
[22m[39mThe current testing environment is not configured to support act(...)
The current testing environment is not configured to support act(...)
The current testing environment is not configured to support act(...)

[90mstderr[2m | client/src/research/ui/kit.test.tsx[2m > [22m[2mresearch ui kit[2m > [22m[2mtabs use roving tabindex and support ArrowLeft/ArrowRight/Home/End with wraparound
[22m[39mThe current testing environment is not configured to support act(...)
The current testing environment is not configured to support act(...)
The current testing environment is not configured to support act(...)
The current testing environment is not configured to support act(...)
The current testing environment is not configured to support act(...)
The current testing environment is not configured to support act(...)

[90mstderr[2m | client/src/research/ui/kit.test.tsx[2m > [22m[2mresearch ui kit[2m > [22m[2mtabs opt into full tabpanel association when a panelId is supplied, without breaking callers who omit it
[22m[39mThe current testing environment is not configured to support act(...)
The current testing environment is not configured to support act(...)
The current testing environment is not configured to support act(...)
The current testing environment is not configured to support act(...)

 [32m✓[39m client/src/research/ui/kit.test.tsx [2m([22m[2m9 tests[22m[2m)[22m[32m 129[2mms[22m[39m
 [32m✓[39m client/src/research/master-offerings/cart-handoff.test.ts [2m([22m[2m14 tests[22m[2m)[22m[32m 18[2mms[22m[39m
 [32m✓[39m client/src/research/early-access/EarlyAccessCustomerForm.test.tsx [2m([22m[2m8 tests[22m[2m)[22m[32m 133[2mms[22m[39m
 [32m✓[39m server/research/prelaunch.test.ts [2m([22m[2m12 tests[22m[2m)[22m[32m 62[2mms[22m[39m
 [32m✓[39m server/research/early-access/persistence/production-projection-stores.test.ts [2m([22m[2m8 tests[22m[2m)[22m[32m 10[2mms[22m[39m
 [32m✓[39m client/src/research/products-diagnostics/MemberProductDetailExperience.test.tsx [2m([22m[2m6 tests[22m[2m)[22m[32m 146[2mms[22m[39m
 [32m✓[39m client/src/research/early-access/EarlyAccessUnlockForm.test.tsx [2m([22m[2m8 tests[22m[2m)[22m[32m 124[2mms[22m[39m
[90mstderr[2m | client/src/research/early-access/catalogue-layout.test.tsx[2m > [22m[2mthe catalogue gives each card usable width[2m > [22m[2msteps 1 -> 2 -> 3 columns and never asks for a fourth
[22m[39mThe current testing environment is not configured to support act(...)

[90mstderr[2m | client/src/research/early-access/catalogue-layout.test.tsx[2m > [22m[2mthe catalogue gives each card usable width[2m > [22m[2msteps 1 -> 2 -> 3 columns and never asks for a fourth
[22m[39mThe current testing environment is not configured to support act(...)

[90mstderr[2m | client/src/research/early-access/catalogue-layout.test.tsx[2m > [22m[2mthe catalogue gives each card usable width[2m > [22m[2mkeeps every card and its contents shrinkable, so nothing forces sideways scrolling
[22m[39mThe current testing environment is not configured to support act(...)

[90mstderr[2m | client/src/research/early-access/catalogue-layout.test.tsx[2m > [22m[2mthe catalogue gives each card usable width[2m > [22m[2mkeeps every card and its contents shrinkable, so nothing forces sideways scrolling
[22m[39mThe current testing environment is not configured to support act(...)

[90mstderr[2m | client/src/research/early-access/catalogue-layout.test.tsx[2m > [22m[2mthe quantity control fits the card it lives in[2m > [22m[2mrenders one fixed-size stepper with real tap targets
[22m[39mThe current testing environment is not configured to support act(...)

[90mstderr[2m | client/src/research/early-access/catalogue-layout.test.tsx[2m > [22m[2mthe quantity control fits the card it lives in[2m > [22m[2mrenders one fixed-size stepper with real tap targets
[22m[39mThe current testing environment is not configured to support act(...)

[90mstderr[2m | client/src/research/early-access/catalogue-layout.test.tsx[2m > [22m[2mthe quantity control fits the card it lives in[2m > [22m[2mstates the bundle offer once, full width, as a sentence
[22m[39mThe current testing environment is not configured to support act(...)

[90mstderr[2m | client/src/research/early-access/catalogue-layout.test.tsx[2m > [22m[2mthe quantity control fits the card it lives in[2m > [22m[2mstates the bundle offer once, full width, as a sentence
[22m[39mThe current testing environment is not configured to support act(...)

[90mstderr[2m | client/src/research/early-access/catalogue-layout.test.tsx[2m > [22m[2mthe quantity control fits the card it lives in[2m > [22m[2mshows the server's whole description, clipping none of it away
[22m[39mThe current testing environment is not configured to support act(...)

[90mstderr[2m | client/src/research/early-access/catalogue-layout.test.tsx[2m > [22m[2mthe quantity control fits the card it lives in[2m > [22m[2mshows the server's whole description, clipping none of it away
[22m[39mThe current testing environment is not configured to support act(...)

[90mstderr[2m | client/src/research/early-access/catalogue-layout.test.tsx[2m > [22m[2mthe quantity control fits the card it lives in[2m > [22m[2mgives a held card no quantity control at all
[22m[39mThe current testing environment is not configured to support act(...)

[90mstderr[2m | client/src/research/early-access/catalogue-layout.test.tsx[2m > [22m[2mthe quantity control fits the card it lives in[2m > [22m[2mgives a held card no quantity control at all
[22m[39mThe current testing environment is not configured to support act(...)

[90mstderr[2m | client/src/research/early-access/catalogue-layout.test.tsx[2m > [22m[2mthe layout repair introduced no client money arithmetic[2m > [22m[2mrenders exactly one money figure per available card: the server's unit price
[22m[39mThe current testing environment is not configured to support act(...)

[90mstderr[2m | client/src/research/early-access/catalogue-layout.test.tsx[2m > [22m[2mthe layout repair introduced no client money arithmetic[2m > [22m[2mrenders exactly one money figure per available card: the server's unit price
[22m[39mThe current testing environment is not configured to support act(...)

 [32m✓[39m client/src/research/early-access/catalogue-layout.test.tsx [2m([22m[2m9 tests[22m[2m)[22m[32m 251[2mms[22m[39m
 [32m✓[39m shared/research/launch/customer-action.test.ts [2m([22m[2m11 tests[22m[2m)[22m[32m 18[2mms[22m[39m
 [32m✓[39m server/research/early-access/persistence/commerce-store.test.ts [2m([22m[2m16 tests[22m[2m)[22m[32m 13[2mms[22m[39m
 [32m✓[39m server/research/commerce/persistence/cart-store.test.ts [2m([22m[2m12 tests[22m[2m)[22m[32m 8[2mms[22m[39m
[90mstderr[2m | server/research/early-access/open-access.test.ts[2m > [22m[2mthe customer journey opens without any password[2m > [22m[2mtells the browser there is no password to ask for
[22m[39m[early-access] Private Early Access is using the in-memory session store. This is for tests and local development only and does not survive a restart.

[90mstderr[2m | server/research/early-access/open-access.test.ts[2m > [22m[2mthe customer journey opens without any password[2m > [22m[2missues a session for an unlock carrying NO password
[22m[39m[early-access] Private Early Access is using the in-memory session store. This is for tests and local development only and does not survive a restart.

[90mstderr[2m | server/research/early-access/open-access.test.ts[2m > [22m[2mthe customer journey opens without any password[2m > [22m[2mand that session then reads back as authenticated
[22m[39m[early-access] Private Early Access is using the in-memory session store. This is for tests and local development only and does not survive a restart.

[90mstderr[2m | server/research/early-access/open-access.test.ts[2m > [22m[2mthe customer journey opens without any password[2m > [22m[2mreaches the order-flow APIs through the outer wall, which is still closed
[22m[39m[early-access] Private Early Access is using the in-memory session store. This is for tests and local development only and does not survive a restart.

[90mstderr[2m | server/research/early-access/open-access.test.ts[2m > [22m[2mwhat removing the password must NOT have opened[2m > [22m[2mleaves every private surface refusing, and never serves one
[22m[39m[early-access] Private Early Access is using the in-memory session store. This is for tests and local development only and does not survive a restart.

[90mstderr[2m | server/research/early-access/open-access.test.ts[2m > [22m[2mwhat removing the password must NOT have opened[2m > [22m[2mstill walls the rest of the research API for an anonymous caller
[22m[39m[early-access] Private Early Access is using the in-memory session store. This is for tests and local development only and does not survive a restart.

[90mstderr[2m | server/research/early-access/open-access.test.ts[2m > [22m[2mwhat removing the password must NOT have opened[2m > [22m[2mstill walls a write to a door whose READ is admitted
[22m[39m[early-access] Private Early Access is using the in-memory session store. This is for tests and local development only and does not survive a restart.

[90mstderr[2m | server/research/early-access/open-access.test.ts[2m > [22m[2mwhat removing the password must NOT have opened[2m > [22m[2mdoes not admit an Early Access path that was never listed
[22m[39m[early-access] Private Early Access is using the in-memory session store. This is for tests and local development only and does not survive a restart.

[90mstderr[2m | server/research/early-access/open-access.test.ts[2m > [22m[2magreements and anti-abuse survive the password removal[2m > [22m[2mdoes not let an open gate stand in for accepting the agreements
[22m[39m[early-access] Private Early Access is using the in-memory session store. This is for tests and local development only and does not survive a restart.

[90mstderr[2m | server/research/early-access/open-access.test.ts[2m > [22m[2magreements and anti-abuse survive the password removal[2m > [22m[2mstill rate-limits session minting, so open does not mean unbounded
[22m[39m[early-access] Private Early Access is using the in-memory session store. This is for tests and local development only and does not survive a restart.

 [32m✓[39m server/research/early-access/open-access.test.ts [2m([22m[2m14 tests[22m[2m)[22m[32m 208[2mms[22m[39m
 [32m✓[39m client/src/research/early-access/EarlyAccessPaymentInstructions.test.tsx [2m([22m[2m8 tests[22m[2m)[22m[32m 131[2mms[22m[39m
 [32m✓[39m server/research/kris-launch-a/operational-readiness.test.ts [2m([22m[2m9 tests[22m[2m)[22m[32m 9[2mms[22m[39m
 [32m✓[39m server/research/early-access/early-access-journey.test.ts [2m([22m[2m2 tests[22m[2m)[22m[32m 10[2mms[22m[39m
 [32m✓[39m server/research/storefront/projection.test.ts [2m([22m[2m6 tests[22m[2m)[22m[32m 10[2mms[22m[39m
 [32m✓[39m server/research/commerce/persistence/subscription-transition-contract.test.ts [2m([22m[2m6 tests[22m[2m)[22m[32m 10[2mms[22m[39m
 [32m✓[39m server/research/membership-activation/emails.test.ts [2m([22m[2m16 tests[22m[2m)[22m[32m 20[2mms[22m[39m
 [32m✓[39m server/research/membership-activation/identity-reviews.test.ts [2m([22m[2m13 tests[22m[2m)[22m[32m 17[2mms[22m[39m
 [32m✓[39m server/research/master-offerings/catalog-revision-artifact.test.ts [2m([22m[2m12 tests[22m[2m)[22m[32m 19[2mms[22m[39m
 [32m✓[39m client/src/research/b2b/PartnershipInquiryForm.test.tsx [2m([22m[2m8 tests[22m[2m)[22m[33m 301[2mms[22m[39m
 [32m✓[39m server/research/products-diagnostics/product-control-price-resolver.test.ts [2m([22m[2m11 tests[22m[2m)[22m[32m 12[2mms[22m[39m
 [32m✓[39m client/src/research/catalog-display/CatalogGrid.test.tsx [2m([22m[2m13 tests[22m[2m)[22m[32m 117[2mms[22m[39m
 [32m✓[39m client/src/research/operations/MitchPortal.test.tsx [2m([22m[2m10 tests[22m[2m)[22m[32m 170[2mms[22m[39m
 [32m✓[39m shared/research/quality/public-lot.test.ts [2m([22m[2m5 tests[22m[2m)[22m[32m 19[2mms[22m[39m
 [32m✓[39m server/research/master-offerings/composition.test.ts [2m([22m[2m9 tests[22m[2m)[22m[32m 66[2mms[22m[39m
 [32m✓[39m client/src/research/early-access/PaymentMethodSelector.test.tsx [2m([22m[2m8 tests[22m[2m)[22m[32m 114[2mms[22m[39m
 [32m✓[39m client/src/research/assisted-order/wizard-state.test.ts [2m([22m[2m18 tests[22m[2m)[22m[32m 11[2mms[22m[39m
[90mstderr[2m | client/src/research/buyer-commerce/BuyerCommerceBridge.test.tsx[2m > [22m[2mbuyer commerce submission attempts[2m > [22m[2msupports no-account multi-variant requests with ordinary quantity 21
[22m[39mThe current testing environment is not configured to support act(...)
The current testing environment is not configured to support act(...)
The current testing environment is not configured to support act(...)
The current testing environment is not configured to support act(...)
The current testing environment is not configured to support act(...)
The current testing environment is not configured to support act(...)
The current testing environment is not configured to support act(...)

[90mstderr[2m | client/src/research/buyer-commerce/BuyerCommerceBridge.test.tsx[2m > [22m[2mbuyer commerce submission attempts[2m > [22m[2msupports no-account multi-variant requests with ordinary quantity 21
[22m[39mThe current testing environment is not configured to support act(...)
The current testing environment is not configured to support act(...)

[90mstderr[2m | client/src/research/buyer-commerce/BuyerCommerceBridge.test.tsx[2m > [22m[2mbuyer commerce submission attempts[2m > [22m[2msupports no-account multi-variant requests with ordinary quantity 21
[22m[39mThe current testing environment is not configured to support act(...)

[90mstderr[2m | client/src/research/buyer-commerce/BuyerCommerceBridge.test.tsx[2m > [22m[2mbuyer commerce submission attempts[2m > [22m[2mshows the durable request reference and server-owned next step
[22m[39mThe current testing environment is not configured to support act(...)
The current testing environment is not configured to support act(...)
The current testing environment is not configured to support act(...)
The current testing environment is not configured to support act(...)
The current testing environment is not configured to support act(...)

[90mstderr[2m | client/src/research/buyer-commerce/BuyerCommerceBridge.test.tsx[2m > [22m[2mbuyer commerce submission attempts[2m > [22m[2mshows the durable request reference and server-owned next step
[22m[39mThe current testing environment is not configured to support act(...)
The current testing environment is not configured to support act(...)

[90mstderr[2m | client/src/research/buyer-commerce/BuyerCommerceBridge.test.tsx[2m > [22m[2mbuyer commerce submission attempts[2m > [22m[2mshows the durable request reference and server-owned next step
[22m[39mThe current testing environment is not configured to support act(...)

[90mstderr[2m | client/src/research/buyer-commerce/BuyerCommerceBridge.test.tsx[2m > [22m[2mbuyer commerce submission attempts[2m > [22m[2mbounds the initial catalog DOM, paginates, filters, and fails authority display closed
[22m[39mThe current testing environment is not configured to support act(...)
The current testing environment is not configured to support act(...)
The current testing environment is not configured to support act(...)
The current testing environment is not configured to support act(...)
The current testing environment is not configured to support act(...)
The current testing environment is not configured to support act(...)
The current testing environment is not configured to support act(...)
The current testing environment is not configured to support act(...)

[90mstderr[2m | client/src/research/buyer-commerce/BuyerCommerceBridge.test.tsx[2m > [22m[2mbuyer commerce submission attempts[2m > [22m[2mbounds the initial catalog DOM, paginates, filters, and fails authority display closed
[22m[39mThe current testing environment is not configured to support act(...)

[90mstderr[2m | client/src/research/buyer-commerce/BuyerCommerceBridge.test.tsx[2m > [22m[2mbuyer commerce submission attempts[2m > [22m[2mdoes not advertise malformed direct authority from the display projection
[22m[39mThe current testing environment is not configured to support act(...)

[90mstderr[2m | client/src/research/buyer-commerce/BuyerCommerceBridge.test.tsx[2m > [22m[2mbuyer commerce submission attempts[2m > [22m[2mdoes not advertise malformed direct authority from the display projection
[22m[39mThe current testing environment is not configured to support act(...)

 [32m✓[39m client/src/research/buyer-commerce/BuyerCommerceBridge.test.tsx [2m([22m[2m5 tests[22m[2m)[22m[33m 305[2mms[22m[39m
 [32m✓[39m server/research/early-access/ops/supplier-confirmation.test.ts [2m([22m[2m23 tests[22m[2m)[22m[32m 14[2mms[22m[39m
 [32m✓[39m client/src/research/master-offerings/exact-variant-identity.test.tsx [2m([22m[2m8 tests[22m[2m)[22m[32m 162[2mms[22m[39m
 [32m✓[39m server/research/master-offerings/production-bindings.test.ts [2m([22m[2m9 tests[22m[2m)[22m[32m 61[2mms[22m[39m
 [32m✓[39m shared/research/early-access-hardening.test.ts [2m([22m[2m25 tests[22m[2m)[22m[32m 8[2mms[22m[39m
 [32m✓[39m server/research/products-diagnostics/production-deps.test.ts [2m([22m[2m10 tests[22m[2m)[22m[32m 17[2mms[22m[39m
 [32m✓[39m server/research/early-access/durable-session.test.ts [2m([22m[2m14 tests[22m[2m)[22m[32m 9[2mms[22m[39m
 [32m✓[39m shared/research/paths.test.ts [2m([22m[2m42 tests[22m[2m)[22m[32m 13[2mms[22m[39m
 [32m✓[39m server/research/kris-launch-a/search.test.ts [2m([22m[2m18 tests[22m[2m)[22m[32m 32[2mms[22m[39m
 [32m✓[39m server/research/master-offerings/action.test.ts [2m([22m[2m8 tests[22m[2m)[22m[32m 13[2mms[22m[39m
 [32m✓[39m server/research/kris-launch-a/legacy-order-production.test.ts [2m([22m[2m10 tests[22m[2m)[22m[32m 15[2mms[22m[39m
 [32m✓[39m server/research/account-identity/production-deps.test.ts [2m([22m[2m9 tests[22m[2m)[22m[32m 19[2mms[22m[39m
 [32m✓[39m server/care/eligibility-routes.test.ts [2m([22m[2m8 tests[22m[2m)[22m[32m 55[2mms[22m[39m
 [32m✓[39m server/care/intake-routes.test.ts [2m([22m[2m11 tests[22m[2m)[22m[32m 91[2mms[22m[39m
 [32m✓[39m server/care/prescription-routes.test.ts [2m([22m[2m8 tests[22m[2m)[22m[32m 64[2mms[22m[39m
 [32m✓[39m server/care/appointment-routes.test.ts [2m([22m[2m8 tests[22m[2m)[22m[32m 82[2mms[22m[39m
 [32m✓[39m server/care/prescriptions.test.ts [2m([22m[2m10 tests[22m[2m)[22m[32m 7[2mms[22m[39m
 [32m✓[39m server/research/product-activation/authority-repository.test.ts [2m([22m[2m6 tests[22m[2m)[22m[32m 10[2mms[22m[39m
 [32m✓[39m server/research/fulfillment/in-memory.test.ts [2m([22m[2m9 tests[22m[2m)[22m[32m 12[2mms[22m[39m
 [32m✓[39m server/research/early-access/private-access-ttl.test.ts [2m([22m[2m27 tests[22m[2m)[22m[32m 15[2mms[22m[39m
 [32m✓[39m server/research/inventory-reservation/production.test.ts [2m([22m[2m8 tests[22m[2m)[22m[32m 13[2mms[22m[39m
 [32m✓[39m server/research/kris-launch-a/service.test.ts [2m([22m[2m14 tests[22m[2m)[22m[32m 20[2mms[22m[39m
 [32m✓[39m server/research/products-diagnostics/customer-price-authority.test.ts [2m([22m[2m5 tests[22m[2m)[22m[32m 68[2mms[22m[39m
 [32m✓[39m server/research/master-offerings/price-authority.test.ts [2m([22m[2m13 tests[22m[2m)[22m[32m 11[2mms[22m[39m
 [32m✓[39m server/research/master-offerings/early-access-pricing-reach.test.ts [2m([22m[2m5 tests[22m[2m)[22m[32m 6[2mms[22m[39m
 [32m✓[39m server/research/partners/attribution-spine.test.ts [2m([22m[2m4 tests[22m[2m)[22m[32m 11[2mms[22m[39m
 [32m✓[39m server/research/master-offerings/assisted-order-pricing-seam.test.ts [2m([22m[2m3 tests[22m[2m)[22m[32m 13[2mms[22m[39m
 [32m✓[39m server/research/client-import/admin-routes.test.ts [2m([22m[2m9 tests[22m[2m)[22m[32m 69[2mms[22m[39m
[90mstderr[2m | server/research/early-access/step1-preview-harness.test.ts[2m > [22m[2mStep 1 real-browser preview composition[2m > [22m[2mexercises the real session, filters, quantity ceiling, submission and logout
[22m[39m[early-access] Private Early Access is using the in-memory session store. This is for tests and local development only and does not survive a restart.

 [32m✓[39m server/research/early-access/step1-preview-harness.test.ts [2m([22m[2m1 test[22m[2m)[22m[32m 183[2mms[22m[39m
 [32m✓[39m server/research/frontdoor.test.ts [2m([22m[2m16 tests[22m[2m)[22m[32m 122[2mms[22m[39m
 [32m✓[39m server/research/kris-launch-a/purchase-mode-matrix.test.ts [2m([22m[2m10 tests[22m[2m)[22m[32m 56[2mms[22m[39m
 [32m✓[39m server/research/products-diagnostics/variant-canonical-record.test.ts [2m([22m[2m15 tests[22m[2m)[22m[32m 10[2mms[22m[39m
 [32m✓[39m server/research/customer-account/production.test.ts [2m([22m[2m10 tests[22m[2m)[22m[32m 10[2mms[22m[39m
 [32m✓[39m server/research/inventory-reservation/migration.test.ts [2m([22m[2m8 tests[22m[2m)[22m[32m 16[2mms[22m[39m
 [32m✓[39m server/research/master-offerings/production-loader.test.ts [2m([22m[2m11 tests[22m[2m)[22m[32m 125[2mms[22m[39m
 [32m✓[39m server/research/master-offerings/price-list-routes.test.ts [2m([22m[2m9 tests[22m[2m)[22m[32m 70[2mms[22m[39m
 [32m✓[39m server/research/master-offerings/reviewed-holds.test.ts [2m([22m[2m11 tests[22m[2m)[22m[32m 17[2mms[22m[39m
 [32m✓[39m server/research/member-platform.test.ts [2m([22m[2m16 tests[22m[2m)[22m[32m 45[2mms[22m[39m
 [32m✓[39m server/research/account-identity/pack02-boundaries.test.ts [2m([22m[2m8 tests[22m[2m)[22m[32m 10[2mms[22m[39m
 [32m✓[39m server/research/partners/accrual-bridge.test.ts [2m([22m[2m10 tests[22m[2m)[22m[32m 10[2mms[22m[39m
 [32m✓[39m server/research/products-diagnostics/required-input-application.test.ts [2m([22m[2m12 tests[22m[2m)[22m[32m 9[2mms[22m[39m
 [32m✓[39m server/pgcrypto-qualification.test.ts [2m([22m[2m17 tests[22m[2m)[22m[33m 399[2mms[22m[39m
     [33m[2m✓[22m[39m has no public-qualified pgcrypto call outside the two pinned historical files [33m 384[2mms[22m[39m
 [32m✓[39m server/research/products-diagnostics/variant-strength-dispute.test.ts [2m([22m[2m14 tests[22m[2m)[22m[32m 12[2mms[22m[39m
 [32m✓[39m server/research/evidence/content-guides.test.ts [2m([22m[2m10 tests[22m[2m)[22m[32m 39[2mms[22m[39m
 [32m✓[39m server/research/inventory-admin/migration.test.ts [2m([22m[2m5 tests[22m[2m)[22m[32m 8[2mms[22m[39m
 [32m✓[39m server/research/master-offerings/catalog-completeness.test.ts [2m([22m[2m7 tests[22m[2m)[22m[32m 183[2mms[22m[39m
 [32m✓[39m server/research/kris-launch-a/buyer-scoped-resolver.test.ts [2m([22m[2m5 tests[22m[2m)[22m[32m 9[2mms[22m[39m
 [32m✓[39m server/research/master-offerings/routes.test.ts [2m([22m[2m8 tests[22m[2m)[22m[32m 61[2mms[22m[39m
 [32m✓[39m server/research/inventory-admin/integration.test.ts [2m([22m[2m6 tests[22m[2m)[22m[32m 12[2mms[22m[39m
 [32m✓[39m server/research/assessment-required-inputs.test.ts [2m([22m[2m7 tests[22m[2m)[22m[32m 38[2mms[22m[39m
 [32m✓[39m server/research/catalog-display-viewer.test.ts [2m([22m[2m9 tests[22m[2m)[22m[32m 11[2mms[22m[39m
[90mstderr[2m | server/research/admin-crm-supplier-operations/routes.test.ts[2m > [22m[2mAdmin CRM supplier operations routes[2m > [22m[2mkeeps unknown failures generic
[22m[39m[admin crm supplier operations] unavailable

 [32m✓[39m server/research/admin-crm-supplier-operations/routes.test.ts [2m([22m[2m7 tests[22m[2m)[22m[32m 58[2mms[22m[39m
 [32m✓[39m server/research/master-offerings/mount.test.ts [2m([22m[2m8 tests[22m[2m)[22m[32m 66[2mms[22m[39m
 [32m✓[39m server/research/partners/early-access-grant-adapter.test.ts [2m([22m[2m11 tests[22m[2m)[22m[32m 9[2mms[22m[39m
 [32m✓[39m server/research/partners/attribution-cookie.test.ts [2m([22m[2m14 tests[22m[2m)[22m[32m 10[2mms[22m[39m
 [32m✓[39m server/research/master-offerings/catalog-reconciliation.test.ts [2m([22m[2m10 tests[22m[2m)[22m[32m 10[2mms[22m[39m
 [32m✓[39m server/research/account-identity/buyer-activation-supabase.test.ts [2m([22m[2m3 tests[22m[2m)[22m[32m 13[2mms[22m[39m
 [32m✓[39m server/research/assisted-order/production-wiring.test.ts [2m([22m[2m14 tests[22m[2m)[22m[32m 16[2mms[22m[39m
 [32m✓[39m server/research/catalog/catalog-service.test.ts [2m([22m[2m23 tests[22m[2m)[22m[32m 28[2mms[22m[39m
 [32m✓[39m server/research/catalog/legacy-adapter.test.ts [2m([22m[2m27 tests[22m[2m)[22m[32m 34[2mms[22m[39m
 [32m✓[39m client/src/pwa/pwa.test.ts [2m([22m[2m22 tests[22m[2m)[22m[32m 17[2mms[22m[39m
 [32m✓[39m client/src/research/core-member-denial.test.tsx [2m([22m[2m7 tests[22m[2m)[22m[32m 184[2mms[22m[39m
 [32m✓[39m server/research/catalog/catalog-read-amplification.test.ts [2m([22m[2m7 tests[22m[2m)[22m[32m 56[2mms[22m[39m
 [32m✓[39m server/research/account-identity/b2b-sponsored-claim-sql.test.ts [2m([22m[2m13 tests[22m[2m)[22m[32m 9[2mms[22m[39m
 [32m✓[39m server/research/account-identity/b2b-buyer-bridge.test.ts [2m([22m[2m9 tests[22m[2m)[22m[32m 14[2mms[22m[39m
 [32m✓[39m client/src/research/recovery-route-isolation.test.tsx [2m([22m[2m56 tests[22m[2m)[22m[33m 427[2mms[22m[39m
[90mstderr[2m | client/src/components/WaitlistForm.test.tsx[2m > [22m[2mWaitlistForm error wiring[2m > [22m[2mfocuses the consent checkbox when it is the only remaining invalid field
[22m[39mAn update to WaitlistForm inside a test was not wrapped in act(...).

When testing, code that causes React state updates should be wrapped into act(...):

act(() => {
  /* fire events that update state */
});
/* assert on the output */

This ensures that you're testing the behavior the user would see in the browser. Learn more at https://react.dev/link/wrap-tests-with-act
An update to WaitlistForm inside a test was not wrapped in act(...).

When testing, code that causes React state updates should be wrapped into act(...):

act(() => {
  /* fire events that update state */
});
/* assert on the output */

This ensures that you're testing the behavior the user would see in the browser. Learn more at https://react.dev/link/wrap-tests-with-act
An update to WaitlistForm inside a test was not wrapped in act(...).

When testing, code that causes React state updates should be wrapped into act(...):

act(() => {
  /* fire events that update state */
});
/* assert on the output */

This ensures that you're testing the behavior the user would see in the browser. Learn more at https://react.dev/link/wrap-tests-with-act
An update to WaitlistForm inside a test was not wrapped in act(...).

When testing, code that causes React state updates should be wrapped into act(...):

act(() => {
  /* fire events that update state */
});
/* assert on the output */

This ensures that you're testing the behavior the user would see in the browser. Learn more at https://react.dev/link/wrap-tests-with-act

[90mstderr[2m | client/src/components/WaitlistForm.test.tsx[2m > [22m[2mWaitlistForm error wiring[2m > [22m[2mclears the validation summary once a valid submit succeeds
[22m[39mAn update to WaitlistForm inside a test was not wrapped in act(...).

When testing, code that causes React state updates should be wrapped into act(...):

act(() => {
  /* fire events that update state */
});
/* assert on the output */

This ensures that you're testing the behavior the user would see in the browser. Learn more at https://react.dev/link/wrap-tests-with-act
An update to WaitlistForm inside a test was not wrapped in act(...).

When testing, code that causes React state updates should be wrapped into act(...):

act(() => {
  /* fire events that update state */
});
/* assert on the output */

This ensures that you're testing the behavior the user would see in the browser. Learn more at https://react.dev/link/wrap-tests-with-act
An update to WaitlistForm inside a test was not wrapped in act(...).

When testing, code that causes React state updates should be wrapped into act(...):

act(() => {
  /* fire events that update state */
});
/* assert on the output */

This ensures that you're testing the behavior the user would see in the browser. Learn more at https://react.dev/link/wrap-tests-with-act
An update to WaitlistForm inside a test was not wrapped in act(...).

When testing, code that causes React state updates should be wrapped into act(...):

act(() => {
  /* fire events that update state */
});
/* assert on the output */

This ensures that you're testing the behavior the user would see in the browser. Learn more at https://react.dev/link/wrap-tests-with-act
An update to WaitlistForm inside a test was not wrapped in act(...).

When testing, code that causes React state updates should be wrapped into act(...):

act(() => {
  /* fire events that update state */
});
/* assert on the output */

This ensures that you're testing the behavior the user would see in the browser. Learn more at https://react.dev/link/wrap-tests-with-act

[90mstderr[2m | client/src/components/WaitlistForm.test.tsx[2m > [22m[2mWaitlistForm error wiring[2m > [22m[2mmarks the server-error banner as role=alert when submission fails
[22m[39mAn update to WaitlistForm inside a test was not wrapped in act(...).

When testing, code that causes React state updates should be wrapped into act(...):

act(() => {
  /* fire events that update state */
});
/* assert on the output */

This ensures that you're testing the behavior the user would see in the browser. Learn more at https://react.dev/link/wrap-tests-with-act
An update to WaitlistForm inside a test was not wrapped in act(...).

When testing, code that causes React state updates should be wrapped into act(...):

act(() => {
  /* fire events that update state */
});
/* assert on the output */

This ensures that you're testing the behavior the user would see in the browser. Learn more at https://react.dev/link/wrap-tests-with-act
An update to WaitlistForm inside a test was not wrapped in act(...).

When testing, code that causes React state updates should be wrapped into act(...):

act(() => {
  /* fire events that update state */
});
/* assert on the output */

This ensures that you're testing the behavior the user would see in the browser. Learn more at https://react.dev/link/wrap-tests-with-act
An update to WaitlistForm inside a test was not wrapped in act(...).

When testing, code that causes React state updates should be wrapped into act(...):

act(() => {
  /* fire events that update state */
});
/* assert on the output */

This ensures that you're testing the behavior the user would see in the browser. Learn more at https://react.dev/link/wrap-tests-with-act
An update to WaitlistForm inside a test was not wrapped in act(...).

When testing, code that causes React state updates should be wrapped into act(...):

act(() => {
  /* fire events that update state */
});
/* assert on the output */

This ensures that you're testing the behavior the user would see in the browser. Learn more at https://react.dev/link/wrap-tests-with-act

 [32m✓[39m client/src/components/WaitlistForm.test.tsx [2m([22m[2m5 tests[22m[2m)[22m[32m 238[2mms[22m[39m
 [32m✓[39m client/src/lib/tracking.test.ts [2m([22m[2m10 tests[22m[2m)[22m[32m 64[2mms[22m[39m
 [32m✓[39m client/src/pages/Book.test.tsx [2m([22m[2m11 tests[22m[2m)[22m[32m 151[2mms[22m[39m
 [32m✓[39m client/src/lib/attribution.test.ts [2m([22m[2m21 tests[22m[2m)[22m[32m 35[2mms[22m[39m
 [32m✓[39m server/research/account-identity/b2b-claim-rail-shadowing.test.ts [2m([22m[2m5 tests[22m[2m)[22m[32m 7[2mms[22m[39m
 [32m✓[39m client/src/care/tebra-truth-a11y.test.tsx [2m([22m[2m18 tests[22m[2m)[22m[32m 114[2mms[22m[39m
 [32m✓[39m server/research/account-identity/b2b-buyer-bridge-supabase.test.ts [2m([22m[2m5 tests[22m[2m)[22m[32m 11[2mms[22m[39m
 [32m✓[39m client/src/research/core-cart-session-privacy.test.tsx [2m([22m[2m3 tests[22m[2m)[22m[32m 108[2mms[22m[39m
 [32m✓[39m server/research/kris-launch-a/pathway.test.ts [2m([22m[2m7 tests[22m[2m)[22m[32m 51[2mms[22m[39m
 [2m[90m↓[39m[22m server/research/early-access/durable-restart.pg.test.ts [2m([22m[2m4 tests[22m[2m | [22m[33m4 skipped[39m[2m)[22m
[90mstderr[2m | server/research/early-access/register-identity-wiring.test.ts[2m > [22m[2mregister.ts default identity wiring[2m > [22m[2mresolves a bound session to the approved customer through the default directory
[22m[39m[early-access] Private Early Access is using the in-memory session store. This is for tests and local development only and does not survive a restart.

[90mstderr[2m | server/research/early-access/register-identity-wiring.test.ts[2m > [22m[2mregister.ts default identity wiring[2m > [22m[2mrefuses IDENTITY_REQUIRED for a password-only session with no binding
[22m[39m[early-access] Private Early Access is using the in-memory session store. This is for tests and local development only and does not survive a restart.

[90mstderr[2m | server/research/early-access/register-identity-wiring.test.ts[2m > [22m[2mregister.ts default identity wiring[2m > [22m[2mrefuses a bound session whose customer is not approved to own orders
[22m[39m[early-access] Private Early Access is using the in-memory session store. This is for tests and local development only and does not survive a restart.

 [32m✓[39m server/research/early-access/register-identity-wiring.test.ts [2m([22m[2m3 tests[22m[2m)[22m[32m 178[2mms[22m[39m
[90mstderr[2m | client/src/research/layout-touch-targets.test.tsx[2m > [22m[2mprotected Research chrome pointer targets[2m > [22m[2mgives both minimal-chrome links the shared target and a wrapping row
[22m[39mThe current testing environment is not configured to support act(...)

[90mstderr[2m | client/src/research/layout-touch-targets.test.tsx[2m > [22m[2mprotected Research chrome pointer targets[2m > [22m[2mgives both minimal-chrome links the shared target and a wrapping row
[22m[39mThe current testing environment is not configured to support act(...)

[90mstderr[2m | client/src/research/layout-touch-targets.test.tsx[2m > [22m[2mprotected Research chrome pointer targets[2m > [22m[2mpins both member navigation families, current-page semantics, and wrap-safe sign-out
[22m[39mThe current testing environment is not configured to support act(...)

[90mstderr[2m | client/src/research/layout-touch-targets.test.tsx[2m > [22m[2mprotected Research chrome pointer targets[2m > [22m[2mpins both member navigation families, current-page semantics, and wrap-safe sign-out
[22m[39mThe current testing environment is not configured to support act(...)

[90mstderr[2m | client/src/research/layout-touch-targets.test.tsx[2m > [22m[2mprotected Research chrome pointer targets[2m > [22m[2mcovers every member footer policy, Support, and linked wordmark target
[22m[39mThe current testing environment is not configured to support act(...)

[90mstderr[2m | client/src/research/layout-touch-targets.test.tsx[2m > [22m[2mprotected Research chrome pointer targets[2m > [22m[2mcovers every member footer policy, Support, and linked wordmark target
[22m[39mThe current testing environment is not configured to support act(...)

 [32m✓[39m client/src/research/layout-touch-targets.test.tsx [2m([22m[2m4 tests[22m[2m)[22m[32m 99[2mms[22m[39m
 [32m✓[39m server/health.test.ts [2m([22m[2m9 tests[22m[2m)[22m[32m 43[2mms[22m[39m
 [32m✓[39m server/research/account-identity/b2b-sponsored-claim.test.ts [2m([22m[2m8 tests[22m[2m)[22m[32m 17[2mms[22m[39m
 [32m✓[39m server/research/customer-account/service.test.ts [2m([22m[2m9 tests[22m[2m)[22m[32m 7[2mms[22m[39m
 [32m✓[39m server/research/products-diagnostics/product-admin-integration.test.ts [2m([22m[2m4 tests[22m[2m)[22m[32m 40[2mms[22m[39m
[90mstderr[2m | server/research/early-access/founder-release-mount.test.ts[2m > [22m[2mthe founder release surface always mounts behind THE admin guard[2m > [22m[2mrefuses every founder path with a truthful 503 when no guard is configured
[22m[39m[early-access] Private Early Access is using the in-memory session store. This is for tests and local development only and does not survive a restart.

[90mstderr[2m | server/research/early-access/founder-release-mount.test.ts[2m > [22m[2mthe founder release surface always mounts behind THE admin guard[2m > [22m[2mnever reaches a handler without a guard decision
[22m[39m[early-access] Private Early Access is using the in-memory session store. This is for tests and local development only and does not survive a restart.

[90mstderr[2m | server/research/early-access/founder-release-mount.test.ts[2m > [22m[2mthe founder release surface behind a guard[2m > [22m[2mlets the guard refuse before the handler is reached
[22m[39m[early-access] Private Early Access is using the in-memory session store. This is for tests and local development only and does not survive a restart.

[90mstderr[2m | server/research/early-access/founder-release-mount.test.ts[2m > [22m[2mthe founder release surface behind a guard[2m > [22m[2mreviews the catalog for the human the guard authenticated
[22m[39m[early-access] Private Early Access is using the in-memory session store. This is for tests and local development only and does not survive a restart.

[90mstderr[2m | server/research/early-access/founder-release-mount.test.ts[2m > [22m[2mthe founder release surface behind a guard[2m > [22m[2mrefuses when the guard authenticated nobody it can name
[22m[39m[early-access] Private Early Access is using the in-memory session store. This is for tests and local development only and does not survive a restart.

[90mstderr[2m | server/research/early-access/founder-release-mount.test.ts[2m > [22m[2mthe founder release surface behind a guard[2m > [22m[2mnever reads the actor from the body
[22m[39m[early-access] Private Early Access is using the in-memory session store. This is for tests and local development only and does not survive a restart.

[90mstderr[2m | server/research/early-access/founder-release-mount.test.ts[2m > [22m[2man unconfigured deployment[2m > [22m[2mrefuses the catalog rather than answering with an empty one
[22m[39m[early-access] Private Early Access is using the in-memory session store. This is for tests and local development only and does not survive a restart.

 [32m✓[39m server/research/early-access/founder-release-mount.test.ts [2m([22m[2m7 tests[22m[2m)[22m[32m 82[2mms[22m[39m
 [32m✓[39m server/rls-invariants.test.ts [2m([22m[2m6 tests[22m[2m)[22m[32m 46[2mms[22m[39m
 [32m✓[39m server/research/products-diagnostics/product-master.test.ts [2m([22m[2m10 tests[22m[2m)[22m[32m 9[2mms[22m[39m
 [32m✓[39m server/research/master-offerings/price-list-export.test.ts [2m([22m[2m12 tests[22m[2m)[22m[32m 12[2mms[22m[39m
 [32m✓[39m server/research/master-offerings/search-adversarial.test.ts [2m([22m[2m11 tests[22m[2m)[22m[32m 22[2mms[22m[39m
 [32m✓[39m client/src/research/persona-states.test.tsx [2m([22m[2m9 tests[22m[2m)[22m[32m 77[2mms[22m[39m
 [32m✓[39m client/src/pages/About.roster-privacy.test.ts [2m([22m[2m6 tests[22m[2m)[22m[32m 140[2mms[22m[39m
 [32m✓[39m server/research/fulfillment/production.test.ts [2m([22m[2m10 tests[22m[2m)[22m[32m 12[2mms[22m[39m
 [32m✓[39m server/research/kris-launch-a/builder-gate.test.ts [2m([22m[2m9 tests[22m[2m)[22m[32m 7[2mms[22m[39m
 [32m✓[39m server/research/products-diagnostics/metabolic-care.test.ts [2m([22m[2m11 tests[22m[2m)[22m[32m 13[2mms[22m[39m
 [32m✓[39m server/research/master-offerings/pricing-incident.test.ts [2m([22m[2m7 tests[22m[2m)[22m[32m 8[2mms[22m[39m
 [32m✓[39m server/research/customer-account/production-support.test.ts [2m([22m[2m7 tests[22m[2m)[22m[32m 10[2mms[22m[39m
 [32m✓[39m client/src/components/SeoHead.test.tsx [2m([22m[2m8 tests[22m[2m)[22m[32m 97[2mms[22m[39m
 [32m✓[39m server/research/early-access/private-access-password.test.ts [2m([22m[2m9 tests[22m[2m)[22m[33m 728[2mms[22m[39m
 [32m✓[39m server/research/customer-account/account-portal-preview.guard.test.ts [2m([22m[2m8 tests[22m[2m)[22m[32m 83[2mms[22m[39m
 [32m✓[39m server/research/kris-launch-a/reconcile.test.ts [2m([22m[2m7 tests[22m[2m)[22m[32m 25[2mms[22m[39m
 [32m✓[39m server/research/expiry.test.ts [2m([22m[2m5 tests[22m[2m)[22m[32m 9[2mms[22m[39m
 [32m✓[39m server/research/master-offerings/catalog-pricing.test.ts [2m([22m[2m5 tests[22m[2m)[22m[32m 11[2mms[22m[39m
 [32m✓[39m server/research/master-offerings/named-member-breadth.test.ts [2m([22m[2m6 tests[22m[2m)[22m[32m 8[2mms[22m[39m
 [32m✓[39m server/research/pricing/catalog-read-amplification.test.ts [2m([22m[2m4 tests[22m[2m)[22m[32m 10[2mms[22m[39m
 [32m✓[39m server/research/master-offerings/normalize.test.ts [2m([22m[2m8 tests[22m[2m)[22m[32m 19[2mms[22m[39m
 [32m✓[39m server/research/early-access/private-access-config.test.ts [2m([22m[2m12 tests[22m[2m)[22m[32m 10[2mms[22m[39m
 [32m✓[39m server/research/early-access/route-rejection-containment.test.ts [2m([22m[2m5 tests[22m[2m)[22m[32m 69[2mms[22m[39m
 [32m✓[39m server/research/master-offerings/reconciliation.test.ts [2m([22m[2m5 tests[22m[2m)[22m[32m 15[2mms[22m[39m
 [32m✓[39m server/research/master-offerings/product-control-adapter.test.ts [2m([22m[2m4 tests[22m[2m)[22m[32m 10[2mms[22m[39m
 [32m✓[39m server/research/master-offerings/price-projection.test.ts [2m([22m[2m9 tests[22m[2m)[22m[32m 8[2mms[22m[39m
[90mstderr[2m | server/research/early-access/register-supplier-consistency.test.ts[2m > [22m[2mregistration decides the catalogue against the mounted supplier directory[2m > [22m[2moffers the unit when the mounted directory can genuinely route it
[22m[39m[early-access] Private Early Access is using the in-memory session store. This is for tests and local development only and does not survive a restart.

[90mstderr[2m | server/research/early-access/register-supplier-consistency.test.ts[2m > [22m[2mregistration decides the catalogue against the mounted supplier directory[2m > [22m[2mHOLDS the unit when the mounted directory has no route for it
[22m[39m[early-access] Private Early Access is using the in-memory session store. This is for tests and local development only and does not survive a restart.

[90mstderr[2m | server/research/early-access/register-supplier-consistency.test.ts[2m > [22m[2mregistration decides the catalogue against the mounted supplier directory[2m > [22m[2mHOLDS the unit when the directory answers a supplier NAME rather than an id
[22m[39m[early-access] Private Early Access is using the in-memory session store. This is for tests and local development only and does not survive a restart.

[90mstderr[2m | server/research/early-access/register-supplier-consistency.test.ts[2m > [22m[2mregistration decides the catalogue against the mounted supplier directory[2m > [22m[2mHOLDS the unit when the directory answers a malformed supplier SKU
[22m[39m[early-access] Private Early Access is using the in-memory session store. This is for tests and local development only and does not survive a restart.

 [32m✓[39m server/research/early-access/register-supplier-consistency.test.ts [2m([22m[2m4 tests[22m[2m)[22m[32m 243[2mms[22m[39m
 [32m✓[39m server/research/products-diagnostics/coa.test.ts [2m([22m[2m4 tests[22m[2m)[22m[32m 8[2mms[22m[39m
 [32m✓[39m server/research/products-diagnostics/product-request-integration.test.ts [2m([22m[2m5 tests[22m[2m)[22m[32m 22[2mms[22m[39m
 [32m✓[39m server/research/master-offerings/manual-purchase-cta.test.ts [2m([22m[2m7 tests[22m[2m)[22m[32m 8[2mms[22m[39m
 [32m✓[39m client/src/care/prescription-landmarks.test.tsx [2m([22m[2m9 tests[22m[2m)[22m[32m 135[2mms[22m[39m
 [32m✓[39m client/src/care/tebra-portal-security.test.tsx [2m([22m[2m8 tests[22m[2m)[22m[32m 91[2mms[22m[39m
[90mstderr[2m | client/src/components/ContactForm.test.tsx[2m > [22m[2mContactForm error wiring[2m > [22m[2mon a failed submit, shows one role=alert summary, marks invalid fields, and focuses the first invalid field
[22m[39mThe current testing environment is not configured to support act(...)
The current testing environment is not configured to support act(...)

[90mstderr[2m | client/src/components/ContactForm.test.tsx[2m > [22m[2mContactForm error wiring[2m > [22m[2mon a failed submit, shows one role=alert summary, marks invalid fields, and focuses the first invalid field
[22m[39mThe current testing environment is not configured to support act(...)

[90mstderr[2m | client/src/components/ContactForm.test.tsx[2m > [22m[2mContactForm error wiring[2m > [22m[2mmoves focus to the message field when persona is valid but the message is still too short
[22m[39mThe current testing environment is not configured to support act(...)
The current testing environment is not configured to support act(...)
The current testing environment is not configured to support act(...)

[90mstderr[2m | client/src/components/ContactForm.test.tsx[2m > [22m[2mContactForm error wiring[2m > [22m[2mmoves focus to the message field when persona is valid but the message is still too short
[22m[39mThe current testing environment is not configured to support act(...)

[90mstderr[2m | client/src/components/ContactForm.test.tsx[2m > [22m[2mContactForm error wiring[2m > [22m[2mclears the validation summary and per-field errors once a valid submit succeeds
[22m[39mThe current testing environment is not configured to support act(...)
The current testing environment is not configured to support act(...)
The current testing environment is not configured to support act(...)
The current testing environment is not configured to support act(...)

[90mstderr[2m | client/src/components/ContactForm.test.tsx[2m > [22m[2mContactForm error wiring[2m > [22m[2mclears the validation summary and per-field errors once a valid submit succeeds
[22m[39mThe current testing environment is not configured to support act(...)
The current testing environment is not configured to support act(...)

[90mstderr[2m | client/src/components/ContactForm.test.tsx[2m > [22m[2mContactForm error wiring[2m > [22m[2mclears the validation summary and per-field errors once a valid submit succeeds
[22m[39mThe current testing environment is not configured to support act(...)

[90mstderr[2m | client/src/components/ContactForm.test.tsx[2m > [22m[2mContactForm error wiring[2m > [22m[2mmarks the server-error banner as role=alert when submission fails
[22m[39mThe current testing environment is not configured to support act(...)
The current testing environment is not configured to support act(...)
The current testing environment is not configured to support act(...)
The current testing environment is not configured to support act(...)

[90mstderr[2m | client/src/components/ContactForm.test.tsx[2m > [22m[2mContactForm error wiring[2m > [22m[2mmarks the server-error banner as role=alert when submission fails
[22m[39mThe current testing environment is not configured to support act(...)
The current testing environment is not configured to support act(...)

[90mstderr[2m | client/src/components/ContactForm.test.tsx[2m > [22m[2mContactForm error wiring[2m > [22m[2mmarks the server-error banner as role=alert when submission fails
[22m[39mThe current testing environment is not configured to support act(...)

 [32m✓[39m client/src/components/ContactForm.test.tsx [2m([22m[2m4 tests[22m[2m)[22m[32m 123[2mms[22m[39m
 [32m✓[39m server/care-document-csp.test.ts [2m([22m[2m12 tests[22m[2m)[22m[32m 51[2mms[22m[39m
 [32m✓[39m client/src/care/eligibility-ui.test.ts [2m([22m[2m8 tests[22m[2m)[22m[32m 50[2mms[22m[39m
 [32m✓[39m server/research/hino-static-site.test.ts [2m([22m[2m7 tests[22m[2m)[22m[32m 16[2mms[22m[39m
 [32m✓[39m server/care/production-deps.test.ts [2m([22m[2m12 tests[22m[2m)[22m[32m 14[2mms[22m[39m
 [32m✓[39m server/research/customer-account/production-documents.test.ts [2m([22m[2m6 tests[22m[2m)[22m[32m 9[2mms[22m[39m
 [32m✓[39m server/research/commerce/production-guards.test.ts [2m([22m[2m10 tests[22m[2m)[22m[32m 9[2mms[22m[39m
 [32m✓[39m server/research/early-access/private-access-rate-limit-switch.test.ts [2m([22m[2m9 tests[22m[2m)[22m[32m 6[2mms[22m[39m
 [32m✓[39m server/research/kris-launch-a/entitlement.test.ts [2m([22m[2m10 tests[22m[2m)[22m[32m 8[2mms[22m[39m
 [32m✓[39m server/research/pricing/catalog-price-projection.test.ts [2m([22m[2m6 tests[22m[2m)[22m[32m 7[2mms[22m[39m
 [32m✓[39m server/research/products-diagnostics/product-admin-production.test.ts [2m([22m[2m5 tests[22m[2m)[22m[32m 7[2mms[22m[39m
 [32m✓[39m server/research/partners/declared-affiliate-code.test.ts [2m([22m[2m8 tests[22m[2m)[22m[32m 8[2mms[22m[39m
[90mstderr[2m | client/src/components/PageShell.test.tsx[2m > [22m[2mPageShell skip link[2m > [22m[2mrenders a skip link as the first element, targeting the main content landmark
[22m[39mThe current testing environment is not configured to support act(...)
The current testing environment is not configured to support act(...)

[90mstderr[2m | client/src/components/PageShell.test.tsx[2m > [22m[2mPageShell skip link[2m > [22m[2mis reachable by keyboard focus (not removed from the tab order)
[22m[39mThe current testing environment is not configured to support act(...)
The current testing environment is not configured to support act(...)

[90mstderr[2m | client/src/components/PageShell.test.tsx[2m > [22m[2mPageShell skip link[2m > [22m[2monly points aria-controls at the mobile navigation overlay while that target exists
[22m[39mThe current testing environment is not configured to support act(...)
The current testing environment is not configured to support act(...)
The current testing environment is not configured to support act(...)

[90mstderr[2m | client/src/components/PageShell.test.tsx[2m > [22m[2mPageShell skip link[2m > [22m[2mgives every desktop primary navigation link a 44 by 44 minimum target
[22m[39mThe current testing environment is not configured to support act(...)
The current testing environment is not configured to support act(...)

 [32m✓[39m client/src/components/PageShell.test.tsx [2m([22m[2m6 tests[22m[2m)[22m[32m 177[2mms[22m[39m
 [32m✓[39m server/research/master-offerings/search-memo.test.ts [2m([22m[2m3 tests[22m[2m)[22m[32m 32[2mms[22m[39m
 [32m✓[39m server/research/catalog-display/visibility.test.ts [2m([22m[2m9 tests[22m[2m)[22m[32m 7[2mms[22m[39m
 [32m✓[39m server/research/products-diagnostics/product-admin-routes.test.ts [2m([22m[2m2 tests[22m[2m)[22m[32m 50[2mms[22m[39m
 [32m✓[39m server/research/master-offerings/normalize-catalog.test.ts [2m([22m[2m7 tests[22m[2m)[22m[32m 11[2mms[22m[39m
 [32m✓[39m client/src/care/useTebraPublicConfiguration.test.tsx [2m([22m[2m1 test[22m[2m)[22m[32m 35[2mms[22m[39m
 [32m✓[39m server/research/kris-launch-a/activation-queue.test.ts [2m([22m[2m5 tests[22m[2m)[22m[32m 17[2mms[22m[39m
[90mstderr[2m | server/research/membership-activation/activation-commit.test.ts[2m > [22m[2mcreateSupabaseActivationCommit[2m > [22m[2mtreats an error envelope as uncertain because it may represent a lost response
[22m[39m[founding-activation] atomic verification RPC failed: 23505

[90mstderr[2m | server/research/membership-activation/activation-commit.test.ts[2m > [22m[2mcreateSupabaseActivationCommit[2m > [22m[2mtreats a transport loss as uncertain so the UI requires a reload
[22m[39m[founding-activation] atomic verification RPC failed: transport_error

 [32m✓[39m server/research/membership-activation/activation-commit.test.ts [2m([22m[2m4 tests[22m[2m)[22m[32m 9[2mms[22m[39m
 [32m✓[39m server/research/early-access/preview-harness.guard.test.ts [2m([22m[2m3 tests[22m[2m)[22m[32m 259[2mms[22m[39m
 [32m✓[39m server/care/tebra-csp.test.ts [2m([22m[2m9 tests[22m[2m)[22m[32m 9[2mms[22m[39m
 [32m✓[39m shared/research/early-access-payment-instructions.test.ts [2m([22m[2m10 tests[22m[2m)[22m[32m 10[2mms[22m[39m
 [32m✓[39m server/research/early-access/ops/supplier-consistency.test.ts [2m([22m[2m8 tests[22m[2m)[22m[32m 35[2mms[22m[39m
 [32m✓[39m client/src/research/master-offerings/quantity-band.test.tsx [2m([22m[2m7 tests[22m[2m)[22m[32m 149[2mms[22m[39m
 [32m✓[39m client/src/research/kris-launch-a/catalog-routes.test.tsx [2m([22m[2m10 tests[22m[2m)[22m[32m 300[2mms[22m[39m
 [32m✓[39m client/src/research/early-access/cart/cart-architecture.test.ts [2m([22m[2m6 tests[22m[2m)[22m[33m 325[2mms[22m[39m
 [32m✓[39m shared/research/catalog/peptide-copy.test.ts [2m([22m[2m17 tests[22m[2m)[22m[32m 59[2mms[22m[39m
 [32m✓[39m client/src/research/lib/member-routing.test.ts [2m([22m[2m49 tests[22m[2m)[22m[32m 16[2mms[22m[39m
 [32m✓[39m server/research/early-access/release/founder-release-init.test.ts [2m([22m[2m17 tests[22m[2m)[22m[33m 310[2mms[22m[39m
[90mstderr[2m | server/research/early-access/cart/cart-shelf-agreement.test.ts[2m > [22m[2mthe real catalogue and the cart answer the same question the same way[2m > [22m[2mevery unit the shelf calls purchasable can be quoted by the cart
[22m[39m[early-access] Private Early Access is using the in-memory session store. This is for tests and local development only and does not survive a restart.

[90mstderr[2m | server/research/early-access/cart/cart-shelf-agreement.test.ts[2m > [22m[2mthe real catalogue and the cart answer the same question the same way[2m > [22m[2mevery unit the shelf calls HELD is refused by the cart, line by line
[22m[39m[early-access] Private Early Access is using the in-memory session store. This is for tests and local development only and does not survive a restart.

[90mstderr[2m | server/research/early-access/cart/cart-shelf-agreement.test.ts[2m > [22m[2mthe real catalogue and the cart answer the same question the same way[2m > [22m[2mthe shelf counts are the accepted opening set: 22 visible, 18 purchasable, 4 held
[22m[39m[early-access] Private Early Access is using the in-memory session store. This is for tests and local development only and does not survive a restart.

 [32m✓[39m server/research/early-access/cart/cart-shelf-agreement.test.ts [2m([22m[2m3 tests[22m[2m)[22m[33m 356[2mms[22m[39m
[90mstderr[2m | client/src/research/early-access/EarlyAccessRoute.openaccess.test.tsx[2m > [22m[2mthe Early Access route with no password[2m > [22m[2mnever renders a password prompt
[22m[39mThe current testing environment is not configured to support act(...)

[90mstderr[2m | client/src/research/early-access/EarlyAccessRoute.openaccess.test.tsx[2m > [22m[2mthe Early Access route with no password[2m > [22m[2mnever renders a password prompt
[22m[39mThe current testing environment is not configured to support act(...)

[90mstderr[2m | client/src/research/early-access/EarlyAccessRoute.openaccess.test.tsx[2m > [22m[2mthe Early Access route with no password[2m > [22m[2mnever renders a password prompt
[22m[39mThe current testing environment is not configured to support act(...)

[90mstderr[2m | client/src/research/early-access/EarlyAccessRoute.openaccess.test.tsx[2m > [22m[2mthe Early Access route with no password[2m > [22m[2mnever renders a password prompt
[22m[39mThe current testing environment is not configured to support act(...)

[90mstderr[2m | client/src/research/early-access/EarlyAccessRoute.openaccess.test.tsx[2m > [22m[2mthe Early Access route with no password[2m > [22m[2mnever renders a password prompt
[22m[39mThe current testing environment is not configured to support act(...)

[90mstderr[2m | client/src/research/early-access/EarlyAccessRoute.openaccess.test.tsx[2m > [22m[2mthe Early Access route with no password[2m > [22m[2mobtains a session by itself, sending no password
[22m[39mThe current testing environment is not configured to support act(...)

[90mstderr[2m | client/src/research/early-access/EarlyAccessRoute.openaccess.test.tsx[2m > [22m[2mthe Early Access route with no password[2m > [22m[2mobtains a session by itself, sending no password
[22m[39mThe current testing environment is not configured to support act(...)

[90mstderr[2m | client/src/research/early-access/EarlyAccessRoute.openaccess.test.tsx[2m > [22m[2mthe Early Access route with no password[2m > [22m[2mobtains a session by itself, sending no password
[22m[39mThe current testing environment is not configured to support act(...)
The current testing environment is not configured to support act(...)
The current testing environment is not configured to support act(...)
The current testing environment is not configured to support act(...)
The current testing environment is not configured to support act(...)
The current testing environment is not configured to support act(...)
The current testing environment is not configured to support act(...)
The current testing environment is not configured to support act(...)

[90mstderr[2m | client/src/research/early-access/EarlyAccessRoute.openaccess.test.tsx[2m > [22m[2mthe Early Access route with no password[2m > [22m[2mobtains a session by itself, sending no password
[22m[39mThe current testing environment is not configured to support act(...)

[90mstderr[2m | client/src/research/early-access/EarlyAccessRoute.openaccess.test.tsx[2m > [22m[2mthe Early Access route with no password[2m > [22m[2mobtains a session by itself, sending no password
[22m[39mThe current testing environment is not configured to support act(...)

[90mstderr[2m | client/src/research/early-access/EarlyAccessRoute.openaccess.test.tsx[2m > [22m[2mthe Early Access route with no password[2m > [22m[2mobtains a session by itself, sending no password
[22m[39mThe current testing environment is not configured to support act(...)

[90mstderr[2m | client/src/research/early-access/EarlyAccessRoute.openaccess.test.tsx[2m > [22m[2mthe Early Access route with no password[2m > [22m[2mre-reads the session rather than trusting the unlock response
[22m[39mThe current testing environment is not configured to support act(...)

[90mstderr[2m | client/src/research/early-access/EarlyAccessRoute.openaccess.test.tsx[2m > [22m[2mthe Early Access route with no password[2m > [22m[2mre-reads the session rather than trusting the unlock response
[22m[39mThe current testing environment is not configured to support act(...)

[90mstderr[2m | client/src/research/early-access/EarlyAccessRoute.openaccess.test.tsx[2m > [22m[2mthe Early Access route with no password[2m > [22m[2mre-reads the session rather than trusting the unlock response
[22m[39mThe current testing environment is not configured to support act(...)
The current testing environment is not configured to support act(...)
The current testing environment is not configured to support act(...)
The current testing environment is not configured to support act(...)
The current testing environment is not configured to support act(...)
The current testing environment is not configured to support act(...)
The current testing environment is not configured to support act(...)
The current testing environment is not configured to support act(...)

[90mstderr[2m | client/src/research/early-access/EarlyAccessRoute.openaccess.test.tsx[2m > [22m[2mthe Early Access route with no password[2m > [22m[2mre-reads the session rather than trusting the unlock response
[22m[39mThe current testing environment is not configured to support act(...)

[90mstderr[2m | client/src/research/early-access/EarlyAccessRoute.openaccess.test.tsx[2m > [22m[2mthe Early Access route with no password[2m > [22m[2mre-reads the session rather than trusting the unlock response
[22m[39mThe current testing environment is not configured to support act(...)

[90mstderr[2m | client/src/research/early-access/EarlyAccessRoute.openaccess.test.tsx[2m > [22m[2mthe Early Access route with no password[2m > [22m[2mre-reads the session rather than trusting the unlock response
[22m[39mThe current testing environment is not configured to support act(...)

[90mstderr[2m | client/src/research/early-access/EarlyAccessRoute.openaccess.test.tsx[2m > [22m[2mthe Early Access route with no password[2m > [22m[2mdrains the unlock response before re-reading the authoritative session
[22m[39mThe current testing environment is not configured to support act(...)

[90mstderr[2m | client/src/research/early-access/EarlyAccessRoute.openaccess.test.tsx[2m > [22m[2mthe Early Access route with no password[2m > [22m[2mdrains the unlock response before re-reading the authoritative session
[22m[39mThe current testing environment is not configured to support act(...)

[90mstderr[2m | client/src/research/early-access/EarlyAccessRoute.openaccess.test.tsx[2m > [22m[2mthe Early Access route with no password[2m > [22m[2mdrains the unlock response before re-reading the authoritative session
[22m[39mThe current testing environment is not configured to support act(...)
The current testing environment is not configured to support act(...)
The current testing environment is not configured to support act(...)
The current testing environment is not configured to support act(...)
The current testing environment is not configured to support act(...)
The current testing environment is not configured to support act(...)
The current testing environment is not configured to support act(...)
The current testing environment is not configured to support act(...)

[90mstderr[2m | client/src/research/early-access/EarlyAccessRoute.openaccess.test.tsx[2m > [22m[2mthe Early Access route with no password[2m > [22m[2mdrains the unlock response before re-reading the authoritative session
[22m[39mThe current testing environment is not configured to support act(...)

[90mstderr[2m | client/src/research/early-access/EarlyAccessRoute.openaccess.test.tsx[2m > [22m[2mthe Early Access route with no password[2m > [22m[2mdrains the unlock response before re-reading the authoritative session
[22m[39mThe current testing environment is not configured to support act(...)

[90mstderr[2m | client/src/research/early-access/EarlyAccessRoute.openaccess.test.tsx[2m > [22m[2mthe Early Access route with no password[2m > [22m[2mdrains the unlock response before re-reading the authoritative session
[22m[39mThe current testing environment is not configured to support act(...)

[90mstderr[2m | client/src/research/early-access/EarlyAccessRoute.openaccess.test.tsx[2m > [22m[2mthe Early Access route with no password[2m > [22m[2mstill shows the prompt and drains password unlock before session re-read
[22m[39mThe current testing environment is not configured to support act(...)

[90mstderr[2m | client/src/research/early-access/EarlyAccessRoute.openaccess.test.tsx[2m > [22m[2mthe Early Access route with no password[2m > [22m[2mstill shows the prompt and drains password unlock before session re-read
[22m[39mThe current testing environment is not configured to support act(...)

[90mstderr[2m | client/src/research/early-access/EarlyAccessRoute.openaccess.test.tsx[2m > [22m[2mthe Early Access route with no password[2m > [22m[2mstill shows the prompt and drains password unlock before session re-read
[22m[39mThe current testing environment is not configured to support act(...)
The current testing environment is not configured to support act(...)
The current testing environment is not configured to support act(...)
The current testing environment is not configured to support act(...)
The current testing environment is not configured to support act(...)
The current testing environment is not configured to support act(...)
The current testing environment is not configured to support act(...)
The current testing environment is not configured to support act(...)
The current testing environment is not configured to support act(...)

[90mstderr[2m | client/src/research/early-access/EarlyAccessRoute.openaccess.test.tsx[2m > [22m[2mthe Early Access route with no password[2m > [22m[2mstill shows the prompt and drains password unlock before session re-read
[22m[39mThe current testing environment is not configured to support act(...)

[90mstderr[2m | client/src/research/early-access/EarlyAccessRoute.openaccess.test.tsx[2m > [22m[2mthe Early Access route with no password[2m > [22m[2mstill shows the prompt and drains password unlock before session re-read
[22m[39mThe current testing environment is not configured to support act(...)

[90mstderr[2m | client/src/research/early-access/EarlyAccessRoute.openaccess.test.tsx[2m > [22m[2mthe Early Access route with no password[2m > [22m[2mstill shows the prompt and drains password unlock before session re-read
[22m[39mThe current testing environment is not configured to support act(...)

[90mstderr[2m | client/src/research/early-access/EarlyAccessRoute.openaccess.test.tsx[2m > [22m[2mthe Early Access route with no password[2m > [22m[2mstill shows the prompt and drains password unlock before session re-read
[22m[39mThe current testing environment is not configured to support act(...)

[90mstderr[2m | client/src/research/early-access/EarlyAccessRoute.openaccess.test.tsx[2m > [22m[2mthe Early Access route with no password[2m > [22m[2mstill shows the prompt and drains password unlock before session re-read
[22m[39mThe current testing environment is not configured to support act(...)

 [32m✓[39m client/src/research/early-access/EarlyAccessRoute.openaccess.test.tsx [2m([22m[2m5 tests[22m[2m)[22m[32m 138[2mms[22m[39m
 [32m✓[39m server/research/early-access/legal/supabase-legal-binding-directory.customer-refs.test.ts [2m([22m[2m21 tests[22m[2m)[22m[32m 15[2mms[22m[39m
[90mstderr[2m | server/research/early-access/cart/intent-uniqueness.test.ts[2m > [22m[2mone customer intent, two quotes[2m > [22m[2mre-quoting an unchanged cart produces a NEW quote id carrying the SAME intent
[22m[39m[early-access] Private Early Access is using the in-memory session store. This is for tests and local development only and does not survive a restart.

[90mstderr[2m | server/research/early-access/cart/intent-uniqueness.test.ts[2m > [22m[2mone customer intent, two quotes[2m > [22m[2mdoes NOT create a second order for the same intent
[22m[39m[early-access] Private Early Access is using the in-memory session store. This is for tests and local development only and does not survive a restart.

[90mstderr[2m | server/research/early-access/cart/intent-uniqueness.test.ts[2m > [22m[2mone customer intent, two quotes[2m > [22m[2ma genuinely different cart is still allowed a second order
[22m[39m[early-access] Private Early Access is using the in-memory session store. This is for tests and local development only and does not survive a restart.

 [32m✓[39m server/research/early-access/cart/intent-uniqueness.test.ts [2m([22m[2m3 tests[22m[2m)[22m[32m 254[2mms[22m[39m
 [32m✓[39m server/research/early-access/persistence/ops-stores.test.ts [2m([22m[2m11 tests[22m[2m)[22m[32m 12[2mms[22m[39m
 [32m✓[39m shared/research/pricing.test.ts [2m([22m[2m14 tests[22m[2m)[22m[32m 10[2mms[22m[39m
 [32m✓[39m client/src/research/master-offerings/price-list-download.test.tsx [2m([22m[2m8 tests[22m[2m)[22m[32m 62[2mms[22m[39m
 [32m✓[39m client/src/research/kris-launch-a/kris-pathway-request.test.tsx [2m([22m[2m8 tests[22m[2m)[22m[32m 91[2mms[22m[39m
 [32m✓[39m client/src/research/master-offerings/catalog-discovery-presentation.test.tsx [2m([22m[2m6 tests[22m[2m)[22m[32m 158[2mms[22m[39m
[90mstderr[2m | client/src/research/early-access/EarlyAccessCatalogSection.test.tsx[2m > [22m[2mearly access catalogue section[2m > [22m[2mrenders exactly the rows the server sent
[22m[39mThe current testing environment is not configured to support act(...)

[90mstderr[2m | client/src/research/early-access/EarlyAccessCatalogSection.test.tsx[2m > [22m[2mearly access catalogue section[2m > [22m[2mrenders exactly the rows the server sent
[22m[39mThe current testing environment is not configured to support act(...)

[90mstderr[2m | client/src/research/early-access/EarlyAccessCatalogSection.test.tsx[2m > [22m[2mearly access catalogue section[2m > [22m[2mrenders exactly the rows the server sent
[22m[39mThe current testing environment is not configured to support act(...)

[90mstderr[2m | client/src/research/early-access/EarlyAccessCatalogSection.test.tsx[2m > [22m[2mearly access catalogue section[2m > [22m[2mstates the supported 1–100 assisted-order band without widening Featured checkout
[22m[39mThe current testing environment is not configured to support act(...)

[90mstderr[2m | client/src/research/early-access/EarlyAccessCatalogSection.test.tsx[2m > [22m[2mearly access catalogue section[2m > [22m[2mstates the supported 1–100 assisted-order band without widening Featured checkout
[22m[39mThe current testing environment is not configured to support act(...)

[90mstderr[2m | client/src/research/early-access/EarlyAccessCatalogSection.test.tsx[2m > [22m[2mearly access catalogue section[2m > [22m[2mstates the supported 1–100 assisted-order band without widening Featured checkout
[22m[39mThe current testing environment is not configured to support act(...)

[90mstderr[2m | client/src/research/early-access/EarlyAccessCatalogSection.test.tsx[2m > [22m[2mearly access catalogue section[2m > [22m[2mshows a lapsed session as lapsed, never as an empty catalogue
[22m[39mThe current testing environment is not configured to support act(...)

[90mstderr[2m | client/src/research/early-access/EarlyAccessCatalogSection.test.tsx[2m > [22m[2mearly access catalogue section[2m > [22m[2mshows a lapsed session as lapsed, never as an empty catalogue
[22m[39mThe current testing environment is not configured to support act(...)

[90mstderr[2m | client/src/research/early-access/EarlyAccessCatalogSection.test.tsx[2m > [22m[2mearly access catalogue section[2m > [22m[2mshows a lapsed session as lapsed, never as an empty catalogue
[22m[39mThe current testing environment is not configured to support act(...)

[90mstderr[2m | client/src/research/early-access/EarlyAccessCatalogSection.test.tsx[2m > [22m[2mearly access catalogue section[2m > [22m[2mshows an unreadable response as a fault on our side
[22m[39mThe current testing environment is not configured to support act(...)

[90mstderr[2m | client/src/research/early-access/EarlyAccessCatalogSection.test.tsx[2m > [22m[2mearly access catalogue section[2m > [22m[2mshows an unreadable response as a fault on our side
[22m[39mThe current testing environment is not configured to support act(...)

[90mstderr[2m | client/src/research/early-access/EarlyAccessCatalogSection.test.tsx[2m > [22m[2mearly access catalogue section[2m > [22m[2mshows an unreadable response as a fault on our side
[22m[39mThe current testing environment is not configured to support act(...)

[90mstderr[2m | client/src/research/early-access/EarlyAccessCatalogSection.test.tsx[2m > [22m[2mearly access catalogue section[2m > [22m[2mshows a transport error as the same fault, not as an empty catalogue
[22m[39mThe current testing environment is not configured to support act(...)

[90mstderr[2m | client/src/research/early-access/EarlyAccessCatalogSection.test.tsx[2m > [22m[2mearly access catalogue section[2m > [22m[2mshows a transport error as the same fault, not as an empty catalogue
[22m[39mThe current testing environment is not configured to support act(...)

[90mstderr[2m | client/src/research/early-access/EarlyAccessCatalogSection.test.tsx[2m > [22m[2mearly access catalogue section[2m > [22m[2mshows a transport error as the same fault, not as an empty catalogue
[22m[39mThe current testing environment is not configured to support act(...)

[90mstderr[2m | client/src/research/early-access/EarlyAccessCatalogSection.test.tsx[2m > [22m[2mearly access catalogue section[2m > [22m[2mdistinguishes a genuinely empty catalogue from every fault
[22m[39mThe current testing environment is not configured to support act(...)

[90mstderr[2m | client/src/research/early-access/EarlyAccessCatalogSection.test.tsx[2m > [22m[2mearly access catalogue section[2m > [22m[2mdistinguishes a genuinely empty catalogue from every fault
[22m[39mThe current testing environment is not configured to support act(...)

[90mstderr[2m | client/src/research/early-access/EarlyAccessCatalogSection.test.tsx[2m > [22m[2mearly access catalogue section[2m > [22m[2mdistinguishes a genuinely empty catalogue from every fault
[22m[39mThe current testing environment is not configured to support act(...)

[90mstderr[2m | client/src/research/early-access/EarlyAccessCatalogSection.test.tsx[2m > [22m[2mearly access catalogue section[2m > [22m[2mkeeps held and confirmation-required rows visible
[22m[39mThe current testing environment is not configured to support act(...)

[90mstderr[2m | client/src/research/early-access/EarlyAccessCatalogSection.test.tsx[2m > [22m[2mearly access catalogue section[2m > [22m[2mkeeps held and confirmation-required rows visible
[22m[39mThe current testing environment is not configured to support act(...)

[90mstderr[2m | client/src/research/early-access/EarlyAccessCatalogSection.test.tsx[2m > [22m[2mearly access catalogue section[2m > [22m[2mkeeps held and confirmation-required rows visible
[22m[39mThe current testing environment is not configured to support act(...)

[90mstderr[2m | client/src/research/early-access/EarlyAccessCatalogSection.test.tsx[2m > [22m[2mearly access catalogue section[2m > [22m[2msurfaces dropped rows rather than quietly rendering fewer
[22m[39mThe current testing environment is not configured to support act(...)

[90mstderr[2m | client/src/research/early-access/EarlyAccessCatalogSection.test.tsx[2m > [22m[2mearly access catalogue section[2m > [22m[2msurfaces dropped rows rather than quietly rendering fewer
[22m[39mThe current testing environment is not configured to support act(...)

[90mstderr[2m | client/src/research/early-access/EarlyAccessCatalogSection.test.tsx[2m > [22m[2mearly access catalogue section[2m > [22m[2msurfaces dropped rows rather than quietly rendering fewer
[22m[39mThe current testing environment is not configured to support act(...)

[90mstderr[2m | client/src/research/early-access/EarlyAccessCatalogSection.test.tsx[2m > [22m[2mearly access catalogue section[2m > [22m[2mholds no product data of its own
[22m[39mThe current testing environment is not configured to support act(...)

[90mstderr[2m | client/src/research/early-access/EarlyAccessCatalogSection.test.tsx[2m > [22m[2mearly access catalogue section[2m > [22m[2mholds no product data of its own
[22m[39mThe current testing environment is not configured to support act(...)

[90mstderr[2m | client/src/research/early-access/EarlyAccessCatalogSection.test.tsx[2m > [22m[2mearly access catalogue section[2m > [22m[2mholds no product data of its own
[22m[39mThe current testing environment is not configured to support act(...)

[90mstderr[2m | client/src/research/early-access/EarlyAccessCatalogSection.test.tsx[2m > [22m[2mearly access catalogue section[2m > [22m[2mreports the chosen product upward without acting on it
[22m[39mThe current testing environment is not configured to support act(...)

[90mstderr[2m | client/src/research/early-access/EarlyAccessCatalogSection.test.tsx[2m > [22m[2mearly access catalogue section[2m > [22m[2mreports the chosen product upward without acting on it
[22m[39mThe current testing environment is not configured to support act(...)

[90mstderr[2m | client/src/research/early-access/EarlyAccessCatalogSection.test.tsx[2m > [22m[2mearly access catalogue section[2m > [22m[2mreports the chosen product upward without acting on it
[22m[39mThe current testing environment is not configured to support act(...)

[90mstderr[2m | client/src/research/early-access/EarlyAccessCatalogSection.test.tsx[2m > [22m[2mearly access catalogue section[2m > [22m[2mreports the chosen product upward without acting on it
[22m[39mThe current testing environment is not configured to support act(...)

[90mstderr[2m | client/src/research/early-access/EarlyAccessCatalogSection.test.tsx[2m > [22m[2mit reads the catalogue once[2m > [22m[2mdoes not re-fetch itself forever when it uses its own default loader
[22m[39mThe current testing environment is not configured to support act(...)

[90mstderr[2m | client/src/research/early-access/EarlyAccessCatalogSection.test.tsx[2m > [22m[2mit reads the catalogue once[2m > [22m[2mdoes not re-fetch itself forever when it uses its own default loader
[22m[39mThe current testing environment is not configured to support act(...)

[90mstderr[2m | client/src/research/early-access/EarlyAccessCatalogSection.test.tsx[2m > [22m[2mit reads the catalogue once[2m > [22m[2mdoes not re-fetch itself forever when it uses its own default loader
[22m[39mThe current testing environment is not configured to support act(...)

 [32m✓[39m client/src/research/early-access/EarlyAccessCatalogSection.test.tsx [2m([22m[2m11 tests[22m[2m)[22m[32m 266[2mms[22m[39m
 [32m✓[39m client/src/research/early-access/EarlyAccessOrderSummary.test.tsx [2m([22m[2m8 tests[22m[2m)[22m[32m 91[2mms[22m[39m
 [32m✓[39m server/research/early-access/commerce/reservation.test.ts [2m([22m[2m10 tests[22m[2m)[22m[32m 9[2mms[22m[39m
 [32m✓[39m client/src/research/products-diagnostics/MemberCatalogExperience.test.tsx [2m([22m[2m6 tests[22m[2m)[22m[32m 175[2mms[22m[39m
 [32m✓[39m client/src/research/pages/member/guides.test.tsx [2m([22m[2m5 tests[22m[2m)[22m[32m 170[2mms[22m[39m
 [32m✓[39m server/research/early-access/commerce/payment-reconciliation.test.ts [2m([22m[2m12 tests[22m[2m)[22m[32m 13[2mms[22m[39m
 [32m✓[39m client/src/research/early-access/earlyAccessCatalogView.test.ts [2m([22m[2m36 tests[22m[2m)[22m[32m 12[2mms[22m[39m
 [32m✓[39m server/research/early-access/commerce/commission-event.test.ts [2m([22m[2m13 tests[22m[2m)[22m[32m 25[2mms[22m[39m
 [32m✓[39m client/src/research/kris-launch-a/purchase-mode-pin.test.ts [2m([22m[2m11 tests[22m[2m)[22m[32m 7[2mms[22m[39m
 [32m✓[39m server/research/early-access/cart/supabase-store.test.ts [2m([22m[2m6 tests[22m[2m)[22m[32m 7[2mms[22m[39m
 [32m✓[39m server/research/early-access/persistence/commerce-ports.test.ts [2m([22m[2m15 tests[22m[2m)[22m[32m 12[2mms[22m[39m
 [32m✓[39m server/research/early-access/cart/settlement-commission.test.ts [2m([22m[2m7 tests[22m[2m)[22m[32m 11[2mms[22m[39m
 [32m✓[39m client/src/research/lib/denials.test.ts [2m([22m[2m63 tests[22m[2m)[22m[32m 21[2mms[22m[39m
 [32m✓[39m client/src/research/account-portal/resource.test.tsx [2m([22m[2m5 tests[22m[2m)[22m[32m 42[2mms[22m[39m
[90mstderr[2m | server/research/early-access/routes/binding-provenance.test.ts[2m > [22m[2ma session bound by typing an email[2m > [22m[2mplaces an order and reads back the one it just placed
[22m[39m[early-access] Private Early Access is using the in-memory session store. This is for tests and local development only and does not survive a restart.

[90mstderr[2m | server/research/early-access/routes/binding-provenance.test.ts[2m > [22m[2ma session bound by typing an email[2m > [22m[2mcannot read an order that existed before it, and answers exactly like a missing one
[22m[39m[early-access] Private Early Access is using the in-memory session store. This is for tests and local development only and does not survive a restart.

[90mstderr[2m | server/research/early-access/routes/binding-provenance.test.ts[2m > [22m[2ma session bound by typing an email[2m > [22m[2mcannot submit payment proof against an order it did not create
[22m[39m[early-access] Private Early Access is using the in-memory session store. This is for tests and local development only and does not survive a restart.

[90mstderr[2m | server/research/early-access/routes/binding-provenance.test.ts[2m > [22m[2ma session bound by the signed verification link[2m > [22m[2mreads its own earlier order from a later session, which is the returning purchaser
[22m[39m[early-access] Private Early Access is using the in-memory session store. This is for tests and local development only and does not survive a restart.

[90mstderr[2m | server/research/early-access/routes/binding-provenance.test.ts[2m > [22m[2man unknown provenance[2m > [22m[2mis treated as email entry, so a store that cannot answer fails closed
[22m[39m[early-access] Private Early Access is using the in-memory session store. This is for tests and local development only and does not survive a restart.

[90mstderr[2m | server/research/early-access/routes/binding-provenance.test.ts[2m > [22m[2mthe order records how its session was bound[2m > [22m[2mstamps email_entry on an order placed by a typed-email session
[22m[39m[early-access] Private Early Access is using the in-memory session store. This is for tests and local development only and does not survive a restart.

[90mstderr[2m | server/research/early-access/routes/binding-provenance.test.ts[2m > [22m[2mthe order records how its session was bound[2m > [22m[2mstamps verified_link when the session proved the claim
[22m[39m[early-access] Private Early Access is using the in-memory session store. This is for tests and local development only and does not survive a restart.

 [32m✓[39m server/research/early-access/routes/binding-provenance.test.ts [2m([22m[2m7 tests[22m[2m)[22m[33m 598[2mms[22m[39m
 [32m✓[39m server/research/early-access/commerce/order-money.test.ts [2m([22m[2m20 tests[22m[2m)[22m[32m 12[2mms[22m[39m
 [32m✓[39m server/research/early-access/proof/transient-proof.test.ts [2m([22m[2m21 tests[22m[2m)[22m[32m 15[2mms[22m[39m
 [32m✓[39m client/src/research/account-portal/format.test.ts [2m([22m[2m7 tests[22m[2m)[22m[32m 25[2mms[22m[39m
 [32m✓[39m server/research/early-access/proof/product-display.test.ts [2m([22m[2m13 tests[22m[2m)[22m[32m 12[2mms[22m[39m
 [32m✓[39m server/research/early-access/release/opening-set.acceptance.test.ts [2m([22m[2m9 tests[22m[2m)[22m[32m 176[2mms[22m[39m
 [32m✓[39m server/research/early-access/release/storefront-view.test.ts [2m([22m[2m11 tests[22m[2m)[22m[32m 10[2mms[22m[39m
 [32m✓[39m server/research/early-access/commerce/buyer-scoped-order-service.test.ts [2m([22m[2m8 tests[22m[2m)[22m[32m 10[2mms[22m[39m
 [32m✓[39m server/research/early-access/cart/m66-quantity-band-sql.test.ts [2m([22m[2m4 tests[22m[2m)[22m[32m 28[2mms[22m[39m
[90mstderr[2m | client/src/research/early-access/EarlyAccessCatalogGrid.test.tsx[2m > [22m[2mearly access catalogue grid[2m > [22m[2mrenders all 22 approved rows, including the held ones
[22m[39mThe current testing environment is not configured to support act(...)

[90mstderr[2m | client/src/research/early-access/EarlyAccessCatalogGrid.test.tsx[2m > [22m[2mearly access catalogue grid[2m > [22m[2mrenders all 22 approved rows, including the held ones
[22m[39mThe current testing environment is not configured to support act(...)

[90mstderr[2m | client/src/research/early-access/EarlyAccessCatalogGrid.test.tsx[2m > [22m[2mearly access catalogue grid[2m > [22m[2mshows every approved product name and strength pair
[22m[39mThe current testing environment is not configured to support act(...)

[90mstderr[2m | client/src/research/early-access/EarlyAccessCatalogGrid.test.tsx[2m > [22m[2mearly access catalogue grid[2m > [22m[2mshows every approved product name and strength pair
[22m[39mThe current testing environment is not configured to support act(...)

[90mstderr[2m | client/src/research/early-access/EarlyAccessCatalogGrid.test.tsx[2m > [22m[2mearly access catalogue grid[2m > [22m[2mmarks the held rows held and leaves the rest orderable
[22m[39mThe current testing environment is not configured to support act(...)

[90mstderr[2m | client/src/research/early-access/EarlyAccessCatalogGrid.test.tsx[2m > [22m[2mearly access catalogue grid[2m > [22m[2mmarks the held rows held and leaves the rest orderable
[22m[39mThe current testing environment is not configured to support act(...)

[90mstderr[2m | client/src/research/early-access/EarlyAccessCatalogGrid.test.tsx[2m > [22m[2mearly access catalogue grid[2m > [22m[2mgives a held row no action at all, and leaves every other row its own
[22m[39mThe current testing environment is not configured to support act(...)

[90mstderr[2m | client/src/research/early-access/EarlyAccessCatalogGrid.test.tsx[2m > [22m[2mearly access catalogue grid[2m > [22m[2mgives a held row no action at all, and leaves every other row its own
[22m[39mThe current testing environment is not configured to support act(...)

[90mstderr[2m | client/src/research/early-access/EarlyAccessCatalogGrid.test.tsx[2m > [22m[2mearly access catalogue grid[2m > [22m[2mshows the single unit price and never a computed bundle total
[22m[39mThe current testing environment is not configured to support act(...)

[90mstderr[2m | client/src/research/early-access/EarlyAccessCatalogGrid.test.tsx[2m > [22m[2mearly access catalogue grid[2m > [22m[2mshows the single unit price and never a computed bundle total
[22m[39mThe current testing environment is not configured to support act(...)

[90mstderr[2m | client/src/research/early-access/EarlyAccessCatalogGrid.test.tsx[2m > [22m[2mearly access catalogue grid[2m > [22m[2msurfaces dropped rows rather than quietly shortening the catalogue
[22m[39mThe current testing environment is not configured to support act(...)

[90mstderr[2m | client/src/research/early-access/EarlyAccessCatalogGrid.test.tsx[2m > [22m[2mearly access catalogue grid[2m > [22m[2msurfaces dropped rows rather than quietly shortening the catalogue
[22m[39mThe current testing environment is not configured to support act(...)

[90mstderr[2m | client/src/research/early-access/EarlyAccessCatalogGrid.test.tsx[2m > [22m[2mearly access catalogue grid[2m > [22m[2mstates an empty catalogue plainly instead of dressing it up
[22m[39mThe current testing environment is not configured to support act(...)

[90mstderr[2m | client/src/research/early-access/EarlyAccessCatalogGrid.test.tsx[2m > [22m[2mearly access catalogue grid[2m > [22m[2mstates an empty catalogue plainly instead of dressing it up
[22m[39mThe current testing environment is not configured to support act(...)

[90mstderr[2m | client/src/research/early-access/EarlyAccessCatalogGrid.test.tsx[2m > [22m[2mearly access catalogue grid[2m > [22m[2mreports a selection with the product that was chosen
[22m[39mThe current testing environment is not configured to support act(...)

[90mstderr[2m | client/src/research/early-access/EarlyAccessCatalogGrid.test.tsx[2m > [22m[2mearly access catalogue grid[2m > [22m[2mreports a selection with the product that was chosen
[22m[39mThe current testing environment is not configured to support act(...)

[90mstderr[2m | client/src/research/early-access/EarlyAccessCatalogGrid.test.tsx[2m > [22m[2mearly access catalogue grid[2m > [22m[2mleaks no supplier, cost, margin, inventory or dispute wording anywhere
[22m[39mThe current testing environment is not configured to support act(...)

[90mstderr[2m | client/src/research/early-access/EarlyAccessCatalogGrid.test.tsx[2m > [22m[2mearly access catalogue grid[2m > [22m[2mleaks no supplier, cost, margin, inventory or dispute wording anywhere
[22m[39mThe current testing environment is not configured to support act(...)

 [32m✓[39m client/src/research/early-access/EarlyAccessCatalogGrid.test.tsx [2m([22m[2m9 tests[22m[2m)[22m[33m 603[2mms[22m[39m
 [32m✓[39m client/src/research/adapters/products-diagnostics.test.ts [2m([22m[2m6 tests[22m[2m)[22m[32m 35[2mms[22m[39m
 [32m✓[39m client/src/research/storefront/mobile-reflow.test.tsx [2m([22m[2m14 tests[22m[2m)[22m[32m 206[2mms[22m[39m
 [32m✓[39m server/research/early-access/ops/manual-action-record.test.ts [2m([22m[2m28 tests[22m[2m)[22m[32m 13[2mms[22m[39m
 [32m✓[39m server/research/early-access/identity/session-scoped-identity.test.ts [2m([22m[2m18 tests[22m[2m)[22m[32m 14[2mms[22m[39m
 [32m✓[39m shared/research/continuity/path-overlap.test.ts [2m([22m[2m19 tests[22m[2m)[22m[32m 9[2mms[22m[39m
 [32m✓[39m server/research/early-access/cart/transaction-identity.test.ts [2m([22m[2m13 tests[22m[2m)[22m[32m 10[2mms[22m[39m
 [32m✓[39m client/src/research/pricing/PriceDisplay.test.tsx [2m([22m[2m15 tests[22m[2m)[22m[32m 61[2mms[22m[39m
 [32m✓[39m client/src/research/master-offerings/catalog-routes.test.tsx [2m([22m[2m8 tests[22m[2m)[22m[32m 110[2mms[22m[39m
[90mstderr[2m | server/research/early-access/routes/buyer-scoped-door.test.ts[2m > [22m[2mbuyer-scoped pricing at the door: isolation attacks[2m > [22m[2mATTACK: a customer with no entitlement echoing the exact partner amount is refused with the LEDGER amount
[22m[39m[early-access] Private Early Access is using the in-memory session store. This is for tests and local development only and does not survive a restart.

[90mstderr[2m | server/research/early-access/routes/buyer-scoped-door.test.ts[2m > [22m[2mbuyer-scoped pricing at the door: isolation attacks[2m > [22m[2man entitled customer places at exactly the partner amount, and the money is written at it
[22m[39m[early-access] Private Early Access is using the in-memory session store. This is for tests and local development only and does not survive a restart.

[90mstderr[2m | server/research/early-access/routes/buyer-scoped-door.test.ts[2m > [22m[2mbuyer-scoped pricing at the door: isolation attacks[2m > [22m[2man entitled customer places at exactly the partner amount, and the money is written at it
[22m[39m[early-access] Private Early Access is using the in-memory session store. This is for tests and local development only and does not survive a restart.

[90mstderr[2m | server/research/early-access/routes/buyer-scoped-door.test.ts[2m > [22m[2mbuyer-scoped pricing at the door: isolation attacks[2m > [22m[2mATTACK: an entitled customer echoing the PUBLIC ledger amount is refused; equality is against the authorized amount, not a range
[22m[39m[early-access] Private Early Access is using the in-memory session store. This is for tests and local development only and does not survive a restart.

[90mstderr[2m | server/research/early-access/routes/buyer-scoped-door.test.ts[2m > [22m[2mbuyer-scoped pricing at the door: isolation attacks[2m > [22m[2mATTACK: an entitled customer echoing the PUBLIC ledger amount is refused; equality is against the authorized amount, not a range
[22m[39m[early-access] Private Early Access is using the in-memory session store. This is for tests and local development only and does not survive a restart.

[90mstderr[2m | server/research/early-access/routes/buyer-scoped-door.test.ts[2m > [22m[2mbuyer-scoped pricing at the door: isolation attacks[2m > [22m[2ma throwing provider RESTORES the public price: ledger placement succeeds, partner placement refuses
[22m[39m[early-access] Private Early Access is using the in-memory session store. This is for tests and local development only and does not survive a restart.

[90mstderr[2m | server/research/early-access/routes/buyer-scoped-door.test.ts[2m > [22m[2mbuyer-scoped pricing at the door: isolation attacks[2m > [22m[2ma replay returns the order AS SOLD at the partner amount, not as currently priced
[22m[39m[early-access] Private Early Access is using the in-memory session store. This is for tests and local development only and does not survive a restart.

[90mstderr[2m | server/research/early-access/routes/buyer-scoped-door.test.ts[2m > [22m[2mbuyer-scoped pricing at the door: isolation attacks[2m > [22m[2ma replay returns the order AS SOLD at the partner amount, not as currently priced
[22m[39m[early-access] Private Early Access is using the in-memory session store. This is for tests and local development only and does not survive a restart.

[90mstderr[2m | server/research/early-access/routes/buyer-scoped-door.test.ts[2m > [22m[2mbuyer-scoped pricing at the door: isolation attacks[2m > [22m[2mNEGATIVE CONTROL: with no provider configured, the door is byte-identical to the ledger behaviour
[22m[39m[early-access] Private Early Access is using the in-memory session store. This is for tests and local development only and does not survive a restart.

 [32m✓[39m server/research/early-access/routes/buyer-scoped-door.test.ts [2m([22m[2m6 tests[22m[2m)[22m[33m 424[2mms[22m[39m
 [32m✓[39m server/research/early-access/notifications/reserved-vs-submitted.test.ts [2m([22m[2m12 tests[22m[2m)[22m[32m 12[2mms[22m[39m
 [32m✓[39m server/research/early-access/legal/signer-identity.test.ts [2m([22m[2m11 tests[22m[2m)[22m[32m 9[2mms[22m[39m
 [32m✓[39m client/src/research/pages/adminx/question-answer.test.tsx [2m([22m[2m3 tests[22m[2m)[22m[32m 271[2mms[22m[39m
 [32m✓[39m client/src/research/quality/public-lot-api.test.ts [2m([22m[2m7 tests[22m[2m)[22m[32m 51[2mms[22m[39m
 [32m✓[39m server/research/early-access/proof/payment-presentation.test.ts [2m([22m[2m10 tests[22m[2m)[22m[32m 11[2mms[22m[39m
[90mstderr[2m | client/src/research/pages/adminx/InventoryLotsAdmin.test.tsx[2m > [22m[2mWebsite 4 inventory form completion[2m > [22m[2mretains the create form across await, resets it, selects the lot, and reloads
[22m[39mThe current testing environment is not configured to support act(...)

[90mstderr[2m | client/src/research/pages/adminx/InventoryLotsAdmin.test.tsx[2m > [22m[2mWebsite 4 inventory form completion[2m > [22m[2mretains the create form across await, resets it, selects the lot, and reloads
[22m[39mThe current testing environment is not configured to support act(...)
The current testing environment is not configured to support act(...)

[90mstderr[2m | client/src/research/pages/adminx/InventoryLotsAdmin.test.tsx[2m > [22m[2mWebsite 4 inventory form completion[2m > [22m[2mretains the create form across await, resets it, selects the lot, and reloads
[22m[39mThe current testing environment is not configured to support act(...)

[90mstderr[2m | client/src/research/pages/adminx/InventoryLotsAdmin.test.tsx[2m > [22m[2mWebsite 4 inventory form completion[2m > [22m[2mretains the create form across await, resets it, selects the lot, and reloads
[22m[39mThe current testing environment is not configured to support act(...)
The current testing environment is not configured to support act(...)
The current testing environment is not configured to support act(...)

[90mstderr[2m | client/src/research/pages/adminx/InventoryLotsAdmin.test.tsx[2m > [22m[2mWebsite 4 inventory form completion[2m > [22m[2mretains the create form across await, resets it, selects the lot, and reloads
[22m[39mThe current testing environment is not configured to support act(...)
The current testing environment is not configured to support act(...)
The current testing environment is not configured to support act(...)

[90mstderr[2m | client/src/research/pages/adminx/InventoryLotsAdmin.test.tsx[2m > [22m[2mWebsite 4 inventory form completion[2m > [22m[2mretains the create form across await, resets it, selects the lot, and reloads
[22m[39mThe current testing environment is not configured to support act(...)
The current testing environment is not configured to support act(...)

[90mstderr[2m | client/src/research/pages/adminx/InventoryLotsAdmin.test.tsx[2m > [22m[2mWebsite 4 inventory form completion[2m > [22m[2mretains the create form across await, resets it, selects the lot, and reloads
[22m[39mThe current testing environment is not configured to support act(...)

[90mstderr[2m | client/src/research/pages/adminx/InventoryLotsAdmin.test.tsx[2m > [22m[2mWebsite 4 inventory form completion[2m > [22m[2mretains the movement form across await, resets it, reports success, and reloads
[22m[39mThe current testing environment is not configured to support act(...)

[90mstderr[2m | client/src/research/pages/adminx/InventoryLotsAdmin.test.tsx[2m > [22m[2mWebsite 4 inventory form completion[2m > [22m[2mretains the movement form across await, resets it, reports success, and reloads
[22m[39mThe current testing environment is not configured to support act(...)
The current testing environment is not configured to support act(...)

[90mstderr[2m | client/src/research/pages/adminx/InventoryLotsAdmin.test.tsx[2m > [22m[2mWebsite 4 inventory form completion[2m > [22m[2mretains the movement form across await, resets it, reports success, and reloads
[22m[39mThe current testing environment is not configured to support act(...)

[90mstderr[2m | client/src/research/pages/adminx/InventoryLotsAdmin.test.tsx[2m > [22m[2mWebsite 4 inventory form completion[2m > [22m[2mretains the movement form across await, resets it, reports success, and reloads
[22m[39mThe current testing environment is not configured to support act(...)

[90mstderr[2m | client/src/research/pages/adminx/InventoryLotsAdmin.test.tsx[2m > [22m[2mWebsite 4 inventory form completion[2m > [22m[2mretains the movement form across await, resets it, reports success, and reloads
[22m[39mThe current testing environment is not configured to support act(...)
The current testing environment is not configured to support act(...)

[90mstderr[2m | client/src/research/pages/adminx/InventoryLotsAdmin.test.tsx[2m > [22m[2mWebsite 4 inventory form completion[2m > [22m[2mretains the movement form across await, resets it, reports success, and reloads
[22m[39mThe current testing environment is not configured to support act(...)
The current testing environment is not configured to support act(...)
The current testing environment is not configured to support act(...)

[90mstderr[2m | client/src/research/pages/adminx/InventoryLotsAdmin.test.tsx[2m > [22m[2mWebsite 4 inventory form completion[2m > [22m[2mretains the movement form across await, resets it, reports success, and reloads
[22m[39mThe current testing environment is not configured to support act(...)
The current testing environment is not configured to support act(...)

[90mstderr[2m | client/src/research/pages/adminx/InventoryLotsAdmin.test.tsx[2m > [22m[2mWebsite 4 inventory form completion[2m > [22m[2mretains the movement form across await, resets it, reports success, and reloads
[22m[39mThe current testing environment is not configured to support act(...)

 [32m✓[39m client/src/research/pages/adminx/InventoryLotsAdmin.test.tsx [2m([22m[2m2 tests[22m[2m)[22m[32m 170[2mms[22m[39m
 [32m✓[39m client/src/research/adapters/tracker.test.ts [2m([22m[2m12 tests[22m[2m)[22m[32m 38[2mms[22m[39m
 [32m✓[39m server/research/early-access/commerce/input-guards.test.ts [2m([22m[2m18 tests[22m[2m)[22m[32m 13[2mms[22m[39m
 [32m✓[39m server/research/early-access/routes/store.test.ts [2m([22m[2m7 tests[22m[2m)[22m[32m 6[2mms[22m[39m
 [32m✓[39m client/src/research/master-offerings/mobile-catalog.test.tsx [2m([22m[2m6 tests[22m[2m)[22m[32m 201[2mms[22m[39m
 [32m✓[39m server/research/early-access/commerce/early-access-invoice.test.ts [2m([22m[2m12 tests[22m[2m)[22m[32m 17[2mms[22m[39m
 [32m✓[39m client/src/research/pages/member/profile.test.tsx [2m([22m[2m5 tests[22m[2m)[22m[32m 161[2mms[22m[39m
 [32m✓[39m server/research/early-access/persistence/commerce-store.placements.test.ts [2m([22m[2m10 tests[22m[2m)[22m[32m 11[2mms[22m[39m
[90mstderr[2m | client/src/research/early-access/cart/journey-responsive-a11y.test.tsx[2m > [22m[2mthe progress indicator survives 390px[2m > [22m[2mdoes not pin itself to a fixed column count
[22m[39mThe current testing environment is not configured to support act(...)

[90mstderr[2m | client/src/research/early-access/cart/journey-responsive-a11y.test.tsx[2m > [22m[2mthe progress indicator survives 390px[2m > [22m[2mdoes not pin itself to a fixed column count
[22m[39mThe current testing environment is not configured to support act(...)

[90mstderr[2m | client/src/research/early-access/cart/journey-responsive-a11y.test.tsx[2m > [22m[2mthe progress indicator survives 390px[2m > [22m[2mlets the track scroll instead of the page
[22m[39mThe current testing environment is not configured to support act(...)

[90mstderr[2m | client/src/research/early-access/cart/journey-responsive-a11y.test.tsx[2m > [22m[2mthe progress indicator survives 390px[2m > [22m[2mlets the track scroll instead of the page
[22m[39mThe current testing environment is not configured to support act(...)

[90mstderr[2m | client/src/research/early-access/cart/journey-responsive-a11y.test.tsx[2m > [22m[2mthe progress indicator survives 390px[2m > [22m[2mcovers every step in the journey, in the journey's own order
[22m[39mThe current testing environment is not configured to support act(...)

[90mstderr[2m | client/src/research/early-access/cart/journey-responsive-a11y.test.tsx[2m > [22m[2mthe progress indicator survives 390px[2m > [22m[2mcovers every step in the journey, in the journey's own order
[22m[39mThe current testing environment is not configured to support act(...)

[90mstderr[2m | client/src/research/early-access/cart/journey-responsive-a11y.test.tsx[2m > [22m[2mthe progress indicator survives 390px[2m > [22m[2mmarks exactly one step current, and marks the ones behind it done
[22m[39mThe current testing environment is not configured to support act(...)

[90mstderr[2m | client/src/research/early-access/cart/journey-responsive-a11y.test.tsx[2m > [22m[2mthe progress indicator survives 390px[2m > [22m[2mmarks exactly one step current, and marks the ones behind it done
[22m[39mThe current testing environment is not configured to support act(...)

[90mstderr[2m | client/src/research/early-access/cart/journey-responsive-a11y.test.tsx[2m > [22m[2mthe position is announced once, not nine times[2m > [22m[2mstates the step in words and hides the drawn track from assistive tech
[22m[39mThe current testing environment is not configured to support act(...)

[90mstderr[2m | client/src/research/early-access/cart/journey-responsive-a11y.test.tsx[2m > [22m[2mthe position is announced once, not nine times[2m > [22m[2mstates the step in words and hides the drawn track from assistive tech
[22m[39mThe current testing environment is not configured to support act(...)

[90mstderr[2m | client/src/research/early-access/cart/journey-responsive-a11y.test.tsx[2m > [22m[2mthe position is announced once, not nine times[2m > [22m[2mthe Back control is a real button, so it is keyboard reachable
[22m[39mThe current testing environment is not configured to support act(...)

[90mstderr[2m | client/src/research/early-access/cart/journey-responsive-a11y.test.tsx[2m > [22m[2mthe position is announced once, not nine times[2m > [22m[2mthe Back control is a real button, so it is keyboard reachable
[22m[39mThe current testing environment is not configured to support act(...)

[90mstderr[2m | client/src/research/early-access/cart/journey-responsive-a11y.test.tsx[2m > [22m[2mthe position is announced once, not nine times[2m > [22m[2moffers no Back control on the first step
[22m[39mThe current testing environment is not configured to support act(...)

[90mstderr[2m | client/src/research/early-access/cart/journey-responsive-a11y.test.tsx[2m > [22m[2mthe position is announced once, not nine times[2m > [22m[2moffers no Back control on the first step
[22m[39mThe current testing environment is not configured to support act(...)

[90mstderr[2m | client/src/research/early-access/cart/journey-responsive-a11y.test.tsx[2m > [22m[2mthe agreements step is announced and does not overflow[2m > [22m[2mstates the standing through a live region and keeps its content narrow
[22m[39mThe current testing environment is not configured to support act(...)

[90mstderr[2m | client/src/research/early-access/cart/journey-responsive-a11y.test.tsx[2m > [22m[2mthe agreements step is announced and does not overflow[2m > [22m[2mstates the standing through a live region and keeps its content narrow
[22m[39mThe current testing environment is not configured to support act(...)

[90mstderr[2m | client/src/research/early-access/cart/journey-responsive-a11y.test.tsx[2m > [22m[2mthe agreements step is announced and does not overflow[2m > [22m[2mshows no continue control until the server standing is satisfied
[22m[39mThe current testing environment is not configured to support act(...)
The current testing environment is not configured to support act(...)
The current testing environment is not configured to support act(...)
The current testing environment is not configured to support act(...)
The current testing environment is not configured to support act(...)
The current testing environment is not configured to support act(...)

[90mstderr[2m | client/src/research/early-access/cart/journey-responsive-a11y.test.tsx[2m > [22m[2mthe agreements step is announced and does not overflow[2m > [22m[2mshows no continue control until the server standing is satisfied
[22m[39mThe current testing environment is not configured to support act(...)

 [32m✓[39m client/src/research/early-access/cart/journey-responsive-a11y.test.tsx [2m([22m[2m9 tests[22m[2m)[22m[32m 130[2mms[22m[39m
 [32m✓[39m server/research/early-access/identity/early-access-customer.test.ts [2m([22m[2m23 tests[22m[2m)[22m[32m 11[2mms[22m[39m
 [32m✓[39m server/research/early-access/notifications/legacy-order-notifier.test.ts [2m([22m[2m6 tests[22m[2m)[22m[32m 16[2mms[22m[39m
 [32m✓[39m server/research/early-access/proof/containers.test.ts [2m([22m[2m21 tests[22m[2m)[22m[32m 12[2mms[22m[39m
[90mstderr[2m | server/research/early-access/cart/store-composition.test.ts[2m > [22m[2mthe real registration, which is where the trapdoor was[2m > [22m[2mREFUSES TO BOOT: production, cart enabled, no durable store
[22m[39m[early-access] Private Early Access is using the in-memory session store. This is for tests and local development only and does not survive a restart.

[90mstderr[2m | server/research/early-access/cart/store-composition.test.ts[2m > [22m[2mthe real registration, which is where the trapdoor was[2m > [22m[2mboots in production with the cart enabled AND a durable store
[22m[39m[early-access] Private Early Access is using the in-memory session store. This is for tests and local development only and does not survive a restart.

[90mstderr[2m | server/research/early-access/cart/store-composition.test.ts[2m > [22m[2mthe real registration, which is where the trapdoor was[2m > [22m[2mboots in production with the cart DISABLED and no store, as before
[22m[39m[early-access] Private Early Access is using the in-memory session store. This is for tests and local development only and does not survive a restart.

 [32m✓[39m server/research/early-access/cart/store-composition.test.ts [2m([22m[2m11 tests[22m[2m)[22m[32m 49[2mms[22m[39m
 [32m✓[39m client/src/research/early-access/EarlyAccessReferralField.test.tsx [2m([22m[2m7 tests[22m[2m)[22m[32m 79[2mms[22m[39m
 [32m✓[39m client/src/research/products-diagnostics/ProductCatalogExperience.test.tsx [2m([22m[2m7 tests[22m[2m)[22m[32m 88[2mms[22m[39m
 [32m✓[39m client/src/research/pages/member-access-state.test.tsx [2m([22m[2m11 tests[22m[2m)[22m[32m 237[2mms[22m[39m
 [32m✓[39m shared/research/master-offerings/presentation-contract.test.ts [2m([22m[2m14 tests[22m[2m)[22m[32m 11[2mms[22m[39m
 [32m✓[39m server/research/early-access/cart/cart.test.ts [2m([22m[2m5 tests[22m[2m)[22m[32m 18[2mms[22m[39m
 [32m✓[39m client/src/research/pages/member/tracker.test.tsx [2m([22m[2m4 tests[22m[2m)[22m[32m 123[2mms[22m[39m
[90mstderr[2m | server/research/early-access/routes/order-money-guard.test.ts[2m > [22m[2mPAYABLE_TOTAL_INVALID[2m > [22m[2mrefuses the order and persists nothing when the money does not add up
[22m[39m[early-access] Private Early Access is using the in-memory session store. This is for tests and local development only and does not survive a restart.

 [32m✓[39m server/research/early-access/routes/order-money-guard.test.ts [2m([22m[2m8 tests[22m[2m)[22m[32m 95[2mms[22m[39m
 [32m✓[39m server/research/early-access/ops/supplier-confirmation-init.test.ts [2m([22m[2m12 tests[22m[2m)[22m[32m 115[2mms[22m[39m
 [32m✓[39m client/src/research/pages/member/product-subscribe.test.tsx [2m([22m[2m3 tests[22m[2m)[22m[32m 119[2mms[22m[39m
 [32m✓[39m client/src/research/early-access/cart/payment-single-amount.test.tsx [2m([22m[2m7 tests[22m[2m)[22m[32m 54[2mms[22m[39m
 [32m✓[39m client/src/research/b2b/PartnershipPages.test.tsx [2m([22m[2m5 tests[22m[2m)[22m[32m 208[2mms[22m[39m
 [32m✓[39m client/src/research/pages/member/xenios30.test.tsx [2m([22m[2m7 tests[22m[2m)[22m[32m 162[2mms[22m[39m
 [32m✓[39m client/src/research/adapters/earlyAccessCatalog.contract.test.ts [2m([22m[2m6 tests[22m[2m)[22m[32m 6[2mms[22m[39m
 [32m✓[39m server/research/early-access/legal/production-authority.test.ts [2m([22m[2m9 tests[22m[2m)[22m[32m 15[2mms[22m[39m
 [32m✓[39m server/research/early-access/proof/supabase-submission-store.test.ts [2m([22m[2m7 tests[22m[2m)[22m[32m 12[2mms[22m[39m
 [32m✓[39m shared/research/customer-account/contract.test.ts [2m([22m[2m21 tests[22m[2m)[22m[32m 12[2mms[22m[39m
 [32m✓[39m shared/research/catalog/quantum-product.test.ts [2m([22m[2m13 tests[22m[2m)[22m[32m 11[2mms[22m[39m
 [32m✓[39m server/research/membership-activation/esign/zip.test.ts [2m([22m[2m13 tests[22m[2m)[22m[32m 10[2mms[22m[39m
 [32m✓[39m client/src/care/shell.test.ts [2m([22m[2m7 tests[22m[2m)[22m[32m 10[2mms[22m[39m
 [32m✓[39m shared/research/catalog/supplement-copy.test.ts [2m([22m[2m11 tests[22m[2m)[22m[32m 35[2mms[22m[39m
 [32m✓[39m client/src/research/catalog-priority/CurrentDemandCollection.test.tsx [2m([22m[2m6 tests[22m[2m)[22m[32m 47[2mms[22m[39m
 [32m✓[39m client/src/research/adapters/guides.test.ts [2m([22m[2m13 tests[22m[2m)[22m[32m 41[2mms[22m[39m
 [32m✓[39m server/research/catalog/member-catalog-routes.test.ts [2m([22m[2m4 tests[22m[2m)[22m[32m 60[2mms[22m[39m
 [32m✓[39m server/research/early-access/cart/shipping-sla-alerts.test.ts [2m([22m[2m10 tests[22m[2m)[22m[32m 21[2mms[22m[39m
 [32m✓[39m server/research/account-identity/production-store.test.ts [2m([22m[2m4 tests[22m[2m)[22m[32m 11[2mms[22m[39m
 [32m✓[39m client/src/research/account/AccountSignIn.test.tsx [2m([22m[2m3 tests[22m[2m)[22m[32m 87[2mms[22m[39m
[90mstderr[2m | client/src/research/early-access/EarlyAccessOrderJourney.test.tsx[2m > [22m[2mproof upload[2m > [22m[2msays on the upload screen that uploading does not pay the order
[22m[39mThe current testing environment is not configured to support act(...)

[90mstderr[2m | client/src/research/early-access/EarlyAccessOrderJourney.test.tsx[2m > [22m[2mproof upload[2m > [22m[2msays on the upload screen that uploading does not pay the order
[22m[39mThe current testing environment is not configured to support act(...)

[90mstderr[2m | client/src/research/early-access/EarlyAccessOrderJourney.test.tsx[2m > [22m[2mproof upload[2m > [22m[2mcannot submit until a valid file is chosen
[22m[39mThe current testing environment is not configured to support act(...)

[90mstderr[2m | client/src/research/early-access/EarlyAccessOrderJourney.test.tsx[2m > [22m[2mproof upload[2m > [22m[2mcannot submit until a valid file is chosen
[22m[39mThe current testing environment is not configured to support act(...)

[90mstderr[2m | client/src/research/early-access/EarlyAccessOrderJourney.test.tsx[2m > [22m[2morder status[2m > [22m[2mstates plainly whether awaiting_payment is paid
[22m[39mThe current testing environment is not configured to support act(...)

[90mstderr[2m | client/src/research/early-access/EarlyAccessOrderJourney.test.tsx[2m > [22m[2morder status[2m > [22m[2mstates plainly whether awaiting_payment is paid
[22m[39mThe current testing environment is not configured to support act(...)

[90mstderr[2m | client/src/research/early-access/EarlyAccessOrderJourney.test.tsx[2m > [22m[2morder status[2m > [22m[2mstates plainly whether proof_submitted is paid
[22m[39mThe current testing environment is not configured to support act(...)

[90mstderr[2m | client/src/research/early-access/EarlyAccessOrderJourney.test.tsx[2m > [22m[2morder status[2m > [22m[2mstates plainly whether proof_submitted is paid
[22m[39mThe current testing environment is not configured to support act(...)

[90mstderr[2m | client/src/research/early-access/EarlyAccessOrderJourney.test.tsx[2m > [22m[2morder status[2m > [22m[2mstates plainly whether under_review is paid
[22m[39mThe current testing environment is not configured to support act(...)

[90mstderr[2m | client/src/research/early-access/EarlyAccessOrderJourney.test.tsx[2m > [22m[2morder status[2m > [22m[2mstates plainly whether under_review is paid
[22m[39mThe current testing environment is not configured to support act(...)

[90mstderr[2m | client/src/research/early-access/EarlyAccessOrderJourney.test.tsx[2m > [22m[2morder status[2m > [22m[2mstates plainly whether payment_verified is paid
[22m[39mThe current testing environment is not configured to support act(...)

[90mstderr[2m | client/src/research/early-access/EarlyAccessOrderJourney.test.tsx[2m > [22m[2morder status[2m > [22m[2mstates plainly whether payment_verified is paid
[22m[39mThe current testing environment is not configured to support act(...)

[90mstderr[2m | client/src/research/early-access/EarlyAccessOrderJourney.test.tsx[2m > [22m[2morder status[2m > [22m[2mstates plainly whether supplier_released is paid
[22m[39mThe current testing environment is not configured to support act(...)

[90mstderr[2m | client/src/research/early-access/EarlyAccessOrderJourney.test.tsx[2m > [22m[2morder status[2m > [22m[2mstates plainly whether supplier_released is paid
[22m[39mThe current testing environment is not configured to support act(...)

[90mstderr[2m | client/src/research/early-access/EarlyAccessOrderJourney.test.tsx[2m > [22m[2morder status[2m > [22m[2mstates plainly whether shipped is paid
[22m[39mThe current testing environment is not configured to support act(...)

[90mstderr[2m | client/src/research/early-access/EarlyAccessOrderJourney.test.tsx[2m > [22m[2morder status[2m > [22m[2mstates plainly whether shipped is paid
[22m[39mThe current testing environment is not configured to support act(...)

[90mstderr[2m | client/src/research/early-access/EarlyAccessOrderJourney.test.tsx[2m > [22m[2morder status[2m > [22m[2mnever reads a submitted proof as payment
[22m[39mThe current testing environment is not configured to support act(...)

[90mstderr[2m | client/src/research/early-access/EarlyAccessOrderJourney.test.tsx[2m > [22m[2morder status[2m > [22m[2mnever reads a submitted proof as payment
[22m[39mThe current testing environment is not configured to support act(...)

[90mstderr[2m | client/src/research/early-access/EarlyAccessOrderJourney.test.tsx[2m > [22m[2morder status[2m > [22m[2mshows every timeline step, including ones not reached
[22m[39mThe current testing environment is not configured to support act(...)

[90mstderr[2m | client/src/research/early-access/EarlyAccessOrderJourney.test.tsx[2m > [22m[2morder status[2m > [22m[2mshows every timeline step, including ones not reached
[22m[39mThe current testing environment is not configured to support act(...)

[90mstderr[2m | client/src/research/early-access/EarlyAccessOrderJourney.test.tsx[2m > [22m[2morder status[2m > [22m[2mpromises tracking rather than inventing it
[22m[39mThe current testing environment is not configured to support act(...)
The current testing environment is not configured to support act(...)

[90mstderr[2m | client/src/research/early-access/EarlyAccessOrderJourney.test.tsx[2m > [22m[2morder status[2m > [22m[2mpromises tracking rather than inventing it
[22m[39mThe current testing environment is not configured to support act(...)

[90mstderr[2m | client/src/research/early-access/EarlyAccessOrderJourney.test.tsx[2m > [22m[2morder status[2m > [22m[2mcarries the fulfillment target as a target, never a guarantee
[22m[39mThe current testing environment is not configured to support act(...)

[90mstderr[2m | client/src/research/early-access/EarlyAccessOrderJourney.test.tsx[2m > [22m[2morder status[2m > [22m[2mcarries the fulfillment target as a target, never a guarantee
[22m[39mThe current testing environment is not configured to support act(...)

 [32m✓[39m client/src/research/early-access/EarlyAccessOrderJourney.test.tsx [2m([22m[2m14 tests[22m[2m)[22m[32m 99[2mms[22m[39m
 [32m✓[39m server/research/early-access/notifications/tracking-notifier.test.ts [2m([22m[2m6 tests[22m[2m)[22m[32m 9[2mms[22m[39m
 [32m✓[39m client/src/research/master-offerings/catalog-access-path.test.ts [2m([22m[2m7 tests[22m[2m)[22m[32m 7[2mms[22m[39m
 [32m✓[39m client/src/research/early-access/EarlyAccessStepper.test.tsx [2m([22m[2m6 tests[22m[2m)[22m[32m 78[2mms[22m[39m
 [32m✓[39m server/research/early-access/legal/signing-seam.test.ts [2m([22m[2m13 tests[22m[2m)[22m[32m 8[2mms[22m[39m
 [32m✓[39m client/src/research/early-access/pendingOrderStore.test.ts [2m([22m[2m8 tests[22m[2m)[22m[32m 23[2mms[22m[39m
 [32m✓[39m server/research/early-access/persistence/reservation-store.test.ts [2m([22m[2m7 tests[22m[2m)[22m[32m 8[2mms[22m[39m
 [32m✓[39m shared/research/early-access/commerce-reads-no-copy.test.ts [2m([22m[2m5 tests[22m[2m)[22m[32m 5[2mms[22m[39m
 [32m✓[39m client/src/research/products-diagnostics/DiagnosticsExperience.test.tsx [2m([22m[2m6 tests[22m[2m)[22m[32m 45[2mms[22m[39m
 [32m✓[39m server/research/early-access/cart/attribution-adapter.test.ts [2m([22m[2m14 tests[22m[2m)[22m[32m 11[2mms[22m[39m
 [32m✓[39m client/src/research/pages/member/blueprint.test.tsx [2m([22m[2m5 tests[22m[2m)[22m[32m 112[2mms[22m[39m
 [32m✓[39m client/src/research/kris-launch-a/legacy-buy-now.test.tsx [2m([22m[2m6 tests[22m[2m)[22m[32m 115[2mms[22m[39m
 [32m✓[39m server/research/affiliates/v2/commission-schedule.test.ts [2m([22m[2m12 tests[22m[2m)[22m[32m 8[2mms[22m[39m
 [32m✓[39m client/src/research/master-offerings/mobile-reflow.test.tsx [2m([22m[2m2 tests[22m[2m)[22m[32m 69[2mms[22m[39m
 [32m✓[39m client/src/research/pages/partners/apply.test.tsx [2m([22m[2m3 tests[22m[2m)[22m[32m 196[2mms[22m[39m
 [32m✓[39m server/research/early-access/cart/settlement.test.ts [2m([22m[2m2 tests[22m[2m)[22m[32m 8[2mms[22m[39m
 [32m✓[39m client/src/research/pages/quality-surfaces.test.tsx [2m([22m[2m5 tests[22m[2m)[22m[32m 187[2mms[22m[39m
[90mstderr[2m | client/src/research/early-access/EarlyAccessInvoicePanel.test.tsx[2m > [22m[2minvoice and payment instructions[2m > [22m[2mrenders the server's amounts exactly and derives none of them
[22m[39mThe current testing environment is not configured to support act(...)

[90mstderr[2m | client/src/research/early-access/EarlyAccessInvoicePanel.test.tsx[2m > [22m[2minvoice and payment instructions[2m > [22m[2mrenders the server's amounts exactly and derives none of them
[22m[39mThe current testing environment is not configured to support act(...)

[90mstderr[2m | client/src/research/early-access/EarlyAccessInvoicePanel.test.tsx[2m > [22m[2minvoice and payment instructions[2m > [22m[2mrenders a total that disagrees with its parts, rather than silently correcting it
[22m[39mThe current testing environment is not configured to support act(...)

[90mstderr[2m | client/src/research/early-access/EarlyAccessInvoicePanel.test.tsx[2m > [22m[2minvoice and payment instructions[2m > [22m[2mrenders a total that disagrees with its parts, rather than silently correcting it
[22m[39mThe current testing environment is not configured to support act(...)

[90mstderr[2m | client/src/research/early-access/EarlyAccessInvoicePanel.test.tsx[2m > [22m[2minvoice and payment instructions[2m > [22m[2mgives the payment reference its own region and says why it is required
[22m[39mThe current testing environment is not configured to support act(...)

[90mstderr[2m | client/src/research/early-access/EarlyAccessInvoicePanel.test.tsx[2m > [22m[2minvoice and payment instructions[2m > [22m[2mgives the payment reference its own region and says why it is required
[22m[39mThe current testing environment is not configured to support act(...)

[90mstderr[2m | client/src/research/early-access/EarlyAccessInvoicePanel.test.tsx[2m > [22m[2minvoice and payment instructions[2m > [22m[2mstates on the payment screen that paying does not make the order paid
[22m[39mThe current testing environment is not configured to support act(...)

[90mstderr[2m | client/src/research/early-access/EarlyAccessInvoicePanel.test.tsx[2m > [22m[2minvoice and payment instructions[2m > [22m[2mstates on the payment screen that paying does not make the order paid
[22m[39mThe current testing environment is not configured to support act(...)

[90mstderr[2m | client/src/research/early-access/EarlyAccessInvoicePanel.test.tsx[2m > [22m[2minvoice and payment instructions[2m > [22m[2mhides the discount line entirely when the server applied none
[22m[39mThe current testing environment is not configured to support act(...)

[90mstderr[2m | client/src/research/early-access/EarlyAccessInvoicePanel.test.tsx[2m > [22m[2minvoice and payment instructions[2m > [22m[2mhides the discount line entirely when the server applied none
[22m[39mThe current testing environment is not configured to support act(...)

[90mstderr[2m | client/src/research/early-access/EarlyAccessInvoicePanel.test.tsx[2m > [22m[2minvoice and payment instructions[2m > [22m[2muses the server's own discount label rather than inventing one
[22m[39mThe current testing environment is not configured to support act(...)

[90mstderr[2m | client/src/research/early-access/EarlyAccessInvoicePanel.test.tsx[2m > [22m[2minvoice and payment instructions[2m > [22m[2muses the server's own discount label rather than inventing one
[22m[39mThe current testing environment is not configured to support act(...)

[90mstderr[2m | client/src/research/early-access/EarlyAccessInvoicePanel.test.tsx[2m > [22m[2minvoice and payment instructions[2m > [22m[2mrenders instructions as given, whether a string or a list
[22m[39mThe current testing environment is not configured to support act(...)
The current testing environment is not configured to support act(...)
The current testing environment is not configured to support act(...)

[90mstderr[2m | client/src/research/early-access/EarlyAccessInvoicePanel.test.tsx[2m > [22m[2minvoice and payment instructions[2m > [22m[2mrenders instructions as given, whether a string or a list
[22m[39mThe current testing environment is not configured to support act(...)

[90mstderr[2m | client/src/research/early-access/EarlyAccessInvoicePanel.test.tsx[2m > [22m[2minvoice and payment instructions[2m > [22m[2mcarries the fulfillment target as a target and never a promise
[22m[39mThe current testing environment is not configured to support act(...)

[90mstderr[2m | client/src/research/early-access/EarlyAccessInvoicePanel.test.tsx[2m > [22m[2minvoice and payment instructions[2m > [22m[2mcarries the fulfillment target as a target and never a promise
[22m[39mThe current testing environment is not configured to support act(...)

[90mstderr[2m | client/src/research/early-access/EarlyAccessInvoicePanel.test.tsx[2m > [22m[2minvoice and payment instructions[2m > [22m[2mrespects a non-USD currency from the server
[22m[39mThe current testing environment is not configured to support act(...)

[90mstderr[2m | client/src/research/early-access/EarlyAccessInvoicePanel.test.tsx[2m > [22m[2minvoice and payment instructions[2m > [22m[2mrespects a non-USD currency from the server
[22m[39mThe current testing environment is not configured to support act(...)

 [32m✓[39m client/src/research/early-access/EarlyAccessInvoicePanel.test.tsx [2m([22m[2m9 tests[22m[2m)[22m[32m 104[2mms[22m[39m
 [32m✓[39m client/src/research/adapters/earlyAccessAdminOrders.test.ts [2m([22m[2m9 tests[22m[2m)[22m[32m 33[2mms[22m[39m
 [32m✓[39m client/src/research/adapters/cartProductSelection.test.ts [2m([22m[2m5 tests[22m[2m)[22m[32m 8[2mms[22m[39m
 [32m✓[39m client/src/research/account-portal/api.test.ts [2m([22m[2m7 tests[22m[2m)[22m[32m 17[2mms[22m[39m
 [32m✓[39m client/src/lib/supabaseBrowser.test.ts [2m([22m[2m4 tests[22m[2m)[22m[32m 16[2mms[22m[39m
 [32m✓[39m server/research/account-identity/production-mount.test.ts [2m([22m[2m5 tests[22m[2m)[22m[32m 30[2mms[22m[39m
 [32m✓[39m server/research/capabilities.test.ts [2m([22m[2m4 tests[22m[2m)[22m[32m 36[2mms[22m[39m
[90mstderr[2m | server/research/rate-limit.test.ts[2m > [22m[2mdurable rate limiting[2m > [22m[2mfalls back to the in-memory window when the database call fails
[22m[39m[rate limit] durable limiter failed: Error: db down
    at Object.rpc [90m(/workspace/[39mserver/research/rate-limit.test.ts:20:46[90m)[39m
    at Module.rateLimitHit [90m(/workspace/[39mserver/research/rate-limit.ts:51:46[90m)[39m
    at [90m/workspace/[39mserver/research/rate-limit.test.ts:55:18
    at [90mfile:///workspace/[39mnode_modules/[4m@vitest[24m/runner/dist/chunk-artifact.js:302:11
    at [90mfile:///workspace/[39mnode_modules/[4m@vitest[24m/runner/dist/chunk-artifact.js:1903:26
    at [90mfile:///workspace/[39mnode_modules/[4m@vitest[24m/runner/dist/chunk-artifact.js:2326:20
    at new Promise (<anonymous>)
    at runWithCancel [90m(file:///workspace/[39mnode_modules/[4m@vitest[24m/runner/dist/chunk-artifact.js:2323:10[90m)[39m
    at [90mfile:///workspace/[39mnode_modules/[4m@vitest[24m/runner/dist/chunk-artifact.js:2305:20
    at new Promise (<anonymous>)

[90mstderr[2m | server/research/rate-limit.test.ts[2m > [22m[2mdurable rate limiting[2m > [22m[2mfalls back to the in-memory window when the database call fails
[22m[39m[rate limit] durable limiter failed: Error: db down
    at Object.rpc [90m(/workspace/[39mserver/research/rate-limit.test.ts:20:46[90m)[39m
    at Module.rateLimitHit [90m(/workspace/[39mserver/research/rate-limit.ts:51:46[90m)[39m
    at [90m/workspace/[39mserver/research/rate-limit.test.ts:56:18
[90m    at processTicksAndRejections (node:internal/process/task_queues:95:5)[39m
    at [90mfile:///workspace/[39mnode_modules/[4m@vitest[24m/runner/dist/chunk-artifact.js:1903:20

[90mstderr[2m | server/research/rate-limit.test.ts[2m > [22m[2mdurable rate limiting[2m > [22m[2mfalls back to the in-memory window when the database call fails
[22m[39m[rate limit] durable limiter failed: Error: db down
    at Object.rpc [90m(/workspace/[39mserver/research/rate-limit.test.ts:20:46[90m)[39m
    at Module.rateLimitHit [90m(/workspace/[39mserver/research/rate-limit.ts:51:46[90m)[39m
    at [90m/workspace/[39mserver/research/rate-limit.test.ts:57:18
[90m    at processTicksAndRejections (node:internal/process/task_queues:95:5)[39m
    at [90mfile:///workspace/[39mnode_modules/[4m@vitest[24m/runner/dist/chunk-artifact.js:1903:20

 [32m✓[39m server/research/rate-limit.test.ts [2m([22m[2m7 tests[22m[2m)[22m[32m 15[2mms[22m[39m
 [32m✓[39m server/research/catalog/cached-product-catalog-reader.test.ts [2m([22m[2m6 tests[22m[2m)[22m[32m 7[2mms[22m[39m
[90mstderr[2m | server/research/outbox-enqueue-once.test.ts[2m > [22m[2menqueueNotificationOnce[2m > [22m[2mreports `unavailable` for any other failure
[22m[39m[outbox] enqueue failed: connection failure

[90mstderr[2m | server/research/outbox-enqueue-once.test.ts[2m > [22m[2menqueueNotification keeps its exact previous behaviour[2m > [22m[2mis false when the queue is unreachable or unconfigured
[22m[39m[outbox] enqueue failed: connection failure

 [32m✓[39m server/research/outbox-enqueue-once.test.ts [2m([22m[2m7 tests[22m[2m)[22m[32m 216[2mms[22m[39m
 [32m✓[39m shared/research/recovery.test.ts [2m([22m[2m10 tests[22m[2m)[22m[32m 8[2mms[22m[39m
 [32m✓[39m server/research/account-identity/business-buyer-bridge.test.ts [2m([22m[2m5 tests[22m[2m)[22m[32m 11[2mms[22m[39m
 [32m✓[39m server/care/access-migration.test.ts [2m([22m[2m6 tests[22m[2m)[22m[32m 8[2mms[22m[39m
 [32m✓[39m server/research/assisted-order/audit-store-sql.test.ts [2m([22m[2m5 tests[22m[2m)[22m[32m 7[2mms[22m[39m
 [32m✓[39m server/research/buyer-commerce/routes.test.ts [2m([22m[2m4 tests[22m[2m)[22m[32m 48[2mms[22m[39m
 [32m✓[39m client/src/research/early-access-open-route.test.tsx [2m([22m[2m11 tests[22m[2m)[22m[32m 163[2mms[22m[39m
 [32m✓[39m server/research/account-identity/b2b-buyer-bridge-sql.test.ts [2m([22m[2m8 tests[22m[2m)[22m[32m 7[2mms[22m[39m
 [32m✓[39m client/src/lib/sitemap-parity.test.ts [2m([22m[2m7 tests[22m[2m)[22m[32m 16[2mms[22m[39m
 [32m✓[39m client/src/research/routes-parity.test.ts [2m([22m[2m5 tests[22m[2m)[22m[32m 10[2mms[22m[39m
 [32m✓[39m server/research/account-identity/b2b-sponsored-claim-supabase.test.ts [2m([22m[2m3 tests[22m[2m)[22m[32m 12[2mms[22m[39m
 [32m✓[39m client/src/components/TouchCheckbox.test.tsx [2m([22m[2m2 tests[22m[2m)[22m[32m 47[2mms[22m[39m
 [32m✓[39m server/research/catalog/v3-preview-catalog.test.ts [2m([22m[2m55 tests[22m[2m)[22m[32m 20[2mms[22m[39m
 [32m✓[39m server/research/buyer-commerce/identity-adapter.test.ts [2m([22m[2m3 tests[22m[2m)[22m[32m 8[2mms[22m[39m
 [32m✓[39m server/services/email-config.test.ts [2m([22m[2m5 tests[22m[2m)[22m[32m 7[2mms[22m[39m
 [32m✓[39m server/research/account-identity/routes.test.ts [2m([22m[2m2 tests[22m[2m)[22m[32m 29[2mms[22m[39m
 [32m✓[39m client/src/components/AppErrorBoundary.test.tsx [2m([22m[2m3 tests[22m[2m)[22m[32m 56[2mms[22m[39m
 [32m✓[39m server/care/appointment-repository.test.ts [2m([22m[2m2 tests[22m[2m)[22m[32m 9[2mms[22m[39m
 [32m✓[39m server/care/clinician-review.test.ts [2m([22m[2m2 tests[22m[2m)[22m[32m 5[2mms[22m[39m
 [32m✓[39m server/care/appointment-migration.test.ts [2m([22m[2m4 tests[22m[2m)[22m[32m 5[2mms[22m[39m
 [32m✓[39m server/care/clinical-projection-privacy.test.ts [2m([22m[2m2 tests[22m[2m)[22m[32m 8[2mms[22m[39m
 [32m✓[39m server/care/appointments.test.ts [2m([22m[2m3 tests[22m[2m)[22m[32m 5[2mms[22m[39m
 [32m✓[39m server/source-auditability.test.ts [2m([22m[2m1 test[22m[2m)[22m[32m 231[2mms[22m[39m
 [32m✓[39m server/care/consent.test.ts [2m([22m[2m4 tests[22m[2m)[22m[32m 12[2mms[22m[39m
 [32m✓[39m server/research/early-access/release/canonical-payment-eligibility.holds.test.ts [2m([22m[2m14 tests[22m[2m)[22m[32m 8[2mms[22m[39m
 [32m✓[39m server/care/eligibility-migration.test.ts [2m([22m[2m6 tests[22m[2m)[22m[32m 7[2mms[22m[39m
 [32m✓[39m server/care/eligibility.test.ts [2m([22m[2m8 tests[22m[2m)[22m[32m 7[2mms[22m[39m
 [32m✓[39m shared/research/affiliate-program/config.test.ts [2m([22m[2m11 tests[22m[2m)[22m[32m 8[2mms[22m[39m
 [32m✓[39m server/research/early-access/persistence/proof-storage.test.ts [2m([22m[2m10 tests[22m[2m)[22m[32m 11[2mms[22m[39m
[90mstderr[2m | server/research/early-access/release/availability-and-holds.test.ts[2m > [22m[2mQA R4: a hold recorded after a founder release wins[2m > [22m[2mrefuses order creation for the held row at the mounted route
[22m[39m[early-access] Private Early Access is using the in-memory session store. This is for tests and local development only and does not survive a restart.

 [32m✓[39m server/research/early-access/release/availability-and-holds.test.ts [2m([22m[2m6 tests[22m[2m)[22m[32m 92[2mms[22m[39m
 [32m✓[39m client/src/research/assisted-order/api.test.ts [2m([22m[2m4 tests[22m[2m)[22m[32m 8[2mms[22m[39m
 [32m✓[39m server/care/intake.test.ts [2m([22m[2m4 tests[22m[2m)[22m[32m 8[2mms[22m[39m
 [32m✓[39m server/care/prescription-repository.test.ts [2m([22m[2m3 tests[22m[2m)[22m[32m 7[2mms[22m[39m
 [32m✓[39m server/care/integration-wiring.test.ts [2m([22m[2m4 tests[22m[2m)[22m[32m 5[2mms[22m[39m
 [32m✓[39m server/research/early-access/cart/customer-status.test.ts [2m([22m[2m3 tests[22m[2m)[22m[32m 6[2mms[22m[39m
 [32m✓[39m server/research/early-access/proof/production-deps.test.ts [2m([22m[2m6 tests[22m[2m)[22m[32m 9[2mms[22m[39m
 [32m✓[39m server/research/early-access/persistence/identity.test.ts [2m([22m[2m8 tests[22m[2m)[22m[32m 8[2mms[22m[39m
 [32m✓[39m client/src/research/master-offerings/catalog-discovery-url-state.test.tsx [2m([22m[2m3 tests[22m[2m)[22m[32m 72[2mms[22m[39m
 [32m✓[39m client/src/research/early-access/roadmap/PeptideRoadmapCatalog.test.tsx [2m([22m[2m5 tests[22m[2m)[22m[32m 98[2mms[22m[39m
 [32m✓[39m client/src/research/assisted-order/draft-store.test.ts [2m([22m[2m5 tests[22m[2m)[22m[32m 7[2mms[22m[39m
 [32m✓[39m client/src/research/master-offerings/integration-packet.test.ts [2m([22m[2m5 tests[22m[2m)[22m[32m 12[2mms[22m[39m
 [32m✓[39m client/src/research/account/AccountHome.test.tsx [2m([22m[2m3 tests[22m[2m)[22m[32m 70[2mms[22m[39m
 [32m✓[39m client/src/research/early-access/cart/EarlyAccessCartCatalogue.quantity-routing.test.tsx [2m([22m[2m4 tests[22m[2m)[22m[32m 150[2mms[22m[39m
[90mstderr[2m | client/src/research/pages/adminx/admin-sign-out.test.tsx[2m > [22m[2mcanonical admin pre-sign-out coordination[2m > [22m[2mawaits authenticated cleanup before Supabase sign-out
[22m[39mAn update to SessionProbe inside a test was not wrapped in act(...).

When testing, code that causes React state updates should be wrapped into act(...):

act(() => {
  /* fire events that update state */
});
/* assert on the output */

This ensures that you're testing the behavior the user would see in the browser. Learn more at https://react.dev/link/wrap-tests-with-act

[90mstderr[2m | client/src/research/pages/adminx/admin-sign-out.test.tsx[2m > [22m[2mcanonical admin pre-sign-out coordination[2m > [22m[2mfails closed when cleanup fails and permits a clean retry
[22m[39mAn update to SessionProbe inside a test was not wrapped in act(...).

When testing, code that causes React state updates should be wrapped into act(...):

act(() => {
  /* fire events that update state */
});
/* assert on the output */

This ensures that you're testing the behavior the user would see in the browser. Learn more at https://react.dev/link/wrap-tests-with-act

[90mstderr[2m | client/src/research/pages/adminx/admin-sign-out.test.tsx[2m > [22m[2mcanonical admin pre-sign-out coordination[2m > [22m[2mcoalesces concurrent sign-out requests into one cleanup and one sign-out
[22m[39mAn update to SessionProbe inside a test was not wrapped in act(...).

When testing, code that causes React state updates should be wrapped into act(...):

act(() => {
  /* fire events that update state */
});
/* assert on the output */

This ensures that you're testing the behavior the user would see in the browser. Learn more at https://react.dev/link/wrap-tests-with-act

[90mstderr[2m | client/src/research/pages/adminx/admin-sign-out.test.tsx[2m > [22m[2mcanonical admin pre-sign-out coordination[2m > [22m[2mdoes not run a disposed page-local cleanup task
[22m[39mAn update to SessionProbe inside a test was not wrapped in act(...).

When testing, code that causes React state updates should be wrapped into act(...):

act(() => {
  /* fire events that update state */
});
/* assert on the output */

This ensures that you're testing the behavior the user would see in the browser. Learn more at https://react.dev/link/wrap-tests-with-act

 [32m✓[39m client/src/research/pages/adminx/admin-sign-out.test.tsx [2m([22m[2m4 tests[22m[2m)[22m[32m 63[2mms[22m[39m
[90mstderr[2m | client/src/research/pages/helper-a11y-targets.test.tsx[2m > [22m[2mARIA_REFERENCES_RESOLVE — FAQ disclosure panels[2m > [22m[2mkeeps every aria-controls target in the DOM while collapsed and reveals it on expand
[22m[39mThe current testing environment is not configured to support act(...)

[90mstderr[2m | client/src/research/pages/helper-a11y-targets.test.tsx[2m > [22m[2mARIA_REFERENCES_RESOLVE — FAQ disclosure panels[2m > [22m[2mkeeps every aria-controls target in the DOM while collapsed and reveals it on expand
[22m[39mThe current testing environment is not configured to support act(...)

[90mstderr[2m | client/src/research/pages/helper-a11y-targets.test.tsx[2m > [22m[2mARIA_REFERENCES_RESOLVE — FAQ disclosure panels[2m > [22m[2mkeeps every aria-controls target in the DOM while collapsed and reveals it on expand
[22m[39mThe current testing environment is not configured to support act(...)

 [32m✓[39m client/src/research/pages/helper-a11y-targets.test.tsx [2m([22m[2m5 tests[22m[2m)[22m[32m 183[2mms[22m[39m
 [32m✓[39m client/src/research/products-diagnostics/V3SupplementCatalogExperience.test.tsx [2m([22m[2m4 tests[22m[2m)[22m[32m 84[2mms[22m[39m
 [32m✓[39m client/src/research/products-diagnostics/CareAndSupplementsExperience.test.tsx [2m([22m[2m3 tests[22m[2m)[22m[32m 28[2mms[22m[39m
[90mstderr[2m | client/src/research/ui/admin-shell.test.tsx[2m > [22m[2mResearchAdminShell grouped navigation[2m > [22m[2mgroups every existing admin destination instead of rendering a horizontal link strip
[22m[39mThe current testing environment is not configured to support act(...)
The current testing environment is not configured to support act(...)

[90mstderr[2m | client/src/research/ui/admin-shell.test.tsx[2m > [22m[2mResearchAdminShell grouped navigation[2m > [22m[2mopens the current group and exposes exactly one current-page link
[22m[39mThe current testing environment is not configured to support act(...)
The current testing environment is not configured to support act(...)

[90mstderr[2m | client/src/research/ui/admin-shell.test.tsx[2m > [22m[2mResearchAdminShell grouped navigation[2m > [22m[2mkeeps grouped summaries keyboard-operable and all destinations real links
[22m[39mThe current testing environment is not configured to support act(...)
The current testing environment is not configured to support act(...)

[90mstderr[2m | client/src/research/ui/admin-shell.test.tsx[2m > [22m[2mResearchAdminShell grouped navigation[2m > [22m[2mcloses an expanded group on Escape and returns focus to its summary
[22m[39mThe current testing environment is not configured to support act(...)
The current testing environment is not configured to support act(...)
The current testing environment is not configured to support act(...)

 [32m✓[39m client/src/research/ui/admin-shell.test.tsx [2m([22m[2m4 tests[22m[2m)[22m[32m 138[2mms[22m[39m
 [32m✓[39m client/src/research/b2b/pathways.test.ts [2m([22m[2m5 tests[22m[2m)[22m[32m 7[2mms[22m[39m
 [32m✓[39m client/src/research/adapters/productAdmin.test.ts [2m([22m[2m3 tests[22m[2m)[22m[32m 32[2mms[22m[39m
 [32m✓[39m client/src/research/lib/api.test.ts [2m([22m[2m9 tests[22m[2m)[22m[32m 27[2mms[22m[39m
 [32m✓[39m client/src/research/pages/member-billing-denial.test.tsx [2m([22m[2m3 tests[22m[2m)[22m[32m 127[2mms[22m[39m
 [32m✓[39m client/src/research/pages/adminx/early-access-payment-approval.test.tsx [2m([22m[2m3 tests[22m[2m)[22m[32m 87[2mms[22m[39m
 [32m✓[39m client/src/research/storefront/entry-intent.test.ts [2m([22m[2m7 tests[22m[2m)[22m[32m 9[2mms[22m[39m
 [32m✓[39m client/src/research/master-offerings/catalogApi.test.ts [2m([22m[2m6 tests[22m[2m)[22m[32m 31[2mms[22m[39m
 [32m✓[39m client/src/research/lib/capabilities.test.ts [2m([22m[2m7 tests[22m[2m)[22m[32m 27[2mms[22m[39m
 [32m✓[39m server/research/affiliates/v2/affiliate-system.test.ts [2m([22m[2m5 tests[22m[2m)[22m[32m 7[2mms[22m[39m
 [32m✓[39m shared/research/fulfillment/customer-status.test.ts [2m([22m[2m4 tests[22m[2m)[22m[32m 8[2mms[22m[39m
 [32m✓[39m shared/research/assisted-order/action-policy.test.ts [2m([22m[2m8 tests[22m[2m)[22m[32m 7[2mms[22m[39m
 [32m✓[39m client/src/research/pages/member/xenios90.test.tsx [2m([22m[2m8 tests[22m[2m)[22m[32m 154[2mms[22m[39m
 [32m✓[39m server/research/early-access/commerce/reservation-store.test.ts [2m([22m[2m5 tests[22m[2m)[22m[32m 7[2mms[22m[39m
 [32m✓[39m client/src/research/adapters/earlyAccessCatalog.test.ts [2m([22m[2m6 tests[22m[2m)[22m[32m 6[2mms[22m[39m
 [32m✓[39m client/src/research/pages/member/commerce-presentation.test.ts [2m([22m[2m14 tests[22m[2m)[22m[32m 12[2mms[22m[39m
 [32m✓[39m shared/research/master-offerings/formulation-hold.test.ts [2m([22m[2m9 tests[22m[2m)[22m[32m 17[2mms[22m[39m
 [32m✓[39m server/research/early-access/cart/supabase-shipping-sla.test.ts [2m([22m[2m8 tests[22m[2m)[22m[32m 8[2mms[22m[39m
[90mstderr[2m | client/src/research/pages/adminx/RequiredInputs.test.tsx[2m > [22m[2mrequired-input admin dashboard[2m > [22m[2mrenders truthful empty register and readiness states
[22m[39mThe current testing environment is not configured to support act(...)
The current testing environment is not configured to support act(...)

[90mstderr[2m | client/src/research/pages/adminx/RequiredInputs.test.tsx[2m > [22m[2mrequired-input admin dashboard[2m > [22m[2mrenders exact first-principles labels and separates software from real inputs
[22m[39mThe current testing environment is not configured to support act(...)
The current testing environment is not configured to support act(...)

[90mstderr[2m | client/src/research/pages/adminx/RequiredInputs.test.tsx[2m > [22m[2mrequired-input admin dashboard[2m > [22m[2moffers a secret configuration name, never a credential value, when entering external configuration
[22m[39mThe current testing environment is not configured to support act(...)
The current testing environment is not configured to support act(...)

 [32m✓[39m client/src/research/pages/adminx/RequiredInputs.test.tsx [2m([22m[2m3 tests[22m[2m)[22m[32m 118[2mms[22m[39m
 [32m✓[39m client/src/research/account/OrganizationDashboard.test.tsx [2m([22m[2m1 test[22m[2m)[22m[32m 62[2mms[22m[39m
 [32m✓[39m server/research/early-access/proof/concurrency.test.ts [2m([22m[2m8 tests[22m[2m)[22m[32m 14[2mms[22m[39m
 [32m✓[39m server/research/early-access/persistence/referral-grant-writer.test.ts [2m([22m[2m12 tests[22m[2m)[22m[32m 11[2mms[22m[39m
 [32m✓[39m shared/research/catalog-display/contract.test.ts [2m([22m[2m6 tests[22m[2m)[22m[32m 7[2mms[22m[39m
 [32m✓[39m client/src/research/adapters/earlyAccessOrder.test.ts [2m([22m[2m11 tests[22m[2m)[22m[32m 6[2mms[22m[39m
 [32m✓[39m client/src/research/adapters/earlyAccessPaymentInstructions.test.ts [2m([22m[2m4 tests[22m[2m)[22m[32m 7[2mms[22m[39m
 [32m✓[39m client/src/research/assisted-order/selection-refresh.test.ts [2m([22m[2m4 tests[22m[2m)[22m[32m 8[2mms[22m[39m
 [32m✓[39m server/research/early-access/persistence/records.test.ts [2m([22m[2m5 tests[22m[2m)[22m[32m 7[2mms[22m[39m
 [32m✓[39m client/src/research/early-access/cart/agreementGate.test.ts [2m([22m[2m9 tests[22m[2m)[22m[32m 7[2mms[22m[39m
 [32m✓[39m client/src/research/pages/member/Products.integration.test.ts [2m([22m[2m2 tests[22m[2m)[22m[32m 65[2mms[22m[39m
 [32m✓[39m client/src/research/pricing/format.test.ts [2m([22m[2m23 tests[22m[2m)[22m[32m 10[2mms[22m[39m
 [32m✓[39m server/research/storefront/composition.test.ts [2m([22m[2m4 tests[22m[2m)[22m[32m 5[2mms[22m[39m
 [32m✓[39m server/research/agreement-package-reconciliation.test.ts [2m([22m[2m4 tests[22m[2m)[22m[32m 8[2mms[22m[39m
 [32m✓[39m client/src/research/account/account-portal-gate.test.tsx [2m([22m[2m2 tests[22m[2m)[22m[32m 64[2mms[22m[39m
 [32m✓[39m client/src/research/b2b/protected-composition.behavior.test.tsx [2m([22m[2m3 tests[22m[2m)[22m[32m 213[2mms[22m[39m
 [32m✓[39m client/src/research/orders/presentation.test.ts [2m([22m[2m6 tests[22m[2m)[22m[32m 26[2mms[22m[39m
 [32m✓[39m server/research/early-access/cart/admin-payment-review.test.ts [2m([22m[2m2 tests[22m[2m)[22m[32m 6[2mms[22m[39m
[90mstderr[2m | client/src/research/ui/shells.test.tsx[2m > [22m[2mresearch shells never nest a second main landmark[2m > [22m[2mResearchMemberShell renders content in a div, not a main
[22m[39mThe current testing environment is not configured to support act(...)
The current testing environment is not configured to support act(...)

[90mstderr[2m | client/src/research/ui/shells.test.tsx[2m > [22m[2mresearch shells never nest a second main landmark[2m > [22m[2mResearchPartnerShell renders content in a div, not a main
[22m[39mThe current testing environment is not configured to support act(...)
The current testing environment is not configured to support act(...)

[90mstderr[2m | client/src/research/ui/shells.test.tsx[2m > [22m[2mresearch shells never nest a second main landmark[2m > [22m[2mResearchAdminShell keeps its own main: /admin/research mounts standalone with no outer layout main to nest inside
[22m[39mThe current testing environment is not configured to support act(...)
The current testing environment is not configured to support act(...)

[90mstderr[2m | client/src/research/ui/shells.test.tsx[2m > [22m[2mresearch shells never nest a second main landmark[2m > [22m[2mResearchPublicShell (and its ResearchAppShell alias) render content in a div, not a main
[22m[39mThe current testing environment is not configured to support act(...)
The current testing environment is not configured to support act(...)

 [32m✓[39m client/src/research/ui/shells.test.tsx [2m([22m[2m4 tests[22m[2m)[22m[32m 97[2mms[22m[39m
 [32m✓[39m server/research/products-diagnostics/supplements.test.ts [2m([22m[2m3 tests[22m[2m)[22m[32m 8[2mms[22m[39m
 [32m✓[39m server/research/kris-launch-a/care-boundary.test.ts [2m([22m[2m3 tests[22m[2m)[22m[32m 11[2mms[22m[39m
 [32m✓[39m client/src/care/prescription-ui.test.ts [2m([22m[2m3 tests[22m[2m)[22m[32m 7[2mms[22m[39m
 [32m✓[39m client/src/care/appointment-ui.test.ts [2m([22m[2m4 tests[22m[2m)[22m[32m 8[2mms[22m[39m
 [32m✓[39m server/api-not-found.test.ts [2m([22m[2m4 tests[22m[2m)[22m[32m 29[2mms[22m[39m
 [32m✓[39m server/research/kris-launch-a/production.test.ts [2m([22m[2m4 tests[22m[2m)[22m[32m 7[2mms[22m[39m
 [32m✓[39m client/src/research/cart-session.test.ts [2m([22m[2m4 tests[22m[2m)[22m[32m 9[2mms[22m[39m
 [32m✓[39m server/research/account-identity/business-buyer-bridge-supabase.test.ts [2m([22m[2m2 tests[22m[2m)[22m[32m 9[2mms[22m[39m
 [32m✓[39m server/research/master-offerings/search.test.ts [2m([22m[2m4 tests[22m[2m)[22m[32m 17[2mms[22m[39m
 [32m✓[39m server/research/account-identity/roman-digital-extension.test.ts [2m([22m[2m4 tests[22m[2m)[22m[32m 5[2mms[22m[39m
 [32m✓[39m server/research/admin-crm-supplier-operations/intake-bridge.test.ts [2m([22m[2m4 tests[22m[2m)[22m[32m 9[2mms[22m[39m
 [32m✓[39m server/research/assisted-order/declared-code-compatibility.test.ts [2m([22m[2m4 tests[22m[2m)[22m[32m 5[2mms[22m[39m
 [32m✓[39m server/research/affiliates/production.test.ts [2m([22m[2m4 tests[22m[2m)[22m[32m 5[2mms[22m[39m
 [32m✓[39m server/research/master-offerings/approved-reconciliation-adapter.test.ts [2m([22m[2m2 tests[22m[2m)[22m[32m 5[2mms[22m[39m
 [32m✓[39m server/research/kris-launch-a/legacy-order-selection.test.ts [2m([22m[2m7 tests[22m[2m)[22m[32m 7[2mms[22m[39m
 [32m✓[39m client/src/research/legacy-member-welcome.test.tsx [2m([22m[2m5 tests[22m[2m)[22m[32m 43[2mms[22m[39m
 [32m✓[39m shared/research/f013-founder-acceptance.test.ts [2m([22m[2m9 tests[22m[2m)[22m[32m 7[2mms[22m[39m
 [32m✓[39m server/research/master-offerings/product-request-adapter.test.ts [2m([22m[2m3 tests[22m[2m)[22m[32m 6[2mms[22m[39m
 [32m✓[39m shared/research/early-access-quantity.test.ts [2m([22m[2m4 tests[22m[2m)[22m[32m 8[2mms[22m[39m
 [32m✓[39m server/research/master-offerings/member-pricing-viewer.test.ts [2m([22m[2m4 tests[22m[2m)[22m[32m 7[2mms[22m[39m
 [32m✓[39m server/research/catalog/v3-catalog-search.test.ts [2m([22m[2m5 tests[22m[2m)[22m[32m 14[2mms[22m[39m
 [32m✓[39m client/src/lib/careers-schema.test.ts [2m([22m[2m9 tests[22m[2m)[22m[32m 8[2mms[22m[39m
 [32m✓[39m server/research/catalog/member-catalog-service.test.ts [2m([22m[2m2 tests[22m[2m)[22m[32m 8[2mms[22m[39m
 [32m✓[39m client/src/pages/EarlyInterest.test.tsx [2m([22m[2m1 test[22m[2m)[22m[32m 67[2mms[22m[39m
 [32m✓[39m server/research/catalog/chunked-ids.test.ts [2m([22m[2m3 tests[22m[2m)[22m[32m 12[2mms[22m[39m
 [32m✓[39m server/research/master-offerings/customer-projection.test.ts [2m([22m[2m3 tests[22m[2m)[22m[32m 7[2mms[22m[39m
 [32m✓[39m server/research/operations/suppliers.test.ts [2m([22m[2m3 tests[22m[2m)[22m[32m 4[2mms[22m[39m
 [32m✓[39m server/research/master-offerings/service.test.ts [2m([22m[2m2 tests[22m[2m)[22m[32m 6[2mms[22m[39m
 [32m✓[39m client/src/care/appointment-landmarks.test.tsx [2m([22m[2m3 tests[22m[2m)[22m[32m 59[2mms[22m[39m
 [32m✓[39m shared/care/paths.test.ts [2m([22m[2m17 tests[22m[2m)[22m[32m 8[2mms[22m[39m
 [32m✓[39m server/research/support-rate-limit.test.ts [2m([22m[2m4 tests[22m[2m)[22m[32m 6[2mms[22m[39m
 [32m✓[39m client/src/research/early-access/cart/cartStore.test.ts [2m([22m[2m5 tests[22m[2m)[22m[32m 9[2mms[22m[39m
 [32m✓[39m server/research/research-email-sender.test.ts [2m([22m[2m3 tests[22m[2m)[22m[32m 7[2mms[22m[39m
 [32m✓[39m client/src/research/pages/adminx/client-imports/ClientImportDryRunSummary.test.tsx [2m([22m[2m1 test[22m[2m)[22m[32m 69[2mms[22m[39m
 [32m✓[39m server/research/early-access/cart/shipment-status.test.ts [2m([22m[2m3 tests[22m[2m)[22m[32m 7[2mms[22m[39m
 [32m✓[39m client/src/research/account-portal/account-portal-policy.test.ts [2m([22m[2m3 tests[22m[2m)[22m[32m 6[2mms[22m[39m
 [32m✓[39m client/src/research/pages/member-ea-entry.test.tsx [2m([22m[2m1 test[22m[2m)[22m[32m 78[2mms[22m[39m
 [32m✓[39m server/research/early-access/commerce/buyer-scoped-pricing.test.ts [2m([22m[2m11 tests[22m[2m)[22m[32m 6[2mms[22m[39m
 [32m✓[39m server/research/commerce/persistence/idempotency-store.test.ts [2m([22m[2m4 tests[22m[2m)[22m[32m 9[2mms[22m[39m
 [32m✓[39m server/research/early-access/cart/f013-quantity-domain.test.ts [2m([22m[2m3 tests[22m[2m)[22m[32m 5[2mms[22m[39m
 [32m✓[39m client/src/research/seo/route-policy.test.ts [2m([22m[2m4 tests[22m[2m)[22m[32m 6[2mms[22m[39m
 [32m✓[39m client/src/research/products-diagnostics/SupportStorageExperience.test.tsx [2m([22m[2m2 tests[22m[2m)[22m[32m 35[2mms[22m[39m
 [32m✓[39m server/research/early-access/orders/member-order-history-wiring.test.ts [2m([22m[2m3 tests[22m[2m)[22m[32m 7[2mms[22m[39m
 [32m✓[39m server/research/rate-limit-identity.test.ts [2m([22m[2m5 tests[22m[2m)[22m[32m 5[2mms[22m[39m
 [32m✓[39m client/src/research/adapters/earlyAccessCheckout.proof.test.ts [2m([22m[2m2 tests[22m[2m)[22m[32m 10[2mms[22m[39m
 [32m✓[39m client/src/research/early-access/cart/instant.test.ts [2m([22m[2m6 tests[22m[2m)[22m[32m 5[2mms[22m[39m
 [32m✓[39m server/research/early-access/cart/shipping-sla-monitor.test.ts [2m([22m[2m2 tests[22m[2m)[22m[32m 5[2mms[22m[39m
 [32m✓[39m client/src/research/account/account-portal-routes.test.ts [2m([22m[2m3 tests[22m[2m)[22m[32m 8[2mms[22m[39m
 [32m✓[39m client/src/care/api.test.ts [2m([22m[2m2 tests[22m[2m)[22m[32m 24[2mms[22m[39m
 [32m✓[39m shared/care/contracts.test.ts [2m([22m[2m3 tests[22m[2m)[22m[32m 5[2mms[22m[39m
 [32m✓[39m server/care/tebra-fallback.test.ts [2m([22m[2m1 test[22m[2m)[22m[32m 4[2mms[22m[39m
 [32m✓[39m server/research/membership-activation/activation-verify-migration.test.ts [2m([22m[2m3 tests[22m[2m)[22m[32m 5[2mms[22m[39m
 [32m✓[39m server/research/assisted-order/audit-observability.test.ts [2m([22m[2m3 tests[22m[2m)[22m[32m 4[2mms[22m[39m
 [32m✓[39m server/care/appointment-readiness.test.ts [2m([22m[2m3 tests[22m[2m)[22m[32m 4[2mms[22m[39m
 [32m✓[39m client/src/lib/calendly-events.test.ts [2m([22m[2m3 tests[22m[2m)[22m[32m 4[2mms[22m[39m
 [32m✓[39m client/src/pages/public-accessibility-regressions.test.ts [2m([22m[2m4 tests[22m[2m)[22m[32m 5[2mms[22m[39m
 [2m[90m↓[39m[22m server/research/commerce/persistence/subscription-transition-migration.test.ts [2m([22m[2m3 tests[22m[2m | [22m[33m3 skipped[39m[2m)[22m
 [32m✓[39m client/src/research/mobile-pointer-targets.test.ts [2m([22m[2m3 tests[22m[2m)[22m[32m 4[2mms[22m[39m
 [32m✓[39m client/src/pages/Admin.robots.test.tsx [2m([22m[2m1 test[22m[2m)[22m[32m 214[2mms[22m[39m
 [32m✓[39m client/src/research/kris-launch-a/api-parity.test.ts [2m([22m[2m3 tests[22m[2m)[22m[32m 4[2mms[22m[39m
 [32m✓[39m server/research/account-identity/b2b-pricing-authority.test.ts [2m([22m[2m8 tests[22m[2m)[22m[32m 26[2mms[22m[39m
 [32m✓[39m client/src/research/operations/OperationsCommandCenter.test.tsx [2m([22m[2m3 tests[22m[2m)[22m[32m 13[2mms[22m[39m
 [32m✓[39m client/src/research/quality/routes.test.ts [2m([22m[2m3 tests[22m[2m)[22m[32m 5[2mms[22m[39m
 [32m✓[39m server/marketing-attribution-boundary.test.ts [2m([22m[2m2 tests[22m[2m)[22m[32m 5[2mms[22m[39m
 [32m✓[39m client/src/research/early-access/cart/EarlyAccessCartPanel.quantity.test.tsx [2m([22m[2m2 tests[22m[2m)[22m[32m 29[2mms[22m[39m
 [32m✓[39m client/src/research/products-diagnostics/ProductRequestExperience.test.tsx [2m([22m[2m2 tests[22m[2m)[22m[32m 35[2mms[22m[39m
 [32m✓[39m client/src/research/adapters/earlyAccessCheckout.test.ts [2m([22m[2m2 tests[22m[2m)[22m[32m 26[2mms[22m[39m
 [32m✓[39m client/src/research/early-access/cart/cart-safety.test.ts [2m([22m[2m3 tests[22m[2m)[22m[32m 4[2mms[22m[39m
 [32m✓[39m server/research/account-identity/business-buyer-bridge-sql.test.ts [2m([22m[2m3 tests[22m[2m)[22m[32m 5[2mms[22m[39m
 [32m✓[39m client/src/App.routes.test.ts [2m([22m[2m3 tests[22m[2m)[22m[32m 5[2mms[22m[39m
 [32m✓[39m server/research/account-identity/roman-health-activation-input.test.ts [2m([22m[2m2 tests[22m[2m)[22m[32m 6[2mms[22m[39m
 [32m✓[39m shared/marketing-attribution.test.ts [2m([22m[2m7 tests[22m[2m)[22m[32m 4[2mms[22m[39m
 [32m✓[39m server/research/catalog/v3-supplement-catalog.test.ts [2m([22m[2m4 tests[22m[2m)[22m[32m 16[2mms[22m[39m
 [32m✓[39m client/src/pages/not-found.test.tsx [2m([22m[2m1 test[22m[2m)[22m[32m 130[2mms[22m[39m
 [32m✓[39m server/research/catalog/v3-product-seo.test.ts [2m([22m[2m4 tests[22m[2m)[22m[32m 9[2mms[22m[39m
 [32m✓[39m server/research/buyer-commerce/communications.test.ts [2m([22m[2m2 tests[22m[2m)[22m[32m 5[2mms[22m[39m
 [32m✓[39m client/src/lib/motion.test.ts [2m([22m[2m4 tests[22m[2m)[22m[32m 7[2mms[22m[39m
 [32m✓[39m client/src/research/adapters/memberCatalogApi.test.ts [2m([22m[2m1 test[22m[2m)[22m[32m 22[2mms[22m[39m
 [32m✓[39m server/research/operations/commercial.test.ts [2m([22m[2m4 tests[22m[2m)[22m[32m 5[2mms[22m[39m
 [32m✓[39m server/research/account-identity/challenge.test.ts [2m([22m[2m2 tests[22m[2m)[22m[32m 6[2mms[22m[39m
 [32m✓[39m client/src/research/buyer-commerce/bulk-parser.test.ts [2m([22m[2m3 tests[22m[2m)[22m[32m 6[2mms[22m[39m
 [32m✓[39m client/src/research/b2b/protected-composition.test.ts [2m([22m[2m1 test[22m[2m)[22m[32m 4[2mms[22m[39m
 [32m✓[39m client/src/research/lib/fixtures.test.ts [2m([22m[2m2 tests[22m[2m)[22m[32m 5[2mms[22m[39m
 [32m✓[39m server/care/capability.test.ts [2m([22m[2m3 tests[22m[2m)[22m[32m 4[2mms[22m[39m
 [32m✓[39m client/src/research/assisted-order/assisted-order-accessibility.test.ts [2m([22m[2m1 test[22m[2m)[22m[32m 3[2mms[22m[39m
 [32m✓[39m client/src/research/assisted-order/customer-safe-errors.test.ts [2m([22m[2m2 tests[22m[2m)[22m[32m 5[2mms[22m[39m
 [32m✓[39m server/research/early-access/cart/supabase-shipment-events.test.ts [2m([22m[2m1 test[22m[2m)[22m[32m 5[2mms[22m[39m
 [32m✓[39m client/src/research/buyer-commerce/useBuyerDraft.test.ts [2m([22m[2m3 tests[22m[2m)[22m[32m 6[2mms[22m[39m
 [32m✓[39m server/research/early-access/cart/supabase-admin-payment-review.test.ts [2m([22m[2m1 test[22m[2m)[22m[32m 4[2mms[22m[39m
 [32m✓[39m client/src/research/adapters/adminCrmSupplierOperations.test.ts [2m([22m[2m2 tests[22m[2m)[22m[32m 5[2mms[22m[39m
 [32m✓[39m client/src/research/early-access/cart/history.test.ts [2m([22m[2m2 tests[22m[2m)[22m[32m 12[2mms[22m[39m
 [32m✓[39m client/src/research/pages/adminx/AdminResearchHome.responsive.test.ts [2m([22m[2m1 test[22m[2m)[22m[32m 3[2mms[22m[39m

[2m Test Files [22m [1m[32m803 passed[39m[22m[2m | [22m[33m4 skipped[39m[90m (807)[39m
[2m      Tests [22m [1m[32m12049 passed[39m[22m[2m | [22m[33m43 skipped[39m[90m (12092)[39m
[2m   Start at [22m 16:46:49
[2m   Duration [22m 469.08s[2m (transform 23.01s, setup 0ms, import 109.46s, tests 139.70s, environment 105.31s)[22m

